FID,cdo_1,twoway,bollardpro,Shape_Leng,Shape_Le_1,Shape__Len
0,SegregatedCycleLane,0,1,0.08959523,89.59523455,149.8049291
1,SegregatedCycleLane,1,1,0.26189171,261.8917071,437.7766056
2,SegregatedCycleLane,0,1,0.08504467,85.0446746,142.1633853
3,SegregatedCycleLane,0,1,0.32541166,325.4116647,544.0398725
4,SegregatedCycleLane,0,1,0.12866643,128.6664324,215.078919
5,SegregatedCycleLane,1,1,0.47025056,470.25056,786.0674192
6,SegregatedCycleLane,1,1,0.13332145,133.3214478,222.8594025
7,SegregatedCycleLane,1,1,0.10488936,104.8893595,175.3306812
8,SegregatedCycleLane,1,1,0.07138392,71.38391982,119.3258729
9,SegregatedCycleLane,0,0,0.07226623,72.26622862,120.8010798
10,SegregatedCycleLane,0,0,0.10815868,108.1586778,180.7995237
11,SegregatedCycleLane,0,0,0.23208283,232.0828327,387.966731
12,SegregatedCycleLane,0,1,0.06341743,63.41742962,106.0484713
13,SegregatedCycleLane,0,1,0.70199629,701.9962917,1173.470037
14,SegregatedCycleLane,0,1,0.08639206,86.39205897,144.5414743
15,SegregatedCycleLane,1,1,0.03945951,39.45950767,66.01035695
16,SegregatedCycleLane,0,1,0.2872457,287.2457006,480.3933851
17,SegregatedCycleLane,0,1,0.08462822,84.62822474,141.5227937
18,SegregatedCycleLane,0,1,0.06886022,68.86022144,115.1626995
19,SegregatedCycleLane,0,1,0.13196134,131.9613428,220.6896333
20,SegregatedCycleLane,0,1,0.07274805,72.74805199,121.6664868
21,Shared Foot and Cycle Path Road Adjacent,0,0,0.35883404,358.8340358,600.262452
22,SegregatedCycleLane,0,1,0.12620583,126.2058297,210.9783144
23,SegregatedCycleLane,0,1,0.08173185,81.73185481,136.8792766
24,SignedRoute,1,1,0.3475145,347.5145012,582.2031819
25,SegregatedCycleLane,0,1,0.23989011,239.8901113,401.0618865
26,SegregatedCycleLane,0,1,0.11933555,119.3355529,199.5035349
27,SegregatedCycleLane,0,1,0.01623046,16.23046293,27.1305889
28,SegregatedCycleLane,1,1,0.06417553,64.1755295,107.4969926
29,SegregatedCycleLane,0,1,0.15911332,159.113324,265.9807431
30,SegregatedCycleLane,0,1,0.30499993,304.9999308,509.879034
31,SegregatedCycleLane,0,1,0.16951609,169.5160873,283.9576012
32,SegregatedCycleLane,0,1,0.29102223,291.0222307,487.2770944
33,SegregatedCycleLane,0,1,0.07661359,76.61358706,128.3270777
34,SegregatedCycleLane,0,1,0.06846437,68.46437145,114.6674659
35,SegregatedCycleLane,0,1,0.11252572,112.5257166,188.4782631
36,SegregatedCycleLane,0,1,0.07053365,70.53364893,118.1093522
37,SegregatedCycleLane,0,1,0.1966699,196.669905,329.4271116
38,SegregatedCycleLane,0,1,0.07941631,79.41630615,133.0107139
39,SegregatedCycleLane,0,1,0.09146562,91.46561735,153.179777
40,SegregatedCycleLane,0,1,0.45645868,456.4586834,764.3894994
41,SegregatedCycleLane,0,1,0.10297792,102.977916,172.4823198
42,SegregatedCycleLane,0,1,0.18012742,180.1274214,301.7390889
43,SegregatedCycleLane,0,1,0.15272242,152.7224212,255.8299583
44,SegregatedCycleLane,0,1,0.12545247,125.452466,210.1388999
45,SegregatedCycleLane,0,1,0.12520061,125.2006098,209.7450277
46,SegregatedCycleLane,0,1,0.16723241,167.2324087,280.1713904
47,SegregatedCycleLane,0,1,0.1812672,181.2671964,303.6774997
48,SegregatedCycleLane,0,1,0.23957704,239.5770356,401.268439
49,SegregatedCycleLane,0,1,2.00958571,2009.585713,3362.512807
50,SegregatedCycleLane,0,1,0.19192675,191.9267468,320.9857215
51,SegregatedCycleLane,1,0,0.70444155,704.4415486,1177.533354
52,SegregatedCycleLane,1,0,0.682988,682.9879979,1141.733331
53,SegregatedCycleLane,0,1,0.313575,313.5749957,524.264114
54,SegregatedCycleLane,0,0,0.36265872,362.6587231,606.22696
55,TrafficFree,1,0,0.74121851,741.2185094,1241.472374
56,SegregatedCycleLane,0,0,0.08019273,80.19272745,134.417171
57,SegregatedCycleLane,0,0,0.12408012,124.0801195,207.9973952
58,SegregatedCycleLane,0,0,0.19076988,190.7698768,319.7367495
59,SegregatedCycleLane,0,0,0.88899604,888.9960392,1488.234794
60,SegregatedCycleLane,0,0,0.90158735,901.5873517,1509.336166
61,SegregatedCycleLane,0,1,0.26512814,265.1281405,444.3210196
62,SegregatedCycleLane,0,1,0.18661719,186.6171922,312.7061403
63,SegregatedCycleLane,0,1,0.23296126,232.9612633,390.3492929
64,SegregatedCycleLane,0,1,0.15512455,155.1245466,259.8711631
65,SegregatedCycleLane,0,1,0.06323896,63.23896492,105.9036803
66,SegregatedCycleLane,0,1,0.03635079,36.35079241,60.87287065
67,SegregatedCycleLane,0,1,0.04579743,45.79743288,76.65824087
68,Footway level Cycle Track,0,0,0.30179869,301.7986869,505.9448988
69,SegregatedCycleLane,0,0,0.06921516,69.21516242,115.864668
70,Footway level Cycle Track,0,0,0.04875901,48.75901079,81.61587097
71,Footway level Cycle Track,0,0,0.02854644,28.546445,47.86985225
72,SegregatedCycleLane,0,0,0.11169683,111.6968282,186.6767628
73,SegregatedCycleLane,0,0,0.23908101,239.0810112,400.0860749
74,Footway level Cycle Track,0,0,0.06140649,61.40648927,102.7410844
75,SegregatedCycleLane,0,0,0.24095432,240.9543155,403.0070017
76,Footway level Cycle Track,0,0,0.02825839,28.25839463,47.388427
77,Footway level Cycle Track,0,0,0.12794271,127.9427076,214.0034724
78,Footway level Cycle Track,0,0,0.05579833,55.79832962,93.49738513
79,Footway level Cycle Track,0,0,0.1015102,101.5102005,170.0442315
80,Footway level Cycle Track,0,0,0.09421271,94.21271009,157.6006044
81,Footway level Cycle Track,0,0,0.19472553,194.7255649,326.0736357
82,Footway level Cycle Track,0,0,0.02738035,27.38035034,45.80193101
83,Footway level Cycle Track,0,0,0.02596253,25.96253289,43.53793703
84,Footway level Cycle Track,0,0,0.05863698,58.63698351,98.08849153
85,SegregatedCycleLane,0,0,0.24533789,245.3378934,410.3918285
86,SegregatedCycleLane,0,0,0.07621598,76.21598258,127.4781768
87,SegregatedCycleLane,0,0,0.31257999,312.579992,522.9448613
88,SegregatedCycleLane,0,0,0.19524681,195.2468132,326.7573976
89,Footway level Cycle Track,0,0,0.0945356,94.535605,158.3192564
90,SegregatedCycleLane,0,0,0.28838297,288.382968,482.7732209
91,SegregatedCycleLane,1,0,0.04818247,48.18247223,80.58710973
92,SignedRoute,0,0,0.51438666,514.3866607,862.4536719
93,Footway level Cycle Track,0,0,0.109276,109.2760004,183.1592189
94,Footway level Cycle Track,0,0,0.00892924,8.929237371,14.94536508
95,SegregatedCycleLane,1,0,0.11659118,116.591178,195.2442743
96,SegregatedCycleLane,1,0,0.11317522,113.1752191,189.4898883
97,Footway level Cycle Track,0,0,0.24079946,240.7994616,403.5868822
98,SegregatedCycleLane,0,0,0.32201816,322.0181576,539.12032
99,Footway level Cycle Track,0,0,0.14661193,146.6119301,245.6004549
100,SegregatedCycleLane,1,0,0.02644891,26.4489083,44.29863805
101,SegregatedCycleLane,1,0,0.05607852,56.07851919,93.74956263
102,Footway level Cycle Track,0,0,0.02367223,23.67222941,39.69584113
103,Footway level Cycle Track,0,0,0.23643961,236.4396148,396.4087249
104,Footway level Cycle Track,0,0,0.10576443,105.7644279,177.0778765
105,Footway level Cycle Track,0,0,0.04018867,40.18867263,67.38901151
106,Footway level Cycle Track,0,0,0.01331429,13.31428959,22.3341141
107,Footway level Cycle Track,0,0,0.04160685,41.60682311,69.77769588
108,TrafficFree,1,0,0.03255764,32.55764119,54.42969225
109,TrafficFree,1,0,0.00538516,5.385164807,9.024193506
110,TrafficFree,1,0,0.12907617,129.0761691,215.8221523
111,TrafficFree,1,0,0.03470943,34.70942815,58.05358942
112,Footway level Cycle Track,0,0,0.07526831,75.26830504,126.11797
113,Footway level Cycle Track,0,0,0.78351296,783.5129577,1311.479281
114,TrafficFree,1,0,0.06466065,64.66065264,108.2054117
115,TrafficFree,1,0,0.029,29,48.5068754
116,TrafficFree,1,0,0.03052868,30.52867504,51.11000702
117,TrafficFree,1,0,0.00943398,9.433981132,15.79314831
118,Footway level Cycle Track,0,0,0.07903665,79.03664685,132.4153919
119,TrafficFree,1,0,0.02814393,28.14392992,47.15728068
120,TrafficFree,1,0,0.00412311,4.123105626,6.910386748
121,TrafficFree,1,0,0.04468781,44.68780594,74.83614855
122,Footway level Cycle Track,0,0,0.33967338,339.6733786,569.7456522
123,TrafficFree,1,0,0.05492742,54.92741536,92.04289094
124,Footway level Cycle Track,0,0,0.70242818,702.4281756,1175.231077
125,TrafficFree,1,0,0.06935416,69.35416354,116.249806
126,TrafficFree,1,0,0.40752665,407.5266521,681.730397
127,Footway level Cycle Track,0,0,0.23262926,232.6292794,389.4335255
128,TrafficFree,1,0,0.08204221,82.04221023,137.4522194
129,TrafficFree,1,0,0.02531798,25.3179778,42.43727755
130,TrafficFree,1,0,0.18375031,183.7503145,307.9925598
131,TrafficFree,1,0,0.05217279,52.17278984,87.48858224
132,SegregatedCycleLane,0,1,1.15727324,1157.273238,1936.744006
133,TrafficFree,1,0,0.06789698,67.89698079,113.8634574
134,TrafficFree,1,0,0.01236932,12.36931688,20.6988926
135,TrafficFree,1,0,0.41992797,419.9279669,702.8792103
136,TrafficFree,1,0,0.03962199,39.62198619,66.37647514
137,TrafficFree,1,0,0.04234075,42.34075192,70.86794277
138,TrafficFree,1,0,0.02118034,21.18033989,35.48698
139,TrafficFree,1,0,0.09861015,98.61014615,164.9029854
140,TrafficFree,1,0,0.17783771,177.8377117,297.3809592
141,TrafficFree,1,0,0.20013496,200.1349619,334.5333427
142,TrafficFree,1,0,0.03677816,36.77815978,61.52576437
143,TrafficFree,1,0,0.01708801,17.08800749,28.64347017
144,TrafficFree,1,0,0.0254951,25.49509757,42.71686864
145,TrafficFree,1,0,0.03757659,37.57658846,62.87373285
146,TrafficFree,1,0,0.09652839,96.52839434,161.5827025
147,TrafficFree,1,0,0.07102112,71.02112362,119.1032097
148,TrafficFree,1,0,0.05916925,59.16924877,99.12752476
149,TrafficFree,1,0,0.56997583,569.9758301,954.1212675
150,Footway level Cycle Track,0,0,0.04077702,40.77701721,68.17167449
151,TrafficFree,1,0,0.10952954,109.5295443,183.4913578
152,TrafficFree,1,0,0.11648823,116.4882321,195.1491992
153,TrafficFree,1,0,0.65469203,654.6920342,1095.495425
154,TrafficFree,1,0,0.15698408,156.9840756,262.8576966
155,TrafficFree,1,0,0.01104536,11.04536102,18.52181311
156,TrafficFree,1,0,0.05917722,59.17721738,99.01565601
157,TrafficFree,1,0,0.14263069,142.6306894,238.6990178
158,TrafficFree,1,0,0.36996358,369.9635805,618.5343969
159,TrafficFree,1,0,0.0956404,95.64039581,160.1009461
160,TrafficFree,1,0,0.01264911,12.64911064,21.16189737
161,TrafficFree,1,0,0.28429231,284.2923061,475.8035458
162,TrafficFree,1,0,0.01044031,10.44030651,17.46348825
163,TrafficFree,1,0,0.13830701,138.3070107,231.1845196
164,TrafficFree,1,0,0.20667286,206.6728602,346.1674996
165,TrafficFree,1,0,0.03569531,35.69530844,59.71152731
166,TrafficFree,1,0,0.07276944,72.76944016,121.817301
167,TrafficFree,1,0,0.04063613,40.63613451,68.14114897
168,TrafficFree,1,0,0.05967906,59.67905631,99.85341056
169,TrafficFree,1,0,0.08093887,80.93887201,135.7167267
170,TrafficFree,1,0,0.0150333,15.03329638,25.21215343
171,TrafficFree,1,0,0.0130384,13.03840481,21.80433489
172,TrafficFree,1,0,0.03071603,30.71603438,51.34276609
173,TrafficFree,1,0,0.02973214,29.73213749,49.67835467
174,TrafficFree,1,0,0.05515433,55.15432893,92.36602849
175,TrafficFree,1,0,0.32386126,323.8612639,541.5981169
176,Footway level Cycle Track,0,0,0.33801187,338.0118389,565.5283833
177,TrafficFree,1,0,0.01552417,15.5241747,26.01803128
178,TrafficFree,1,0,0.02024846,20.24845673,33.83059707
179,TrafficFree,1,0,0.01476482,14.76482306,24.7484885
180,SegregatedCycleLane,0,1,1.64726406,1647.264055,2756.201736
181,TrafficFree,1,0,0.02284732,22.84731932,38.30256975
182,TrafficFree,1,0,0.04853999,48.54004364,81.18559518
183,TrafficFree,1,0,0.02923382,29.2338181,48.97671764
184,TrafficFree,1,0,0.01702939,17.02938637,28.53505045
185,TrafficFree,1,0,0.19365749,193.6574889,324.3193228
186,TrafficFree,1,0,0.02061553,20.61552813,34.49390027
187,TrafficFree,1,0,0.00894427,8.94427191,14.9651458
188,TrafficFree,1,0,0.07818568,78.18567644,130.9887885
189,TrafficFree,1,0,0.16576995,165.7699546,277.1747318
190,TrafficFree,1,0,0.08746275,87.46274713,146.4021612
191,TrafficFree,1,0,0.01019804,10.19803903,17.07308397
192,TrafficFree,1,0,0.06926484,69.26484259,116.1099111
193,TrafficFree,1,0,0.15728023,157.2802273,263.7117697
194,TrafficFree,1,0,0.04964877,49.64876635,83.00039889
195,TrafficFree,1,0,0.05303772,53.03772242,88.70147807
196,TrafficFree,1,0,0.0286531,28.65309756,48.00569539
197,TrafficFree,1,0,0.0601415,60.14149982,100.7070487
198,TrafficFree,1,0,0.10171957,101.719571,170.0253076
199,TrafficFree,1,0,0.01421267,14.2126704,23.79863962
200,TrafficFree,1,0,0.02705868,27.05868476,45.31502408
201,TrafficFree,1,0,0.04998647,49.98647021,83.63004084
202,TrafficFree,1,0,1.23238127,1232.381268,2061.405968
203,TrafficFree,1,0,0.33860233,338.6023291,566.4348846
204,TrafficFree,1,0,0.10570627,105.7062733,177.1427986
205,TrafficFree,1,0,0.02915476,29.15475947,48.85402475
206,TrafficFree,1,0,0.03522783,35.22782991,58.91690708
207,TrafficFree,1,0,0.05601417,56.01417167,93.71732506
208,TrafficFree,1,0,0.01612452,16.1245155,26.97440229
209,TrafficFree,1,0,0.06282518,62.82518232,105.3051757
210,TrafficFree,1,0,0.00761577,7.615773106,12.74628103
211,TrafficFree,1,0,0.05803447,58.03447251,97.17296004
212,TrafficFree,1,0,0.012,12,20.10723772
213,TrafficFree,1,0,0.03140064,31.40063694,52.61094764
214,TrafficFree,1,0,0.02692582,26.92582404,45.12895227
215,TrafficFree,1,0,0.07297345,72.97345479,122.1446118
216,TrafficFree,1,0,0.22338939,223.3893871,373.4662253
217,Footway level Cycle Track,0,0,0.08010602,80.10602346,134.2239388
218,TrafficFree,1,0,0.09884451,98.84451234,165.2477958
219,TrafficFree,1,0,0.10794589,107.9458925,180.5787035
220,TrafficFree,1,0,0.00583095,5.830951895,9.762567858
221,TrafficFree,1,0,0.08440296,84.40295816,141.4150368
222,TrafficFree,1,0,0.02544031,25.44030651,42.49525508
223,TrafficFree,1,0,0.03642349,36.4234865,60.87466594
224,Painted Cycle Lane,0,0,0.06930336,69.30335533,116.0336113
225,TrafficFree,1,0,0.01941649,19.41648784,32.45788842
226,TrafficFree,1,0,0.09850888,98.50888285,165.0562329
227,TrafficFree,1,0,0.02042128,20.42128469,34.16280675
228,TrafficFree,1,0,0.03932408,39.32408296,65.79867118
229,TrafficFree,1,0,0.29622651,296.2265123,496.4000611
230,TrafficFree,1,0,0.02874717,28.74717008,48.08103945
231,TrafficFree,1,0,0.03956008,39.56008089,66.26340486
232,TrafficFree,1,0,0.54619431,546.1943127,912.7108234
233,TrafficFree,1,0,0.04505267,45.05267156,75.38791018
234,TrafficFree,1,0,0.03026549,30.2654919,50.75590595
235,TrafficFree,1,0,0.07031516,70.31516266,117.7471769
236,TrafficFree,1,0,0.04840477,48.40477056,81.14533298
237,TrafficFree,1,0,0.01360147,13.60147051,22.76264453
238,TrafficFree,1,0,0.16224298,162.2429767,271.3806029
239,TrafficFree,1,0,0.06648308,66.48308055,111.3404623
240,TrafficFree,1,0,0.0245153,24.51530134,40.95026648
241,TrafficFree,1,0,0.33248393,332.4839252,555.9271908
242,TrafficFree,1,0,0.07071068,70.71067812,118.5857766
243,TrafficFree,1,0,0.02973244,29.73244464,49.79343961
244,TrafficFree,1,0,0.06019452,60.19452487,100.8872581
245,TrafficFree,1,0,0.01345362,13.45362405,22.53416912
246,TrafficFree,1,0,0.14224084,142.2408376,238.0262889
247,TrafficFree,1,0,0.56352796,563.5279649,942.8437218
248,TrafficFree,1,0,0.02624881,26.2488095,44.00089376
249,TrafficFree,1,0,0.03162278,31.6227766,52.91905391
250,TrafficFree,1,0,0.07247194,72.47194296,121.1683824
251,TrafficFree,1,0,0.56611861,566.1186146,947.1440274
252,TrafficFree,1,0,0.10779157,107.7915665,180.6568686
253,TrafficFree,1,0,0.17645401,176.4540123,295.4348188
254,TrafficFree,1,0,0.10073099,100.7309903,168.8489788
255,TrafficFree,1,0,0.21995985,219.9598454,367.9647272
256,TrafficFree,1,0,0.06419213,64.19212572,107.427739
257,TrafficFree,1,0,0.66609379,666.0937932,1114.343309
258,TrafficFree,1,0,0.0180156,18.01559566,30.11391427
259,TrafficFree,1,0,0.71313594,713.1359372,1192.270045
260,TrafficFree,1,0,0.59214454,592.1445355,990.4719516
261,TrafficFree,1,0,0.03354102,33.54101966,56.02541957
262,TrafficFree,1,0,0.04447885,44.47885147,74.48711611
263,TrafficFree,1,0,0.12079129,120.7912892,202.188952
264,TrafficFree,1,0,0.03535534,35.35533906,59.10547903
265,TrafficFree,1,0,0.01676305,16.76305461,28.09170766
266,TrafficFree,1,0,0.10228618,102.2861818,170.9253342
267,TrafficFree,1,0,0.92121883,921.2187967,1541.836594
268,TrafficFree,1,0,1.86686938,1866.869383,3124.143772
269,TrafficFree,1,0,0.02820773,28.20773281,47.27401814
270,TrafficFree,1,0,0.01756022,17.56021978,29.40240869
271,TrafficFree,1,0,0.42931602,429.3160156,718.1936744
272,TrafficFree,1,0,1.46182175,1461.821745,2443.086799
273,TrafficFree,1,0,0.07127333,71.27333174,119.3796606
274,TrafficFree,1,0,0.07638257,76.38256505,127.9737781
275,TrafficFree,1,0,0.03498571,34.98571137,58.57226428
276,TrafficFree,1,0,0.10792543,107.9254338,180.3822359
277,TrafficFree,1,0,0.0476754,47.6753989,79.88600604
278,TrafficFree,1,0,0.06920158,69.20158358,115.8976104
279,TrafficFree,1,0,0.10019052,100.1905236,167.7192269
280,TrafficFree,1,0,0.15906104,159.0610412,266.3008994
281,TrafficFree,1,0,0.07156773,71.56773408,119.6380421
282,TrafficFree,1,0,0.39961151,399.611512,668.1708097
283,TrafficFree,1,0,0.39248564,392.4856412,657.9648123
284,TrafficFree,1,0,0.05908609,59.08609487,98.95523366
285,TrafficFree,1,0,0.07030728,70.30728051,117.8373159
286,TrafficFree,1,0,0.05961543,59.61543424,99.67408447
287,TrafficFree,1,0,0.13502492,135.0249249,226.109631
288,TrafficFree,1,0,0.01392839,13.92838828,23.34180661
289,TrafficFree,1,0,0.04110961,41.10960958,68.73560547
290,TrafficFree,1,0,0.04433761,44.33760507,74.20969634
291,TrafficFree,1,0,0.11208962,112.0896189,187.6689667
292,TrafficFree,1,0,0.18127678,181.2767751,303.4745654
293,TrafficFree,1,0,0.02344335,23.44334883,39.24652095
294,TrafficFree,1,0,0.02308679,23.08679276,38.68412997
295,TrafficFree,1,0,0.03324154,33.24154028,55.69856071
296,TrafficFree,1,0,0.04528128,45.28128497,75.7186384
297,TrafficFree,1,0,0.01587251,15.87250742,26.59794495
298,TrafficFree,1,0,0.30865632,308.6563192,516.9295053
299,TrafficFree,1,0,0.08039767,80.39767227,134.8062127
300,TrafficFree,1,0,0.12846658,128.4665847,214.9018703
301,TrafficFree,1,0,0.23988173,239.8817337,401.427128
302,TrafficFree,1,0,0.09758074,97.5807358,163.3908468
303,TrafficFree,1,0,0.0274792,27.47919732,45.93757282
304,TrafficFree,1,0,0.07006815,70.06814664,117.1713038
305,TrafficFree,1,0,0.09342659,93.42658569,156.3988744
306,TrafficFree,1,0,0.12633284,126.3328367,211.4558142
307,TrafficFree,1,0,0.14938252,149.3825194,249.9861148
308,TrafficFree,1,0,0.03894054,38.94053988,65.18355581
309,TrafficFree,1,0,0.10796677,107.9667736,180.9395482
310,TrafficFree,1,0,0.32274994,322.7499373,539.5453647
311,TrafficFree,1,0,0.02,20,33.47288751
312,TrafficFree,1,0,0.01220656,12.20655562,20.44342144
313,TrafficFree,1,0,0.11226102,112.261023,187.9346311
314,TrafficFree,1,0,0.01456022,14.56021978,24.3637
315,TrafficFree,1,0,0.07,70,117.0856059
316,TrafficFree,1,0,0.03842011,38.42010728,64.337637
317,TrafficFree,1,0,0.03106445,31.06444913,51.92758943
318,TrafficFree,1,0,0.04761405,47.61405097,79.72488895
319,TrafficFree,1,0,0.00728011,7.280109889,12.20181823
320,TrafficFree,1,0,0.01273506,12.73505726,21.28796356
321,TrafficFree,1,0,0.03252965,32.52964612,54.42792704
322,TrafficFree,1,0,0.12578204,125.782039,210.4789496
323,TrafficFree,1,0,0.06276036,62.76036198,104.9056982
324,TrafficFree,1,0,0.02635942,26.35941564,44.13068803
325,TrafficFree,1,0,0.06894926,68.9492567,115.4740145
326,TrafficFree,1,0,0.022,22,36.83296781
327,Footway level Cycle Track,0,0,0.02943164,29.43164396,49.29373315
328,Footway level Cycle Track,0,0,0.01785646,17.8564635,29.92080957
329,Footway level Cycle Track,0,0,0.05627703,56.27703009,94.29799015
330,Footway level Cycle Track,0,0,0.04186346,41.8634577,70.13490163
331,SegregatedCycleLane,1,0,0.48452604,484.5260423,810.7495877
332,SegregatedCycleLane,1,0,0.26333644,263.3364441,440.0374475
333,TrafficFree,1,0,0.05907622,59.07622195,98.82139443
334,TrafficFree,1,0,0.11414214,114.1421416,191.3739091
335,TrafficFree,1,0,0.07472536,74.72536389,125.1611144
336,SegregatedCycleLane,1,0,0.51747051,517.470513,864.9358638
337,TrafficFree,1,0,0.04091331,40.91330694,68.34521185
338,TrafficFree,1,0,0.06491,64.90999731,108.7213238
339,TrafficFree,1,0,0.01252996,12.52996409,20.99935677
340,TrafficFree,1,0,0.02828427,28.28427125,47.32127651
341,TrafficFree,1,0,0.03428127,34.28127458,57.44035252
342,TrafficFree,1,0,0.04476161,44.76160725,74.82889588
343,TrafficFree,1,0,0.04894882,48.94881731,81.77805077
344,TrafficFree,1,0,0.02118962,21.1896201,35.50357614
345,TrafficFree,1,0,0.01529706,15.29705854,25.59372123
346,TrafficFree,1,0,0.0351141,35.11409973,58.87261958
347,Footway level Cycle Track,0,0,0.021394,21.39399948,35.84720856
348,TrafficFree,1,0,0.03036445,30.3644529,50.88729945
349,TrafficFree,1,0,0.1401614,140.1614024,234.4444406
350,TrafficFree,1,0,0.07026379,70.26378868,117.5350983
351,TrafficFree,1,0,0.12625709,126.2570881,211.403575
352,TrafficFree,1,0,0.07255027,72.55026914,121.3044479
353,TrafficFree,1,0,0.25250128,252.5012777,422.6830525
354,TrafficFree,1,0,0.00806226,8.062257748,13.52069455
355,Footway level Cycle Track,0,0,0.08368796,83.68795618,139.9938142
356,TrafficFree,1,0,0.04031129,40.31128874,67.55021638
357,TrafficFree,1,0,0.08672548,86.72548386,145.1104874
358,TrafficFree,1,0,0.3936456,393.645603,657.8684464
359,TrafficFree,1,0,0.11827088,118.2708755,198.175047
360,TrafficFree,1,0,0.03306055,33.06055051,55.27627891
361,TrafficFree,1,0,0.14305637,143.0563718,239.7730256
362,TrafficFree,1,0,0.77977445,779.7744521,1303.138266
363,TrafficFree,1,0,0.79607605,796.0760538,1331.603774
364,TrafficFree,1,0,0.07373602,73.73601562,123.4853405
365,TrafficFree,1,0,0.0220319,22.03190006,36.90395069
366,TrafficFree,1,0,0.07830483,78.30482553,130.9889054
367,TrafficFree,1,0,0.05636743,56.36742988,94.31729826
368,TrafficFree,1,0,0.14612075,146.1207454,244.4472911
369,TrafficFree,1,0,0.01802776,18.02775638,30.16335072
370,TrafficFree,1,0,0.02418677,24.18677324,40.526116
371,TrafficFree,1,0,0.03911521,39.11521443,65.54086241
372,TrafficFree,1,0,0.07129914,71.29913835,119.2191885
373,TrafficFree,1,0,0.02060618,20.6061757,34.50565312
374,TrafficFree,1,0,0.07616322,76.16321619,127.5778099
375,TrafficFree,1,0,0.13042657,130.4265731,218.2736212
376,Footway level Cycle Track,0,0,0.66666103,666.6610259,1116.143593
377,TrafficFree,1,0,0.34317279,343.1727914,573.7437476
378,TrafficFree,1,0,0.11767467,117.6746733,197.1847435
379,TrafficFree,1,0,0.04567676,45.67676065,76.52445993
380,TrafficFree,1,0,0.05348832,53.48831648,89.58123541
381,TrafficFree,1,0,0.40999405,409.9940519,685.7623917
382,TrafficFree,1,0,0.02202272,22.02271555,36.93172056
383,TrafficFree,1,0,0.55685131,556.8513106,931.5788955
384,TrafficFree,1,0,0.08099383,80.99382693,135.6508046
385,TrafficFree,1,0,0.23489498,234.8949815,392.6392129
386,TrafficFree,1,0,0.07324616,73.24616031,122.3902479
387,TrafficFree,1,0,0.15400697,154.006972,257.8075038
388,TrafficFree,1,0,0.06973288,69.73287692,116.9124425
389,TrafficFree,1,0,0.08500588,85.00588215,142.185145
390,TrafficFree,1,0,0.01488841,14.88840561,24.92880241
391,TrafficFree,1,0,0.10977188,109.7718829,183.6994052
392,TrafficFree,1,0,0.11180237,111.8023672,187.246087
393,TrafficFree,1,0,0.03551056,35.51056181,59.31478655
394,TrafficFree,1,0,0.02184033,21.84032967,36.61992505
395,TrafficFree,1,0,0.04237924,42.3792402,70.8890663
396,TrafficFree,1,0,0.03716566,37.16566197,62.17774676
397,Footway level Cycle Track,0,0,0.05209275,52.09275095,87.27448729
398,TrafficFree,1,0,0.37222582,372.225821,622.4710664
399,Footway level Cycle Track,0,0,0.08255584,82.5558369,138.336429
400,TrafficFree,1,0,0.14434035,144.3403542,241.5129266
401,TrafficFree,1,0,0.10936636,109.3663596,183.3520881
402,Footway level Cycle Track,1,0,0.12984181,129.8418096,217.5670234
403,TrafficFree,1,0,0.06308025,63.08024712,105.5529642
404,TrafficFree,1,0,0.0540535,54.05349765,90.65303665
405,TrafficFree,1,0,0.26232794,262.32794,438.4521625
406,TrafficFree,1,0,0.01984943,19.84943324,33.20067297
407,TrafficFree,1,0,0.00762702,7.627021711,12.77885952
408,TrafficFree,1,0,0.11589336,115.8933602,194.0838525
409,TrafficFree,1,0,0.01802191,18.02191243,30.13042172
410,TrafficFree,1,0,0.16734746,167.3474608,280.3177413
411,SegregatedCycleLane,0,1,0.25288316,252.8831579,423.5109219
412,SegregatedCycleLane,0,1,0.18556903,185.5690283,310.417914
413,SegregatedCycleLane,1,1,0.32597773,325.9777258,545.4346955
414,SegregatedCycleLane,0,0,0.30932003,309.3200285,517.5396705
415,SegregatedCycleLane,0,0,0.11876799,118.7679866,198.6702341
416,SegregatedCycleLane,0,0,0.21437952,214.379523,359.3219907
417,SegregatedCycleLane,0,0,0.1744705,174.4704964,292.5003177
418,SegregatedCycleLane,0,0,0.37915773,379.1577313,634.7584067
419,SegregatedCycleLane,0,0,0.35716991,357.1699055,597.958193
420,SegregatedCycleLane,0,1,0.18480555,184.8055468,309.4091758
421,SegregatedCycleLane,0,1,0.0688843,68.88430195,115.3278267
422,SegregatedCycleLane,0,1,0.20584384,205.8438434,344.6078724
423,SegregatedCycleLane,0,0,0.04594216,45.94216443,76.97005159
424,SegregatedCycleLane,0,0,0.14924697,149.2469732,250.0516237
425,SegregatedCycleLane,0,1,0.23070209,230.7020909,386.5149359
426,SegregatedCycleLane,0,0,1.99613729,1996.137293,3340.001631
427,TrafficFree,1,0,0.47727543,477.2754317,799.6392362
428,SegregatedCycleLane,0,0,0.41219409,412.1940854,689.4873397
429,SegregatedCycleLane,0,0,0.40875001,408.7500063,683.7310523
430,TrafficFree,1,0,0.37934185,379.3418537,634.4007229
431,SegregatedCycleLane,0,0,0.05360277,53.6027715,89.59899204
432,SegregatedCycleLane,0,0,0.10781272,107.8127208,180.6007791
433,SegregatedCycleLane,0,0,0.04475029,44.7502863,74.97005071
434,SegregatedCycleLane,0,0,0.23296065,232.9606501,390.141297
435,SegregatedCycleLane,0,0,0.04351779,43.51778765,72.88141508
436,SegregatedCycleLane,0,0,0.14133201,141.3320135,236.6034294
437,SegregatedCycleLane,0,1,1.68455214,1684.552144,2818.618573
438,SegregatedCycleLane,0,1,1.14048838,1140.488379,1908.659448
439,SegregatedCycleLane,0,1,0.52005417,520.0541723,870.4342584
440,SegregatedCycleLane,0,1,0.50445413,504.4541278,844.3193317
441,SignedRoute,0,0,0.20260885,202.608846,339.0585676
442,SignedRoute,0,0,0.16276173,162.76173,272.3960199
443,Footway level Cycle Track,0,0,0.19490276,194.9027611,326.2476098
444,Footway level Cycle Track,0,0,0.07185376,71.8537607,120.3419813
445,SignedRoute,1,0,0.39473443,394.7344342,661.2254822
446,SegregatedCycleLane,1,0,0.52644284,526.4428424,880.1054275
447,SegregatedCycleLane,0,0,0.31227569,312.2756884,522.5309906
448,SegregatedCycleLane,0,1,0.05679575,56.79575461,95.14562435
449,SegregatedCycleLane,1,0,0.13843313,138.4331336,231.6527866
450,SegregatedCycleLane,1,0,0.0091202,9.12019626,15.2620737
451,SegregatedCycleLane,0,1,0.29875237,298.75237,499.5025105
452,Footway level Cycle Track,1,0,0.20870077,208.7007721,349.5902448
453,Footway level Cycle Track,0,0,0.53671083,536.7108291,897.8140499
454,Footway level Cycle Track,0,0,0.36080843,360.8084596,603.6813766
455,Footway level Cycle Track,0,0,0.19573479,195.7347882,327.445343
456,Footway level Cycle Track,0,0,0.62166453,621.6645822,1040.818935
457,Footway level Cycle Track,0,0,0.09174494,91.74494434,153.4290209
458,SegregatedCycleLane,0,0,0.30186215,301.8621097,504.9592393
459,TrafficFree,1,0,0.01916251,19.16250755,32.02058693
460,TrafficFree,1,0,0.00881824,8.818243498,14.73715643
461,SegregatedCycleLane,0,0,0.09249158,92.49158268,154.9125215
462,SegregatedCycleLane,0,0,0.29206573,292.0657273,488.722524
463,SegregatedCycleLane,0,0,0.07299778,72.99778084,122.3492231
464,Footway level Cycle Track,0,0,0.36507676,365.0767646,610.980003
465,Footway level Cycle Track,0,0,0.29408201,294.0820053,492.3747235
466,Footway level Cycle Track,0,0,0.0211619,21.16190322,35.46784109
467,Footway level Cycle Track,0,0,0.04011508,40.11508463,67.23189299
468,Footway level Cycle Track,0,0,0.11739013,117.3901253,196.7484727
469,Footway level Cycle Track,0,0,0.05283936,52.83935907,88.52113805
470,Footway level Cycle Track,0,0,0.0982524,98.25240149,164.6322182
471,SegregatedCycleLane,0,1,0.07718627,77.18626843,129.2809374
472,SegregatedCycleLane,0,1,0.00378513,3.785131565,6.327565755
473,SegregatedCycleLane,1,1,0.03491691,34.91691016,58.40288496
474,Footway level Cycle Track,0,0,0.02019575,20.195751,33.86845456
475,Footway level Cycle Track,1,0,0.13453477,134.5347747,225.4229545
476,SegregatedCycleLane,0,1,0.21456389,214.5638899,358.6586563
477,SegregatedCycleLane,0,0,0.29471418,294.7141772,493.0419546
478,SegregatedCycleLane,0,1,1.11088704,1110.887042,1858.397828
479,SegregatedCycleLane,0,1,0.249095,249.0949969,416.3747218
480,SegregatedCycleLane,0,1,0.01934899,19.34898956,32.3499986
481,SegregatedCycleLane,0,0,0.47869778,478.6977783,802.0456791
482,SegregatedCycleLane,0,1,0.01828013,18.2801339,30.62174434
483,SegregatedCycleLane,0,1,0.12452127,124.5212705,208.2409053
484,Footway level Cycle Track,1,0,0.02580128,25.80127652,43.21517348
485,TrafficFree,1,0,0.23953789,239.5378926,401.0486133
486,Shared Foot and Cycle Path Road Adjacent,0,0,0.20130382,201.3038211,336.6454841
487,SegregatedCycleLane,0,1,0.08292689,82.92689372,138.6691499
488,SegregatedCycleLane,0,1,0.00492776,4.927764317,8.237752501
489,SegregatedCycleLane,0,1,0.01951376,19.51375723,32.61752604
490,Footway level Cycle Track,0,0,0.07808477,78.08476748,130.8668567
491,SegregatedCycleLane,0,0,0.06024677,60.24677346,100.8437993
492,Footway level Cycle Track,0,0,0.10101926,101.0192567,169.1800279
493,Footway level Cycle Track,0,0,0.02674043,26.74043355,44.79413461
494,Footway level Cycle Track,0,0,0.03713053,37.13053268,62.16147054
495,Painted Cycle Lane,0,0,0.10807691,108.0769123,180.6576624
496,BusLane,0,0,0.15074255,150.7425518,251.9962198
497,BusLane,0,0,0.9638028,963.802798,1611.201351
498,Painted Cycle Lane,0,0,0.14000218,140.0021818,234.1021201
499,Painted Cycle Lane,0,0,0.10254607,102.5460731,171.4605769
500,Painted Cycle Lane,0,0,0.16986524,169.8652359,283.9797231
501,Painted Cycle Lane,0,0,0.09813998,98.13998426,164.0529772
502,Painted Cycle Lane,0,0,0.20248812,202.4881181,338.4890294
503,BusLane,0,0,0.15645139,156.4513859,261.5297562
504,Painted Cycle Lane,0,0,0.32570414,325.7041443,544.4537282
505,BusLane,0,0,0.62818904,628.1890373,1050.077982
506,Painted Cycle Lane,0,0,0.0517096,51.70959765,86.43792476
507,Painted Cycle Lane,0,0,0.03862994,38.62993709,64.57420852
508,BusLane,0,0,0.08461255,84.61255009,141.440344
509,BusLane,0,0,0.15302152,153.0215199,255.7949388
510,BusLane,0,0,0.17760783,177.6078331,296.9236881
511,BusLane,0,0,0.20104779,201.0477871,336.0715122
512,Painted Cycle Lane,0,0,0.05985644,59.85643614,100.1647048
513,Painted Cycle Lane,0,0,0.18529078,185.2907776,309.9338064
514,Painted Cycle Lane,0,0,0.16135504,161.3550411,269.8725876
515,Painted Cycle Lane,0,0,0.05340027,53.40027372,89.31408087
516,BusLane,0,0,0.0617926,61.79259944,103.345363
517,Painted Cycle Lane,0,1,0.32046226,320.4622649,535.7474503
518,Painted Cycle Lane,0,0,0.71322763,713.2276254,1194.470727
519,BusLane,0,0,0.07209184,72.09184163,120.5151873
520,Painted Cycle Lane,0,0,0.0412079,41.20789856,68.87690283
521,Painted Cycle Lane,0,0,0.10166623,101.666227,169.9464246
522,Painted Cycle Lane,0,0,0.09361045,93.61044865,156.5185536
523,Painted Cycle Lane,0,0,0.0494669,49.46690368,82.68996009
524,Painted Cycle Lane,0,0,0.06719367,67.19367271,112.5346709
525,Painted Cycle Lane,0,0,0.10461415,104.614146,175.2097263
526,Painted Cycle Lane,0,0,0.31160124,311.6012446,521.9013494
527,Painted Cycle Lane,0,0,0.03655711,36.55710957,61.22499665
528,BusLane,0,0,0.07806191,78.0619117,130.7464931
529,Painted Cycle Lane,0,0,0.06164912,61.64911757,103.2591743
530,Painted Cycle Lane,0,0,0.11262019,112.6201853,188.6251138
531,BusLane,0,0,0.55724318,557.2431823,933.1999697
532,Painted Cycle Lane,0,0,0.27032363,270.3236291,452.838821
533,Painted Cycle Lane,0,0,0.06916038,69.16038385,115.8612974
534,BusLane,0,0,0.28750303,287.5030327,481.6103304
535,Painted Cycle Lane,0,0,0.04328979,43.28978839,72.51507878
536,BusLane,0,0,0.45855565,458.5556526,768.0709741
537,Painted Cycle Lane,0,0,0.05236527,52.36527077,87.70256118
538,Painted Cycle Lane,0,0,0.02160269,21.60268959,36.18097837
539,Painted Cycle Lane,0,0,0.26680798,266.8079841,446.848748
540,Painted Cycle Lane,0,0,0.06305439,63.05439146,105.5978958
541,Painted Cycle Lane,0,0,0.12973325,129.7332539,217.2235372
542,BusLane,0,0,0.77027399,770.2739937,1289.986763
543,Painted Cycle Lane,0,0,0.01885,18.85000342,31.57184205
544,BusLane,0,0,0.10000691,100.0069087,167.4948136
545,Painted Cycle Lane,0,0,0.08482544,84.82544153,142.070126
546,Painted Cycle Lane,0,0,0.08482248,84.82248117,142.0696186
547,BusLane,0,0,0.24264748,242.6474761,406.4455306
548,Painted Cycle Lane,0,0,0.11982039,119.8203892,200.7074842
549,Painted Cycle Lane,0,0,0.10060645,100.606447,168.5378739
550,BusLane,0,0,0.29351452,293.5145239,491.6549644
551,Painted Cycle Lane,0,0,0.25389339,253.8933876,425.2683691
552,BusLane,0,0,0.2372955,237.2954981,397.4675822
553,Shared Foot and Cycle Path Road Adjacent,0,0,1.70932057,1709.320566,2857.432357
554,Painted Cycle Lane,0,0,0.29496669,294.9666939,493.1451431
555,Shared Foot and Cycle Path Road Adjacent,0,0,1.49714049,1497.140491,2502.680702
556,BusLane,0,0,0.34199257,341.9925728,572.0000552
557,Painted Cycle Lane,0,0,0.44925232,449.2523232,751.236927
558,Painted Cycle Lane,0,0,0.20114327,201.1432706,336.3283349
559,BusLane,0,0,0.15838294,158.3829427,264.8505541
560,Painted Cycle Lane,0,0,0.0759606,75.96059703,127.0269658
561,BusLane,0,0,0.67695182,676.9518211,1131.753763
562,Painted Cycle Lane,0,0,0.36715061,367.1506122,615.3186754
563,Painted Cycle Lane,0,0,0.1995787,199.5787032,334.4137938
564,BusLane,0,0,0.17666695,176.6669523,295.9530249
565,BusLane,0,0,0.09139562,91.39562078,153.1322093
566,Painted Cycle Lane,0,0,0.26433797,264.3379734,442.7153106
567,Painted Cycle Lane,0,0,0.02071461,20.71461023,34.71576772
568,Painted Cycle Lane,0,0,0.57870796,578.7079643,967.9295786
569,Painted Cycle Lane,0,0,0.03864068,38.6406763,64.74230755
570,Painted Cycle Lane,0,0,0.28070907,280.7090676,470.0185162
571,BusLane,0,0,0.33343407,333.4340655,559.0406738
572,Painted Cycle Lane,0,0,0.03487096,34.87096069,58.28557857
573,BusLane,0,0,0.12284816,122.8481582,205.7598583
574,Painted Cycle Lane,0,0,0.41485863,414.8586344,694.8763103
575,Painted Cycle Lane,0,0,0.1060617,106.0616995,177.4131321
576,BusLane,0,0,0.40905288,409.0528791,684.7495287
577,Painted Cycle Lane,0,0,0.01018394,10.18393815,17.02119621
578,Painted Cycle Lane,0,0,0.02736411,27.36411438,45.7566943
579,Painted Cycle Lane,0,0,0.01148254,11.48253596,19.20471413
580,Painted Cycle Lane,0,0,0.17595718,175.9571822,294.551949
581,Painted Cycle Lane,0,0,0.27490802,274.908025,460.1791232
582,BusLane,0,0,0.56360723,563.6072281,942.1821789
583,BusLane,0,0,0.27387632,273.8763205,458.9030025
584,BusLane,0,0,0.21507111,215.0711051,359.919519
585,Painted Cycle Lane,0,0,0.03238419,32.38419139,54.31932075
586,Painted Cycle Lane,0,0,0.05566181,55.66181481,93.36833631
587,Painted Cycle Lane,0,0,0.03786272,37.86271668,63.51450011
588,Painted Cycle Lane,0,0,0.0779824,77.98239979,130.8093154
589,Painted Cycle Lane,0,0,0.02905797,29.05796796,48.74115639
590,Painted Cycle Lane,0,0,0.17774271,177.7427134,298.1101702
591,Painted Cycle Lane,0,0,0.06456305,64.56304571,108.3032322
592,Painted Cycle Lane,0,0,0.12139746,121.3974625,203.6468608
593,Painted Cycle Lane,0,0,0.36933562,369.3356204,619.5347953
594,Painted Cycle Lane,0,0,0.0556618,55.66180483,93.37036769
595,Painted Cycle Lane,0,0,0.01674673,16.74673208,28.09003145
596,Painted Cycle Lane,0,0,0.40397725,403.9772473,677.6376515
597,Painted Cycle Lane,0,0,0.04896838,48.96838335,82.14164222
598,Painted Cycle Lane,0,0,0.07350192,73.50191964,123.3007669
599,Painted Cycle Lane,0,0,0.13063294,130.6329375,219.063237
600,Painted Cycle Lane,0,0,0.09049918,90.49917917,151.7994296
601,Painted Cycle Lane,0,0,0.13079178,130.7917782,219.3286811
602,Painted Cycle Lane,0,0,0.18293809,182.9380888,306.8181984
603,BusLane,0,0,0.40982405,409.8240511,685.9786072
604,BusLane,0,0,0.57028638,570.2863842,954.9308177
605,BusLane,0,0,0.56061034,560.6103448,938.8001145
606,Shared Foot and Cycle Path Road Adjacent,0,0,0.06870527,68.70527096,115.0016809
607,Painted Cycle Lane,0,0,0.18774969,187.7496945,314.0550417
608,Painted Cycle Lane,0,0,1.82608694,1826.086941,3056.826745
609,Painted Cycle Lane,0,0,1.93926431,1939.26431,3244.752348
610,Painted Cycle Lane,0,0,0.04626861,46.2686137,77.37604409
611,Painted Cycle Lane,0,0,0.05951894,59.51894044,99.4776824
612,Painted Cycle Lane,0,0,0.05723152,57.23151584,95.66067274
613,Shared Foot and Cycle Path Road Adjacent,0,0,0.05789025,57.89024904,96.74711295
614,Shared Foot and Cycle Path Road Adjacent,0,0,0.18330963,183.3096325,306.640439
615,Painted Cycle Lane,0,0,0.06218143,62.18142922,103.931617
616,Painted Cycle Lane,0,0,0.53611732,536.117325,896.163525
617,Painted Cycle Lane,0,0,0.01283964,12.83964303,21.45744847
618,Painted Cycle Lane,0,0,0.12470942,124.7094172,208.4902889
619,Painted Cycle Lane,0,0,0.00865956,8.659556406,14.47169151
620,Painted Cycle Lane,0,0,0.0358958,35.89579647,59.99076947
621,Painted Cycle Lane,0,0,0.00999165,9.99165049,16.69783147
622,Painted Cycle Lane,0,0,0.05860725,58.60725315,98.20857398
623,Painted Cycle Lane,0,0,0.07177321,71.77320854,120.2374843
624,BusLane,0,0,0.04361139,43.61139381,72.97502765
625,Painted Cycle Lane,0,0,0.05791055,57.91055137,97.01955014
626,Painted Cycle Lane,0,0,0.03907936,39.07935863,65.47145294
627,BusLane,0,0,0.07380029,73.80029032,123.390765
628,Painted Cycle Lane,0,0,0.15851019,158.5101881,265.0876985
629,Painted Cycle Lane,0,0,0.01657519,16.57525499,27.70644862
630,Painted Cycle Lane,0,0,0.02592644,25.92644222,43.44808736
631,Painted Cycle Lane,0,0,1.28749758,1287.497547,2152.60754
632,Painted Cycle Lane,0,0,1.54849792,1548.497919,2591.588052
633,Painted Cycle Lane,0,0,0.16661076,166.610762,278.8861268
634,Painted Cycle Lane,0,0,0.01646619,16.46618858,27.58865567
635,Painted Cycle Lane,0,0,0.05307792,53.07791953,88.93890699
636,Painted Cycle Lane,0,0,0.09090954,90.90953871,152.30919
637,Painted Cycle Lane,0,0,0.21780066,217.8006559,364.8351376
638,Painted Cycle Lane,0,0,0.12456742,124.5674171,208.5245379
639,Painted Cycle Lane,0,0,0.01060479,10.60478575,17.72344408
640,Shared Foot and Cycle Path Road Adjacent,0,0,0.35180893,351.8089278,589.589618
641,Painted Cycle Lane,0,0,0.02201668,22.01667652,36.78271659
642,Painted Cycle Lane,0,0,0.03005754,30.05753874,50.35718627
643,Shared Foot and Cycle Path Road Adjacent,0,0,0.23383337,233.8333694,391.7976973
644,Painted Cycle Lane,0,0,0.02717031,27.17030909,45.53576397
645,Painted Cycle Lane,0,0,0.07415609,74.15609102,124.0544052
646,Painted Cycle Lane,0,0,0.02585128,25.85128439,43.20226292
647,BusLane,0,0,0.39102751,391.0275103,653.8531449
648,Shared Foot and Cycle Path Road Adjacent,0,0,0.07276721,72.76718261,122.0303425
649,Shared Foot and Cycle Path Road Adjacent,0,0,0.06061343,60.6134337,101.5587371
650,Painted Cycle Lane,0,0,0.01550364,15.50364116,25.91427762
651,Painted Cycle Lane,0,0,0.16471677,164.7167676,275.1864022
652,Painted Cycle Lane,0,0,0.05898981,58.98976803,98.72049033
653,Shared Foot and Cycle Path Road Adjacent,0,0,0.18217017,182.1701674,305.1017832
654,Painted Cycle Lane,0,0,0.09112171,91.12170855,152.6105049
655,Painted Cycle Lane,0,0,0.01559498,15.5949762,26.12724151
656,Painted Cycle Lane,0,0,0.0248225,24.82250274,41.59500151
657,Painted Cycle Lane,0,0,0.16609163,166.0916342,278.3045893
658,Painted Cycle Lane,0,0,0.05130067,51.30067169,85.99383694
659,Painted Cycle Lane,0,0,0.06011648,60.11648117,100.5050864
660,Painted Cycle Lane,1,0,0.49705375,497.0537494,830.8383808
661,Painted Cycle Lane,0,0,0.25303479,253.0347866,423.024589
662,Painted Cycle Lane,0,0,0.16793287,167.9328671,280.6947773
663,Painted Cycle Lane,0,0,0.05677442,56.77442255,95.23799494
664,Painted Cycle Lane,0,0,0.07163257,71.63256595,120.0279303
665,BusLane,0,0,0.02229802,22.29802069,37.36624213
666,Painted Cycle Lane,0,0,0.00222585,2.225850282,3.729143771
667,Painted Cycle Lane,0,0,0.0446443,44.64430405,74.58561342
668,Painted Cycle Lane,0,0,0.06757741,67.5774139,113.2728662
669,BusLane,0,0,0.02094591,20.94590708,35.07134972
670,Painted Cycle Lane,0,0,0.03272798,32.72798459,54.67811169
671,Painted Cycle Lane,0,0,0.04602987,46.029865,76.9009202
672,Painted Cycle Lane,0,0,0.01044679,10.44679365,17.45849155
673,Painted Cycle Lane,0,0,0.14250384,142.5038404,239.0271802
674,Painted Cycle Lane,0,0,0.03672595,36.72594676,61.52784
675,BusLane,0,0,0.00939979,9.399789768,15.74657418
676,Painted Cycle Lane,0,0,0.02270295,22.70295102,37.9624835
677,BusLane,0,0,0.02564565,25.64564859,42.92800535
678,Shared Foot and Cycle Path Road Adjacent,0,0,0.05981368,59.81367721,100.1017898
679,Painted Cycle Lane,0,0,0.06267354,62.67354425,104.7066347
680,BusLane,0,0,0.01185096,11.85095945,19.8432208
681,Shared Foot and Cycle Path Road Adjacent,0,0,0.20435022,204.3502245,342.2202963
682,BusLane,0,0,0.09524605,95.24605213,159.1351112
683,Painted Cycle Lane,0,0,0.06879092,68.79091762,115.2383309
684,BusLane,0,0,0.02785515,27.85514525,46.67906092
685,Painted Cycle Lane,0,0,0.00839742,8.397418806,14.03572943
686,Shared Foot and Cycle Path Road Adjacent,0,0,0.21329528,213.2952836,357.6735871
687,Painted Cycle Lane,0,0,0.1479608,147.9608031,247.1925447
688,Shared Foot and Cycle Path Road Adjacent,0,0,0.08582699,85.82699331,143.6570582
689,Shared Foot and Cycle Path Road Adjacent,0,0,0.01030466,10.30465554,17.28389776
690,Painted Cycle Lane,0,0,0.05970637,59.70636639,100.0404451
691,BusLane,0,0,0.02458991,24.58990598,41.10170884
692,Painted Cycle Lane,0,0,0.04766571,47.66571352,79.85147295
693,Painted Cycle Lane,0,0,0.04360242,43.60242201,72.87111496
694,Shared Foot and Cycle Path Road Adjacent,0,0,0.04183607,41.8360713,70.16607614
695,BusLane,0,0,0.05332913,53.32913066,89.19283518
696,Shared Foot and Cycle Path Road Adjacent,0,0,0.03556857,35.56857405,59.62784566
697,BusLane,0,0,0.02944733,29.44732709,49.21987592
698,Painted Cycle Lane,0,0,0.00940916,9.409155135,15.72469847
699,Painted Cycle Lane,0,0,0.0367774,36.7774043,61.47254063
700,Painted Cycle Lane,0,0,0.03000494,30.00493917,50.12839617
701,BusLane,0,0,0.13524206,135.242063,226.0696452
702,BusLane,0,0,0.29623459,296.2345899,495.1607445
703,BusLane,0,0,0.05637532,56.37532169,94.22990976
704,Painted Cycle Lane,0,0,0.03399011,33.99010831,56.8036781
705,Shared Foot and Cycle Path Road Adjacent,0,0,0.01646522,16.46522102,27.59947386
706,Painted Cycle Lane,0,0,0.18935674,189.3567389,316.3529903
707,Painted Cycle Lane,0,0,0.21336675,213.3667501,356.4651641
708,Painted Cycle Lane,0,0,0.08321513,83.21513156,139.3944506
709,Painted Cycle Lane,0,0,0.00556443,5.564428182,9.32217579
710,Shared Foot and Cycle Path Road Adjacent,0,0,0.068343,68.3430025,114.5757783
711,Painted Cycle Lane,0,0,0.03421289,34.21288624,57.22049934
712,Shared Foot and Cycle Path Road Adjacent,0,0,0.02992605,29.92604826,50.1457005
713,Painted Cycle Lane,0,0,0.01021755,10.21755124,17.08295241
714,Painted Cycle Lane,0,0,0.06067906,60.67906199,101.3742662
715,BusLane,0,0,0.00599174,5.991740262,10.01877457
716,Painted Cycle Lane,0,0,0.10543244,105.4324365,176.1438593
717,Painted Cycle Lane,0,0,0.10394637,103.9463688,174.1927916
718,BusLane,0,0,0.10455312,104.5531165,174.6952831
719,Painted Cycle Lane,0,0,0.39103007,391.0300683,654.8751337
720,BusLane,0,0,0.74189463,741.8946345,1242.634747
721,Painted Cycle Lane,0,0,0.03428581,34.28581224,57.34124356
722,Painted Cycle Lane,0,0,0.10518379,105.1837867,176.2998285
723,Painted Cycle Lane,0,0,0.07260833,72.60833284,121.6818039
724,Painted Cycle Lane,0,0,1.18926396,1189.263962,1992.876913
725,Painted Cycle Lane,0,0,0.11971558,119.7155833,200.1865755
726,Painted Cycle Lane,0,0,0.08926704,89.26704194,149.476295
727,Painted Cycle Lane,0,0,0.04091086,40.91085971,68.42990734
728,BusLane,0,0,0.45042779,450.4277897,752.8377244
729,Painted Cycle Lane,0,0,0.02514786,25.14786484,42.11890374
730,BusLane,0,0,0.02378106,23.78106406,39.7603237
731,Shared Foot and Cycle Path Road Adjacent,0,0,0.04920042,49.20041668,82.43560987
732,Painted Cycle Lane,0,0,0.09654727,96.54726936,161.610797
733,BusLane,0,0,0.13639875,136.3987468,228.2960112
734,BusLane,0,0,0.03910574,39.10573675,65.55021972
735,Painted Cycle Lane,0,0,0.19662161,196.6216105,329.6874382
736,Painted Cycle Lane,0,0,0.06800086,68.00086246,113.6069937
737,Painted Cycle Lane,0,0,0.03133683,31.33683096,52.35340054
738,Painted Cycle Lane,0,0,0.0679737,67.97370183,113.5611186
739,BusLane,0,0,0.06427705,64.27704656,107.4154324
740,BusLane,0,0,0.05082364,50.82363993,85.1539854
741,BusLane,0,0,0.01042919,10.42918561,17.47298422
742,Shared Foot and Cycle Path Road Adjacent,0,0,0.01626231,16.26230775,27.26109849
743,Painted Cycle Lane,0,0,0.16877062,168.7706224,281.9604998
744,Painted Cycle Lane,0,0,0.05996058,59.96058089,100.2049184
745,Shared Foot and Cycle Path Road Adjacent,0,0,0.13018611,130.1861132,218.0671786
746,Shared Foot and Cycle Path Road Adjacent,0,0,0.13967711,139.677106,233.9657968
747,Shared Foot and Cycle Path Road Adjacent,0,0,0.05098263,50.9826324,85.41432283
748,Painted Cycle Lane,0,0,0.01891933,18.91933477,31.69657351
749,Painted Cycle Lane,0,0,0.04787409,47.87408814,80.30871548
750,Painted Cycle Lane,0,0,0.04930497,49.30497275,82.39752789
751,Painted Cycle Lane,0,0,0.20725342,207.2534152,346.7813552
752,Painted Cycle Lane,0,0,0.05807193,58.07192924,97.18814694
753,Painted Cycle Lane,0,0,0.04993932,49.93932089,83.67398671
754,Painted Cycle Lane,0,0,2.18347699,2183.477012,3652.232903
755,Painted Cycle Lane,0,0,0.28998716,289.9871573,485.7539791
756,Painted Cycle Lane,0,0,0.08570502,85.70501941,143.7664703
757,Painted Cycle Lane,0,0,0.03672595,36.72594676,61.52783837
758,Painted Cycle Lane,0,0,0.14208386,142.0838584,237.3749788
759,Painted Cycle Lane,0,0,0.06534573,65.34572565,109.1709996
760,BusLane,0,0,0.07261036,72.61035905,121.3504729
761,Shared Foot and Cycle Path Road Adjacent,0,0,0.10194689,101.946889,170.7398379
762,Painted Cycle Lane,0,0,0.05790584,57.90583599,97.0116848
763,Painted Cycle Lane,0,0,0.18611369,186.1136949,310.9345054
764,Painted Cycle Lane,0,0,0.24029174,240.2917373,401.9249103
765,BusLane,0,0,0.03429776,34.29776045,57.48671945
766,BusLane,0,0,0.12080248,120.8024774,202.6317848
767,BusLane,0,0,0.01409958,14.09958359,23.60554197
768,BusLane,0,0,0.13781733,137.8173295,231.1752845
769,BusLane,0,0,0.03931411,39.31411496,65.94365178
770,BusLane,0,0,0.18729122,187.2912175,314.0127692
771,BusLane,0,0,0.15087469,150.8746911,252.2802066
772,BusLane,0,0,0.32240103,322.4010269,538.746919
773,Painted Cycle Lane,0,0,0.13136649,131.3664856,220.3457814
774,Shared Foot and Cycle Path Road Adjacent,0,0,0.22654418,226.5441813,379.5728823
775,Painted Cycle Lane,0,0,0.01733155,17.33154918,29.05472259
776,Shared Foot and Cycle Path Road Adjacent,0,0,0.15588524,155.885237,261.0821013
777,BusLane,0,0,0.0527501,52.75010083,88.13972249
778,Painted Cycle Lane,0,0,0.0182799,18.27990181,30.57275462
779,BusLane,0,0,0.09726542,97.2654164,163.1061019
780,Painted Cycle Lane,0,0,0.06634015,66.3401542,111.1240681
781,Painted Cycle Lane,0,0,0.02875746,28.75745763,48.16274955
782,BusLane,0,0,0.01591887,15.91887489,26.59799621
783,Painted Cycle Lane,0,0,0.07603396,76.03395553,127.3263602
784,Shared Foot and Cycle Path Road Adjacent,1,0,0.43343574,433.4357398,725.0463691
785,BusLane,0,0,0.17360526,173.6052618,291.0849813
786,BusLane,0,0,0.04138284,41.3828424,69.37796481
787,Painted Cycle Lane,0,0,1.21207743,1212.077432,2025.553321
788,Painted Cycle Lane,0,0,0.31856383,318.5638338,533.7120356
789,Shared Foot and Cycle Path Road Adjacent,0,0,0.03796786,37.96786263,63.60413173
790,Shared Foot and Cycle Path Road Adjacent,0,0,0.02093454,20.93453607,35.04844573
791,BusLane,0,0,0.01130697,11.30696941,18.94437858
792,BusLane,0,0,0.03305539,33.05539133,55.36317616
793,Painted Cycle Lane,0,0,0.01893114,18.9311438,31.71626299
794,BusLane,0,0,0.08732413,87.32412527,146.4724442
795,BusLane,0,0,0.02652014,26.52013921,44.38150317
796,BusLane,0,0,0.12852626,128.5262624,215.0914591
797,Shared Foot and Cycle Path Road Adjacent,1,0,0.02150979,21.50978635,36.00267109
798,Painted Cycle Lane,0,0,0.04342501,43.42501497,72.68817798
799,Painted Cycle Lane,0,0,0.0430999,43.09990293,72.21096033
800,Painted Cycle Lane,0,0,0.0288669,28.86689709,48.2859497
801,Shared Foot and Cycle Path Road Adjacent,0,0,0.06239369,62.39369181,104.5212844
802,BusLane,0,0,0.03573599,35.73598744,59.92193736
803,Painted Cycle Lane,0,0,0.07536107,75.36107412,126.2692588
804,Painted Cycle Lane,0,0,0.02514185,25.14184926,42.10384849
805,BusLane,0,0,0.0250568,25.05679779,41.98010867
806,Painted Cycle Lane,0,0,0.03983148,39.83147735,66.59153048
807,Painted Cycle Lane,0,0,0.02643173,26.43172578,44.18550061
808,Painted Cycle Lane,0,0,0.23876858,238.7685797,399.5275537
809,Painted Cycle Lane,0,0,0.02617314,26.17313929,43.75583292
810,Painted Cycle Lane,0,0,0.03675316,36.75315959,61.48180831
811,BusLane,0,0,0.02632414,26.32414422,44.00406529
812,Painted Cycle Lane,0,0,0.05379946,53.79946253,89.90832287
813,BusLane,0,0,0.01373181,13.73180597,22.95598405
814,Painted Cycle Lane,0,0,0.24987413,249.8741269,418.27807
815,Painted Cycle Lane,0,0,0.07276002,72.76002377,121.6549389
816,Painted Cycle Lane,0,0,0.06795943,67.95943164,113.8289859
817,BusLane,0,0,0.04248852,42.48852405,71.02917695
818,Painted Cycle Lane,0,0,0.12504549,125.0454947,209.6909981
819,Painted Cycle Lane,0,0,0.21567728,215.6772809,361.6754192
820,Painted Cycle Lane,0,0,0.12031267,120.3126739,201.7513483
821,Painted Cycle Lane,0,0,0.0135044,13.50440012,22.57412633
822,BusLane,0,0,0.37293099,372.9309939,623.339919
823,Painted Cycle Lane,0,0,0.04967593,49.6759347,83.21213602
824,Painted Cycle Lane,0,0,0.04072725,40.72725465,68.20595242
825,Painted Cycle Lane,0,0,0.02467637,24.67636831,41.33545785
826,Painted Cycle Lane,0,0,0.02448397,24.48396532,41.019483
827,Painted Cycle Lane,0,0,0.03036744,30.36744287,50.88947108
828,Painted Cycle Lane,0,0,0.57186376,571.8637556,958.1110006
829,Painted Cycle Lane,0,0,0.56753933,567.5393275,950.8527907
830,Shared Foot and Cycle Path Road Adjacent,0,0,0.27363757,273.6375672,458.3794937
831,Painted Cycle Lane,0,0,0.03837546,38.37545636,64.28829572
832,Painted Cycle Lane,0,0,0.05229552,52.2955215,87.37685124
833,BusLane,0,0,0.09333198,93.33198203,156.0785805
834,Shared Foot and Cycle Path Road Adjacent,0,0,0.06666287,66.66287302,111.6740759
835,Shared Foot and Cycle Path Road Adjacent,0,0,0.15451661,154.5166058,258.9927515
836,Shared Foot and Cycle Path Road Adjacent,0,0,0.17543683,175.4368288,293.9876139
837,BusLane,0,0,0.17419015,174.190151,291.027601
838,BusLane,0,0,0.04369671,43.69671382,73.16067077
839,Shared Foot and Cycle Path Road Adjacent,0,0,0.12702923,127.0292296,212.8548084
840,Shared Foot and Cycle Path Road Adjacent,0,0,0.23631625,236.3162467,396.1948666
841,Shared Foot and Cycle Path Road Adjacent,0,0,0.21056567,210.565671,352.8196078
842,BusLane,0,0,0.42911536,429.1153594,717.2103399
843,Shared Foot and Cycle Path Road Adjacent,0,0,0.19070896,190.7089593,319.6637793
844,BusLane,0,0,0.42873276,428.7327643,716.595563
845,Shared Foot and Cycle Path Road Adjacent,0,0,0.01867509,18.67509045,31.28506032
846,BusLane,0,0,0.08246945,82.46944868,138.199186
847,Painted Cycle Lane,0,0,0.06541263,65.41263483,109.5589272
848,BusLane,0,0,0.09677196,96.77196199,161.7762195
849,Painted Cycle Lane,0,0,0.02618703,26.18703402,43.77360296
850,BusLane,0,0,0.26434607,264.3460676,442.004025
851,Painted Cycle Lane,0,0,0.01679097,16.7909741,28.08450043
852,Painted Cycle Lane,0,0,0.07314375,73.14375066,122.6235406
853,Painted Cycle Lane,0,0,0.14699143,146.9914347,246.2954663
854,Painted Cycle Lane,0,0,0.02073971,20.73970821,34.67293025
855,Painted Cycle Lane,0,0,0.02862201,28.62201118,47.96451602
856,Painted Cycle Lane,0,0,0.39765169,397.6516935,665.1377953
857,Painted Cycle Lane,0,0,0.02909716,29.09715566,48.63327609
858,Painted Cycle Lane,0,0,0.26735818,267.3581771,447.0043631
859,Painted Cycle Lane,0,0,0.05493611,54.93611076,91.81250283
860,Painted Cycle Lane,0,0,0.41118046,411.1804561,687.8822064
861,BusLane,0,0,1.19056468,1190.564684,1991.905524
862,BusLane,0,0,0.03511145,35.11145115,58.69996891
863,Painted Cycle Lane,0,0,0.14044556,140.4455603,234.7998855
864,Painted Cycle Lane,0,0,0.03131875,31.3187535,52.39156505
865,Painted Cycle Lane,0,0,0.03748164,37.48163609,62.78654281
866,Painted Cycle Lane,0,0,0.15869259,158.6925894,265.933423
867,BusLane,0,0,0.08555416,85.55415683,143.0005639
868,BusLane,0,0,1.20946182,1209.461824,2023.484872
869,BusLane,0,0,0.02145706,21.45705992,35.85299244
870,BusLane,0,0,0.48616711,486.1671105,812.6918284
871,Painted Cycle Lane,0,0,0.08390339,83.90338864,140.2429792
872,Painted Cycle Lane,0,0,0.05569095,55.69094776,93.26874797
873,BusLane,0,0,0.07008687,70.08686619,117.5235576
874,Painted Cycle Lane,0,0,0.01531279,15.31279155,25.60093262
875,BusLane,0,0,0.19814711,198.1471061,331.6836926
876,BusLane,0,0,0.15581291,155.8129071,260.3348207
877,BusLane,0,0,0.02424825,24.24825433,40.53619739
878,Painted Cycle Lane,0,0,0.14949178,149.4917778,250.7113292
879,Painted Cycle Lane,0,0,0.27003737,270.037368,452.6597857
880,Painted Cycle Lane,0,0,0.09384446,93.84446438,157.1048805
881,BusLane,0,0,0.09070144,90.70143873,151.578928
882,Painted Cycle Lane,0,0,0.06600012,66.00012063,110.6687822
883,BusLane,0,0,0.05597922,55.97921742,93.53128936
884,Shared Foot and Cycle Path Road Adjacent,0,0,0.00650688,6.506879703,10.89157048
885,Painted Cycle Lane,0,0,0.07202673,72.02672969,120.4192831
886,Painted Cycle Lane,0,0,0.12415741,124.1574139,208.2465838
887,Painted Cycle Lane,0,0,0.64255128,642.5512835,1073.575979
888,Painted Cycle Lane,0,0,1.32574848,1325.748484,2217.024652
889,Painted Cycle Lane,0,0,0.5018354,501.8353976,838.887841
890,Painted Cycle Lane,0,0,1.1491125,1149.112499,1922.552492
891,Painted Cycle Lane,0,0,1.39321226,1393.212261,2330.018546
892,BusLane,0,0,0.23328475,233.2847455,390.97772
893,Shared Foot and Cycle Path Road Adjacent,0,0,0.12072862,120.7286236,202.2563803
894,BusLane,0,0,0.3546586,354.658601,592.6376187
895,Painted Cycle Lane,0,0,0.59501408,595.0140829,996.1677772
896,Shared Foot and Cycle Path Road Adjacent,0,0,0.06006397,60.06396853,100.6480934
897,BusLane,0,0,0.02311003,23.11003432,38.70193691
898,Painted Cycle Lane,0,0,1.27786963,1277.869626,2138.504263
899,Painted Cycle Lane,0,0,0.73997188,739.9718815,1236.949437
900,Painted Cycle Lane,0,0,0.19621769,196.2176899,328.7088221
901,Painted Cycle Lane,0,0,0.10635768,106.3576754,178.2849311
902,BusLane,0,0,0.18637482,186.3748153,312.1946571
903,BusLane,0,0,0.44224368,442.2436807,739.9873257
904,Painted Cycle Lane,0,0,0.42031548,420.3154822,702.2490309
905,BusLane,0,0,0.17967437,179.674367,300.9590241
906,BusLane,0,0,1.8541073,1854.107302,3103.057452
907,Painted Cycle Lane,0,0,0.40752543,407.5254334,682.8310911
908,Painted Cycle Lane,0,0,1.62208886,1622.088855,2713.011811
909,Painted Cycle Lane,0,0,0.01023466,10.2346567,17.10941762
910,Painted Cycle Lane,0,0,0.57037365,570.3736496,955.1549771
911,BusLane,0,0,0.18128277,181.2827741,303.539389
912,Painted Cycle Lane,0,0,0.08463495,84.63495484,141.5332879
913,Painted Cycle Lane,0,0,1.44707443,1447.074427,2422.366276
914,Painted Cycle Lane,0,0,0.12200265,122.0026491,204.1923233
915,BusLane,0,0,0.67270521,672.705214,1125.770386
916,Painted Cycle Lane,0,0,0.12125262,121.2526222,203.1195186
917,Painted Cycle Lane,0,0,0.02459035,24.59035467,41.12744019
918,Painted Cycle Lane,0,0,0.02075522,20.7552225,34.76764405
919,Painted Cycle Lane,0,0,0.17470064,174.7006365,292.0014056
920,BusLane,0,0,0.16489209,164.8920937,276.2298088
921,Painted Cycle Lane,0,0,0.28255935,282.5593502,473.6149988
922,Painted Cycle Lane,0,0,0.03723675,37.23674519,62.32727589
923,BusLane,0,0,0.45727937,457.2793733,765.3918581
924,Painted Cycle Lane,0,0,0.06437875,64.37875437,107.7864336
925,Painted Cycle Lane,0,0,0.15145818,151.4581824,253.2020059
926,BusLane,0,0,0.13492363,134.9236284,225.5650231
927,Shared Foot and Cycle Path Road Adjacent,0,0,0.01368055,13.68055305,22.92246625
928,Painted Cycle Lane,0,0,0.43634841,436.3484058,730.4088583
929,BusLane,0,0,0.0998856,99.88560139,167.1473074
930,Painted Cycle Lane,0,0,0.04683838,46.83837863,78.36476327
931,Painted Cycle Lane,0,0,0.03922518,39.22517569,65.66732844
932,BusLane,0,0,0.54100568,541.0056848,907.6106109
933,BusLane,0,0,0.09529329,95.29328809,159.7097717
934,Painted Cycle Lane,0,0,1.01603393,1016.033926,1698.949164
935,BusLane,0,0,0.10718826,107.1882565,179.6415171
936,BusLane,0,0,0.10804814,108.0481386,180.6524425
937,BusLane,0,0,0.30367441,303.6744128,508.3471748
938,BusLane,0,0,0.486444,486.4440029,814.1152419
939,BusLane,0,0,0.21287568,212.8756796,355.8521257
940,Painted Cycle Lane,0,0,0.52646102,526.4610181,881.1595448
941,Painted Cycle Lane,0,0,0.69456327,694.5632728,1162.387026
942,Shared Foot and Cycle Path Road Adjacent,0,0,0.71509784,715.0978415,1196.757277
943,BusLane,0,0,0.2632946,263.2945967,440.3132477
944,Shared Foot and Cycle Path Road Adjacent,1,0,0.01380284,13.80284234,23.07072937
945,BusLane,0,0,0.22735525,227.3552538,380.571987
946,Painted Cycle Lane,0,0,0.31009514,310.0951408,518.8524413
947,Painted Cycle Lane,0,0,1.14121177,1141.21177,1907.971642
948,Painted Cycle Lane,0,0,0.34157532,341.5753217,572.4294984
949,Painted Cycle Lane,0,0,0.09943505,99.43505329,166.6146003
950,BusLane,0,0,1.05493847,1054.938472,1765.561884
951,Painted Cycle Lane,0,0,0.65319217,653.1921715,1094.267411
952,Painted Cycle Lane,0,0,0.7808282,780.8282012,1306.57532
953,BusLane,0,0,0.05438386,54.38385991,90.88990998
954,Painted Cycle Lane,0,0,0.92025611,920.2561081,1538.897567
955,Painted Cycle Lane,0,0,0.53195193,531.9519335,889.289693
956,Painted Cycle Lane,0,0,1.86104415,1861.044152,3113.561934
957,BusLane,0,0,0.37008577,370.0857694,618.6544349
958,Painted Cycle Lane,0,0,1.24780423,1247.804229,2085.552078
959,Painted Cycle Lane,0,0,0.13052118,130.5211842,218.8895417
960,Painted Cycle Lane,0,0,0.10338875,103.388745,173.1542035
961,Painted Cycle Lane,0,0,0.53791854,537.9185407,899.3609375
962,Painted Cycle Lane,0,0,0.50828987,508.2898679,849.5478263
963,Painted Cycle Lane,0,0,0.05962571,59.6257058,99.90529944
964,BusLane,0,0,0.06381937,63.81936739,106.9758048
965,Painted Cycle Lane,0,0,0.04436879,44.36878972,74.27435664
966,Painted Cycle Lane,0,0,0.12029517,120.2951733,201.7221976
967,Painted Cycle Lane,0,0,0.12720758,127.2075778,213.3323517
968,Painted Cycle Lane,0,0,0.03154745,31.54744692,52.73678063
969,Shared Foot and Cycle Path Road Adjacent,1,0,0.11544168,115.4416833,193.4011332
970,Painted Cycle Lane,0,0,0.34427875,344.2787463,575.9039906
971,Painted Cycle Lane,0,0,0.10874959,108.7495859,182.195727
972,Painted Cycle Lane,0,0,0.05118303,51.18302629,85.70055244
973,Painted Cycle Lane,0,0,0.30683074,306.8307447,513.2597848
974,Painted Cycle Lane,0,0,0.1665905,166.5905038,279.2711023
975,Painted Cycle Lane,0,0,0.10645501,106.4550135,177.9491144
976,Painted Cycle Lane,0,0,0.15535678,155.3567842,259.662821
977,Painted Cycle Lane,0,0,0.19933103,199.3310321,333.2275164
978,Painted Cycle Lane,0,0,0.17221326,172.2132617,287.9324817
979,BusLane,0,0,0.12505131,125.0513089,209.7006472
980,Painted Cycle Lane,0,0,0.49329399,493.2939919,824.6808257
981,BusLane,0,0,0.15367883,153.6788307,257.5438497
982,Painted Cycle Lane,0,0,0.14976497,149.7649666,250.5306103
983,BusLane,0,0,0.1752352,175.2351999,292.8990781
984,Painted Cycle Lane,0,0,0.07262001,72.62001312,121.3907602
985,Painted Cycle Lane,0,0,0.11238157,112.3815652,188.0923385
986,Painted Cycle Lane,0,0,0.45848076,458.4807605,768.1723787
987,BusLane,0,0,0.05082567,50.82566745,84.93072269
988,Painted Cycle Lane,0,0,0.02009553,20.09553495,33.58874055
989,Painted Cycle Lane,0,0,0.09773169,97.73168691,163.4668099
990,Painted Cycle Lane,0,0,0.01306997,13.0699746,21.88023298
991,Painted Cycle Lane,0,0,0.07453942,74.53941831,124.6671806
992,BusLane,0,0,0.20082558,200.8255815,336.5599383
993,Painted Cycle Lane,0,0,0.42586293,425.8629293,711.8767329
994,Painted Cycle Lane,0,0,0.02133224,21.33224383,35.65636825
995,Painted Cycle Lane,0,0,0.73057309,730.5730896,1222.611377
996,Painted Cycle Lane,0,0,0.05743428,57.43428264,96.02975356
997,Painted Cycle Lane,0,0,0.744824,744.8240012,1244.526256
998,Painted Cycle Lane,0,0,0.01830818,18.30818485,30.66156787
999,Painted Cycle Lane,0,0,0.17811701,178.1170132,297.7023996
1000,Shared Foot and Cycle Path Road Adjacent,0,0,0.28783097,287.8309703,482.343087
1001,Painted Cycle Lane,0,0,0.05595519,55.95518571,93.55436704
1002,Painted Cycle Lane,0,0,0.08042626,80.4262644,134.7484233
1003,Painted Cycle Lane,0,0,0.04399063,43.99062574,73.49805302
1004,Painted Cycle Lane,0,0,0.00908761,9.087608955,15.21540362
1005,Painted Cycle Lane,0,0,0.08172798,81.72798262,136.7989168
1006,BusLane,0,0,0.33278033,332.7803286,556.738228
1007,Painted Cycle Lane,0,0,0.09733045,97.33044957,162.8323725
1008,Painted Cycle Lane,0,0,0.13929137,139.2913714,233.6038169
1009,BusLane,0,0,0.29028666,290.286664,485.4303397
1010,BusLane,0,0,0.02728156,27.28156396,45.73183652
1011,BusLane,0,0,0.05855126,58.55125589,98.11563855
1012,BusLane,0,0,0.0143786,14.37860028,24.08126008
1013,Painted Cycle Lane,0,0,0.33100482,331.0048198,553.6323658
1014,Painted Cycle Lane,0,0,0.02687446,26.8744606,44.94081286
1015,Shared Foot and Cycle Path Road Adjacent,0,0,0.0827293,82.72929964,138.6648673
1016,Painted Cycle Lane,0,0,0.19969644,199.6964397,333.8139473
1017,Painted Cycle Lane,0,0,0.14164994,141.6499377,237.5837818
1018,BusLane,0,0,0.02020596,20.20595817,33.81441014
1019,BusLane,0,0,0.0401904,40.19040491,67.35202513
1020,BusLane,0,0,0.68941812,689.4181235,1154.421509
1021,Painted Cycle Lane,0,0,0.01273562,12.73561972,21.32946797
1022,BusLane,0,0,0.06169861,61.69861499,103.1268866
1023,BusLane,0,0,0.47730718,477.3071777,799.147183
1024,Painted Cycle Lane,0,0,0.0613481,61.34810182,102.6621969
1025,Painted Cycle Lane,0,0,0.03804544,38.04544038,63.56161641
1026,BusLane,0,0,0.2618572,261.8571974,438.5566778
1027,Painted Cycle Lane,0,0,0.04244924,42.44924026,71.08589575
1028,Painted Cycle Lane,0,0,0.23593042,235.9304172,395.5407959
1029,Painted Cycle Lane,0,0,0.05850717,58.50716645,97.79186303
1030,Painted Cycle Lane,0,0,0.0113226,11.32260152,18.92432098
1031,Painted Cycle Lane,0,0,0.04519088,45.19087911,75.53183431
1032,Painted Cycle Lane,0,0,0.2237531,223.7531003,375.1299972
1033,BusLane,0,0,0.05878868,58.78867947,98.26364121
1034,Painted Cycle Lane,0,0,0.06104739,61.04739414,102.2240183
1035,Shared Foot and Cycle Path Road Adjacent,0,0,0.37039355,370.3935507,620.6439814
1036,BusLane,0,0,0.19277551,192.7755053,322.9559898
1037,Painted Cycle Lane,0,0,0.25838405,258.3840502,432.7050745
1038,Painted Cycle Lane,0,0,0.40020386,400.2038581,669.7934853
1039,BusLane,0,0,0.02416564,24.16563747,40.38277262
1040,Painted Cycle Lane,0,0,0.01524876,15.24876192,25.52909202
1041,Painted Cycle Lane,0,0,0.0527154,52.71539617,88.19125917
1042,Painted Cycle Lane,0,0,0.46955838,469.5583823,785.9761756
1043,BusLane,0,0,0.10905383,109.0538314,182.3473127
1044,BusLane,0,0,0.07044772,70.44771995,117.8280738
1045,Painted Cycle Lane,0,0,0.02365723,23.6572317,39.59663367
1046,Painted Cycle Lane,0,0,0.07176953,71.76953335,120.1348308
1047,BusLane,0,0,0.02370257,23.70257451,39.66551149
1048,Painted Cycle Lane,0,0,0.29063744,290.6374414,487.0355344
1049,BusLane,0,0,0.04997661,49.97660925,83.51054818
1050,Painted Cycle Lane,0,0,0.07906079,79.06078771,132.4106454
1051,BusLane,0,0,0.19828436,198.2843555,331.5386412
1052,Painted Cycle Lane,0,0,0.52265274,522.6527399,875.6278497
1053,Painted Cycle Lane,0,0,0.21373815,213.7381506,358.3557863
1054,BusLane,0,0,0.03501803,35.01802707,58.51329978
1055,Painted Cycle Lane,0,0,0.08823794,88.23794023,147.7106915
1056,Painted Cycle Lane,0,0,0.05428565,54.28564933,90.83135176
1057,Painted Cycle Lane,0,0,0.06125529,61.25529137,102.5664951
1058,BusLane,0,0,0.1058583,105.8583048,176.8777558
1059,Painted Cycle Lane,0,0,0.03335878,33.35878084,55.7823592
1060,BusLane,0,0,0.09216428,92.16427668,154.3306971
1061,Painted Cycle Lane,0,0,0.09081904,90.81903965,151.9029796
1062,Painted Cycle Lane,0,0,0.07367908,73.67907775,123.4210907
1063,Painted Cycle Lane,0,0,0.05165063,51.65063072,86.5558811
1064,Painted Cycle Lane,0,0,0.12098421,120.9842052,202.4311617
1065,Painted Cycle Lane,0,0,0.02725031,27.25031481,45.63535765
1066,Painted Cycle Lane,0,0,0.02463892,24.63891675,41.27992835
1067,Painted Cycle Lane,0,0,0.09217811,92.17810707,154.4032545
1068,BusLane,0,0,0.08564036,85.64035884,143.1173289
1069,Painted Cycle Lane,0,0,0.10751845,107.5184499,180.1758346
1070,Painted Cycle Lane,0,0,0.09078079,90.78078763,152.1019239
1071,Painted Cycle Lane,0,0,0.03632368,36.32368042,60.86255683
1072,Painted Cycle Lane,0,0,0.04666178,46.66178492,78.17821347
1073,Painted Cycle Lane,0,0,0.02334201,23.34200512,39.1071126
1074,Painted Cycle Lane,0,0,0.03853528,38.53528015,64.55338912
1075,BusLane,0,0,0.04525558,45.25558397,75.67905094
1076,Painted Cycle Lane,0,0,0.07084579,70.84578814,118.6258175
1077,Painted Cycle Lane,0,0,0.10395924,103.9592432,174.1241453
1078,Painted Cycle Lane,0,0,0.24134649,241.3464879,404.3814814
1079,Painted Cycle Lane,0,0,0.00837719,8.377192145,14.00547494
1080,Painted Cycle Lane,0,0,0.04249701,42.49701008,71.04723808
1081,Painted Cycle Lane,0,0,0.03543965,35.43965084,59.40292145
1082,Painted Cycle Lane,0,0,0.10748975,107.4897481,179.8403724
1083,Shared Foot and Cycle Path Road Adjacent,0,0,0.13986375,139.8637506,234.3281449
1084,Painted Cycle Lane,0,0,0.05422295,54.22294748,90.91500341
1085,BusLane,0,0,0.05108157,51.08157332,85.3637982
1086,BusLane,0,0,0.01202447,12.02446693,20.15250474
1087,BusLane,0,0,0.10472811,104.7281087,175.4971261
1088,Painted Cycle Lane,0,0,0.04231126,42.3112606,70.73754852
1089,Painted Cycle Lane,0,0,0.08654356,86.54355849,145.0024787
1090,Painted Cycle Lane,0,0,0.05210312,52.1031193,87.18777039
1091,Painted Cycle Lane,0,0,0.06320287,63.20287426,105.8927025
1092,Painted Cycle Lane,0,0,0.08352034,83.5203399,139.9168165
1093,Painted Cycle Lane,0,0,0.04596222,45.96221755,76.83149248
1094,Painted Cycle Lane,0,0,0.01659195,16.59195282,27.73818435
1095,Painted Cycle Lane,0,0,0.1475236,147.5236018,246.856363
1096,Painted Cycle Lane,0,0,0.14957188,149.5718842,250.845107
1097,Painted Cycle Lane,0,0,0.18800458,188.0045784,314.2497608
1098,Painted Cycle Lane,0,0,0.01246884,12.46883894,20.89070305
1099,BusLane,0,0,0.20968398,209.6839827,350.5563782
1100,Painted Cycle Lane,0,0,0.03000741,30.00741138,50.24886168
1101,Painted Cycle Lane,0,0,0.06158633,61.58633264,103.106934
1102,BusLane,0,0,0.48298732,482.9873232,807.3761571
1103,Painted Cycle Lane,0,0,0.01945154,19.45153551,32.58996513
1104,Painted Cycle Lane,0,0,0.03645285,36.45284628,61.0685889
1105,BusLane,0,0,0.05056106,50.56106467,84.51725425
1106,Shared Foot and Cycle Path Road Adjacent,0,0,0.02109185,21.09185417,35.2563296
1107,BusLane,0,0,0.10656568,106.5656801,178.4627644
1108,BusLane,0,0,0.02938918,29.38917983,49.12230975
1109,BusLane,0,0,0.36599076,365.9907584,611.7413583
1110,BusLane,0,0,0.02516215,25.16215404,42.05952282
1111,BusLane,0,0,0.03877324,38.77324125,64.80709073
1112,BusLane,0,0,0.10054682,100.5468199,168.0897724
1113,Painted Cycle Lane,0,0,0.03850614,38.50613579,64.48980817
1114,BusLane,0,0,0.1595283,159.528296,267.0164955
1115,BusLane,0,0,0.17104475,171.0447519,286.2837528
1116,BusLane,0,0,0.03217074,32.17073504,53.94309009
1117,BusLane,0,0,0.04563015,45.63014916,76.26929622
1118,Painted Cycle Lane,0,0,0.04833382,48.33382313,80.7993883
1119,BusLane,0,0,0.05365948,53.65948034,89.71218657
1120,Painted Cycle Lane,0,0,0.08395018,83.95018114,140.6571719
1121,BusLane,0,0,0.25086342,250.8634211,420.6630831
1122,Painted Cycle Lane,0,0,0.11330468,113.3046806,189.4008863
1123,Painted Cycle Lane,0,0,0.09050348,90.50347967,151.8067084
1124,BusLane,0,0,0.42744165,427.4416452,714.6116379
1125,Painted Cycle Lane,0,0,0.09370887,93.70887463,157.1263756
1126,Painted Cycle Lane,0,0,0.04341245,43.41245224,72.57535419
1127,BusLane,0,0,0.1098192,109.8192047,183.5951497
1128,Painted Cycle Lane,0,0,0.1725782,172.5782046,289.0859776
1129,Painted Cycle Lane,0,0,0.14738852,147.3885236,246.9652057
1130,Painted Cycle Lane,0,0,0.12445009,124.4500894,208.5484457
1131,Painted Cycle Lane,0,0,0.10774717,107.7471654,180.5936311
1132,Painted Cycle Lane,0,0,0.0362433,36.24329518,60.71364725
1133,Painted Cycle Lane,0,0,0.08141141,81.41140517,136.3408469
1134,Painted Cycle Lane,0,0,0.10627129,106.2712886,178.1977329
1135,BusLane,0,0,0.2591445,259.1444964,433.24191
1136,BusLane,0,0,0.01369669,13.69668736,22.95324217
1137,Painted Cycle Lane,0,0,0.02835113,28.35112635,47.49218762
1138,BusLane,0,0,0.02582156,25.821555,43.24464392
1139,BusLane,0,0,0.15079118,150.7911788,252.0515348
1140,Painted Cycle Lane,0,0,0.08488566,84.88565679,142.0801201
1141,Painted Cycle Lane,0,0,0.04005742,40.0574205,66.96276179
1142,BusLane,0,0,0.07307202,73.07201661,122.2547283
1143,BusLane,0,0,0.06955696,69.55696285,116.3864038
1144,Painted Cycle Lane,0,0,0.02030966,20.30965798,33.99608896
1145,Painted Cycle Lane,0,0,0.27853519,278.5351863,465.4367446
1146,Shared Foot and Cycle Path Road Adjacent,1,0,0.01503388,15.03388414,25.19044265
1147,BusLane,0,0,0.12483854,124.8385433,209.2052495
1148,Painted Cycle Lane,0,0,0.09920477,99.20477312,166.1734917
1149,Painted Cycle Lane,0,0,0.03225624,32.25623924,53.92392502
1150,BusLane,0,0,0.20217767,202.177666,338.4208015
1151,BusLane,0,0,0.11467049,114.6704891,191.6669998
1152,BusLane,0,0,0.06405946,64.0594598,107.0767927
1153,Painted Cycle Lane,0,0,0.08238939,82.38939324,138.0282468
1154,BusLane,0,0,0.2601473,260.1473017,434.8310562
1155,Painted Cycle Lane,0,0,0.21404589,214.0458924,358.9544516
1156,Painted Cycle Lane,0,0,0.05728856,57.28856143,96.03473018
1157,Painted Cycle Lane,0,0,0.06629647,66.29647469,110.9224561
1158,Painted Cycle Lane,0,0,0.06538467,65.38467359,109.2363099
1159,BusLane,0,0,0.21227827,212.2782658,355.9755215
1160,Painted Cycle Lane,0,0,0.12058025,120.5802489,202.0534469
1161,Painted Cycle Lane,0,0,0.03549637,35.49637489,59.33976874
1162,Painted Cycle Lane,0,0,0.04577099,45.77099043,76.5499129
1163,Painted Cycle Lane,0,0,0.1765449,176.5448976,295.7277082
1164,Painted Cycle Lane,0,0,0.18068707,180.6870738,302.028401
1165,Painted Cycle Lane,0,0,0.36702548,367.0254757,615.2232645
1166,Painted Cycle Lane,0,0,0.05638086,56.38086347,94.4693669
1167,BusLane,0,0,0.03342232,33.42231906,56.04354932
1168,Painted Cycle Lane,0,0,0.2429839,242.9838973,407.1232347
1169,BusLane,0,0,0.01518929,15.1892878,25.42371083
1170,BusLane,0,0,0.26605546,266.0554618,444.7043257
1171,Painted Cycle Lane,0,0,0.02279247,22.79246648,38.17363196
1172,Painted Cycle Lane,0,0,0.29280043,292.8004298,490.6575551
1173,Painted Cycle Lane,0,0,0.01231418,12.31417621,20.62954397
1174,Painted Cycle Lane,0,0,0.05030851,50.30851357,84.11596176
1175,Painted Cycle Lane,0,0,0.1927631,192.7631045,322.404543
1176,Painted Cycle Lane,0,0,0.07210075,72.10074562,120.526013
1177,Painted Cycle Lane,0,0,0.18283532,182.835322,305.6199631
1178,Painted Cycle Lane,0,0,0.10047142,100.4714248,168.3372652
1179,Painted Cycle Lane,0,0,0.04184261,41.84261052,70.10052268
1180,BusLane,0,0,0.43590744,435.9074388,728.9592844
1181,Painted Cycle Lane,0,0,0.0278982,27.89820128,46.63708441
1182,Painted Cycle Lane,0,0,0.08395074,83.95074321,140.6604642
1183,Painted Cycle Lane,0,0,0.02633625,26.33624567,44.09303747
1184,BusLane,0,0,0.02226818,22.26817896,37.30917429
1185,Painted Cycle Lane,0,0,0.01694337,16.94337336,28.33298802
1186,Painted Cycle Lane,0,0,0.04731135,47.31135297,79.26869235
1187,Shared Foot and Cycle Path Road Adjacent,1,0,0.13373525,133.7352542,224.0670907
1188,Painted Cycle Lane,0,0,0.06869339,68.69339407,114.8277067
1189,BusLane,0,0,0.21595995,215.9599547,362.2496099
1190,Shared Foot and Cycle Path Road Adjacent,0,0,0.04340854,43.40854036,72.56835351
1191,Shared Foot and Cycle Path Road Adjacent,0,0,0.05887651,58.87651185,98.41374417
1192,BusLane,0,0,0.07475749,74.75748691,124.985477
1193,Painted Cycle Lane,0,0,0.01414535,14.14535479,23.69349684
1194,BusLane,0,0,0.04951257,49.5125738,82.77710522
1195,BusLane,0,0,0.06519554,65.1955357,109.0957629
1196,Painted Cycle Lane,0,0,0.04060056,40.60056491,68.02042036
1197,BusLane,0,0,0.44636719,446.3671943,746.2494299
1198,Painted Cycle Lane,0,0,0.07846592,78.46592042,131.0944474
1199,Shared Foot and Cycle Path Road Adjacent,0,0,0.02402172,24.02171596,40.20707773
1200,BusLane,0,0,0.02863579,28.63578914,47.93581848
1201,BusLane,0,0,0.18945627,189.4562663,316.7799278
1202,Painted Cycle Lane,0,0,0.0549407,54.94070082,91.91520751
1203,BusLane,0,0,0.06245125,62.45125071,104.385777
1204,BusLane,0,0,0.21597076,215.970763,361.7292821
1205,BusLane,0,0,0.03253441,32.53441237,54.40772541
1206,BusLane,0,0,0.0256378,25.63779777,42.95434448
1207,Painted Cycle Lane,0,0,0.06344952,63.44951748,106.3018948
1208,BusLane,0,0,0.01443549,14.43549019,24.13731311
1209,Shared Foot and Cycle Path Road Adjacent,0,0,0.03746193,37.46193032,62.61867977
1210,Painted Cycle Lane,0,0,0.03023244,30.23244005,50.65149727
1211,BusLane,0,0,0.35172205,351.7220477,589.8147956
1212,BusLane,0,0,0.04344955,43.44955416,72.80123871
1213,BusLane,0,0,0.01969782,19.69781782,33.00469288
1214,Painted Cycle Lane,0,0,0.01689409,16.89408892,28.26125157
1215,Painted Cycle Lane,0,0,0.0320085,32.00849828,53.55363545
1216,Painted Cycle Lane,0,0,0.09012416,90.12416448,151.007527
1217,BusLane,0,0,0.03096854,30.96854078,51.77574915
1218,Painted Cycle Lane,0,0,0.02114524,21.14523675,35.43234689
1219,BusLane,0,0,0.0513634,51.3634003,85.86904744
1220,BusLane,0,0,0.0338557,33.85569792,56.60311626
1221,BusLane,0,0,0.02502178,25.02178328,41.84394377
1222,BusLane,0,0,0.02424448,24.24448035,40.52538828
1223,Painted Cycle Lane,0,0,0.02541736,25.41736227,42.58598268
1224,BusLane,0,0,0.02412581,24.12580912,40.46253001
1225,BusLane,0,0,0.05466104,54.66104097,91.38964355
1226,BusLane,0,0,0.10272459,102.7245904,172.1500999
1227,BusLane,0,0,0.04339748,43.3974847,72.55457424
1228,Painted Cycle Lane,0,0,0.02681566,26.81565684,44.91879106
1229,Painted Cycle Lane,0,0,0.02216947,22.16946629,37.13566787
1230,Painted Cycle Lane,0,0,0.00950571,9.505706864,15.92150282
1231,BusLane,0,0,0.0501936,50.19359691,84.09795682
1232,BusLane,0,0,0.06691576,66.9157645,111.916065
1233,BusLane,0,0,0.08583879,85.83878587,143.5075843
1234,BusLane,0,0,0.05570974,55.70973613,93.34259124
1235,BusLane,0,0,0.0219398,21.93980199,36.67738274
1236,BusLane,0,0,0.03744571,37.44570755,62.58948803
1237,Painted Cycle Lane,0,0,0.03769448,37.69443612,63.05277404
1238,Painted Cycle Lane,0,0,0.02632979,26.32979151,44.07592608
1239,Painted Cycle Lane,0,0,0.0951427,95.14269576,159.6107949
1240,Painted Cycle Lane,0,0,0.06263758,62.63758371,104.7670034
1241,Painted Cycle Lane,0,0,0.03942711,39.42710631,65.95351504
1242,Shared Foot and Cycle Path Road Adjacent,0,0,0.04164519,41.64519007,69.63464065
1243,BusLane,0,0,0.15450437,154.5043685,258.4095585
1244,Painted Cycle Lane,0,0,0.11140074,111.4007144,186.2779231
1245,BusLane,0,0,0.05190483,51.90483164,86.92023687
1246,Painted Cycle Lane,0,0,0.08267457,82.67456914,138.184789
1247,Painted Cycle Lane,0,0,0.05320997,53.20996827,88.94176097
1248,Painted Cycle Lane,0,0,0.12419441,124.1944124,207.8516596
1249,BusLane,0,0,0.17401023,174.0102323,290.7256082
1250,Shared Foot and Cycle Path Road Adjacent,0,0,0.0282958,28.29580079,47.38128223
1251,BusLane,0,0,0.03114539,31.14538862,52.20109239
1252,BusLane,0,0,0.22386439,223.8643872,374.9342919
1253,BusLane,0,0,0.02718893,27.18892536,45.55250447
1254,Painted Cycle Lane,0,0,0.02423428,24.23428051,40.58048085
1255,Shared Foot and Cycle Path Road Adjacent,0,0,0.68534442,685.3444152,1148.387236
1256,Painted Cycle Lane,0,0,0.05715912,57.15912053,95.56713152
1257,Painted Cycle Lane,0,0,0.02685318,26.85318221,44.94829144
1258,Painted Cycle Lane,0,0,0.02540824,25.40824385,42.46762752
1259,Painted Cycle Lane,0,0,0.05585077,55.85077212,93.37039112
1260,BusLane,0,0,0.37513014,375.1301387,627.8194925
1261,Painted Cycle Lane,0,0,0.06155801,61.55801328,103.2081867
1262,Painted Cycle Lane,0,0,0.07984834,79.84833812,133.6446378
1263,Painted Cycle Lane,0,0,0.02564378,25.6437835,42.98057713
1264,BusLane,0,0,0.04124884,41.24883661,68.93560833
1265,Painted Cycle Lane,1,0,0.06451426,64.51425679,107.8969806
1266,Painted Cycle Lane,0,0,0.02038629,20.38629134,34.10919408
1267,Shared Foot and Cycle Path Road Adjacent,0,0,0.89917787,899.1778717,1505.608104
1268,Painted Cycle Lane,0,0,0.17696545,176.9654514,295.8395198
1269,Painted Cycle Lane,0,0,0.04263983,42.63982769,71.34200005
1270,Shared Foot and Cycle Path Road Adjacent,0,0,0.05141844,51.41843983,86.04115252
1271,Painted Cycle Lane,0,0,0.02856734,28.56734333,47.79663165
1272,BusLane,0,0,0.02542581,25.42580912,42.58959934
1273,Painted Cycle Lane,0,0,0.04246044,42.46044409,71.12227648
1274,BusLane,0,0,0.0563402,56.34019839,94.17535745
1275,BusLane,0,0,0.05019153,50.19153313,84.09539679
1276,Painted Cycle Lane,0,0,0.05850728,58.5072764,98.01316088
1277,Painted Cycle Lane,0,0,0.19002702,190.0270162,318.0508723
1278,Painted Cycle Lane,0,0,0.01538914,15.38914226,25.74223003
1279,Painted Cycle Lane,0,0,0.07492119,74.92118936,125.4638664
1280,Shared Foot and Cycle Path Road Adjacent,0,0,0.12793836,127.9383645,214.2528651
1281,Painted Cycle Lane,0,0,0.18985471,189.8547145,317.9336195
1282,Shared Foot and Cycle Path Road Adjacent,0,0,0.27122372,271.2237182,454.1791124
1283,Painted Cycle Lane,0,0,0.07745325,77.45324544,129.6485624
1284,Painted Cycle Lane,0,0,0.22810301,228.1030088,381.6713186
1285,Painted Cycle Lane,0,0,0.11394023,113.9402336,190.44627
1286,Painted Cycle Lane,0,0,0.10189231,101.8923118,170.5924078
1287,Painted Cycle Lane,0,0,0.05014603,50.14603076,83.95520774
1288,Painted Cycle Lane,0,0,0.09624867,96.24867093,161.1432233
1289,Painted Cycle Lane,0,0,0.31409573,314.0957309,525.6815038
1290,Painted Cycle Lane,0,0,0.45549604,455.4960355,762.3934718
1291,Painted Cycle Lane,0,0,0.30943866,309.4386579,518.4674776
1292,Painted Cycle Lane,0,0,0.03286267,32.86266655,55.05778626
1293,Painted Cycle Lane,0,0,0.09163776,91.63775506,153.5295728
1294,Painted Cycle Lane,0,0,0.12590044,125.9004397,210.9229137
1295,Painted Cycle Lane,0,1,0.13860295,138.6029526,232.1991562
1296,Painted Cycle Lane,0,1,0.09839856,98.39856227,164.8442407
1297,Painted Cycle Lane,0,0,0.07111811,71.11811076,119.1435053
1298,Painted Cycle Lane,0,1,0.12398453,123.9845345,207.7168052
1299,Painted Cycle Lane,0,0,0.07777979,77.77978576,130.3122865
1300,Painted Cycle Lane,0,0,0.14991101,149.9110121,251.1723892
1301,Painted Cycle Lane,0,0,0.03086747,30.86747211,51.70539802
1302,Painted Cycle Lane,0,0,0.17337874,173.3787373,290.0723256
1303,Painted Cycle Lane,0,0,0.19751552,197.515523,330.4315888
1304,BusLane,0,0,0.13695334,136.9533433,228.9355727
1305,BusLane,0,0,0.04061681,40.61681408,67.892975
1306,BusLane,0,0,0.10868709,108.6870869,182.0237739
1307,BusLane,0,0,0.02485416,24.85415718,41.62483952
1308,Painted Cycle Lane,0,0,0.07609247,76.09246539,127.3694433
1309,Painted Cycle Lane,0,0,0.01069416,10.6941581,17.90601572
1310,Shared Foot and Cycle Path Road Adjacent,0,0,0.416592,416.5919951,698.7240135
1311,Shared Foot and Cycle Path Road Adjacent,0,0,0.18542243,185.4224082,310.3907776
1312,Shared Foot and Cycle Path Road Adjacent,0,0,0.02855708,28.55707956,47.89922846
1313,Shared Foot and Cycle Path Road Adjacent,0,0,0.0189109,18.9109,31.65414848
1314,Shared Foot and Cycle Path Road Adjacent,0,0,0.30071192,300.7119212,503.3396954
1315,BusLane,0,0,0.12920678,129.206753,216.2714719
1316,Shared Foot and Cycle Path Road Adjacent,0,0,0.30458311,304.583108,510.4011854
1317,Painted Cycle Lane,0,0,0.04746827,47.4682738,79.51134061
1318,Painted Cycle Lane,0,0,0.11943427,119.4342684,200.0773688
1319,Shared Foot and Cycle Path Road Adjacent,0,0,0.0671441,67.1440968,112.4575024
1320,Shared Foot and Cycle Path Road Adjacent,0,0,0.112766,112.765996,188.94167
1321,Painted Cycle Lane,0,0,0.07348808,73.48807917,122.8302854
1322,Painted Cycle Lane,0,0,0.07169582,71.69581672,119.8888616
1323,Painted Cycle Lane,0,0,0.01950314,19.50314141,32.67518729
1324,Painted Cycle Lane,0,0,0.1309913,130.9913005,219.4702488
1325,Painted Cycle Lane,0,0,0.0542203,54.22030474,90.8410839
1326,BusLane,0,0,0.66843806,668.4380627,1117.371234
1327,Painted Cycle Lane,0,0,0.19538897,195.3889666,326.6351077
1328,Painted Cycle Lane,0,0,0.03873582,38.73582492,64.75303556
1329,BusLane,0,0,0.23593859,235.938593,394.416079
1330,BusLane,0,0,0.00176673,1.76673372,2.953359477
1331,BusLane,0,0,0.07867681,78.67680541,131.5212548
1332,Shared Foot and Cycle Path Road Adjacent,0,0,0.01245565,12.45564577,20.86284895
1333,BusLane,0,0,0.07036693,70.36693427,117.6206892
1334,BusLane,0,0,0.06221636,62.21636217,104.0435981
1335,BusLane,0,0,0.0869909,86.99090231,145.5277087
1336,Painted Cycle Lane,0,0,0.06486513,64.86513142,108.6759746
1337,Painted Cycle Lane,0,0,0.14480659,144.8065871,242.0972962
1338,Painted Cycle Lane,0,0,0.11771846,117.718456,197.2274427
1339,Painted Cycle Lane,0,0,0.06739375,67.39374793,112.703758
1340,Painted Cycle Lane,0,0,0.99586694,995.8669433,1664.723452
1341,Painted Cycle Lane,0,0,1.3532708,1353.270796,2263.659042
1342,Painted Cycle Lane,0,0,1.21461222,1214.612215,2029.796778
1343,Painted Cycle Lane,0,0,0.19749793,197.4979266,330.4634354
1344,BusLane,0,0,0.29412063,294.1206276,491.8316211
1345,Painted Cycle Lane,0,0,0.00778616,7.786159699,13.02398184
1346,Painted Cycle Lane,0,0,0.0090104,9.010399635,15.06707638
1347,Painted Cycle Lane,0,0,0.01839828,18.39828036,30.75668403
1348,Painted Cycle Lane,0,0,0.01684365,16.84364955,28.15956613
1349,Painted Cycle Lane,0,0,0.74423538,744.2353801,1243.549341
1350,BusLane,0,0,0.28609599,286.0959901,478.9370137
1351,Painted Cycle Lane,0,0,0.06807571,68.07571331,113.9644259
1352,Painted Cycle Lane,0,0,0.01401102,14.01102156,23.41054042
1353,Painted Cycle Lane,0,0,0.00966112,9.661121327,16.14324321
1354,Painted Cycle Lane,0,0,0.00965047,9.650474916,16.125731
1355,Painted Cycle Lane,0,0,0.01407932,14.07932318,23.58026258
1356,Painted Cycle Lane,0,0,0.00595936,5.959356106,9.9813129
1357,Painted Cycle Lane,0,0,0.01053777,10.53777435,17.60798132
1358,Painted Cycle Lane,0,0,0.01061638,10.61638159,17.73924465
1359,Painted Cycle Lane,0,0,0.01011963,10.11963068,16.94903699
1360,Painted Cycle Lane,0,0,0.27359275,273.5927512,457.18079
1361,Painted Cycle Lane,0,0,0.29652509,296.525089,496.1559131
1362,Painted Cycle Lane,0,0,0.5102796,510.2795966,852.8818388
1363,Painted Cycle Lane,0,0,0.01088979,10.88979022,18.20138303
1364,Painted Cycle Lane,0,0,0.00797592,7.975915903,13.34851577
1365,Painted Cycle Lane,0,0,0.0119219,11.92189589,19.93133065
1366,Painted Cycle Lane,0,0,0.00939222,9.392220557,15.72335256
1367,Shared Foot and Cycle Path Road Adjacent,1,0,0.01001908,10.01907511,16.75724074
1368,Painted Cycle Lane,0,0,0.75941956,759.4195569,1270.859493
1369,Painted Cycle Lane,0,0,0.03184413,31.84412631,53.31153155
1370,Painted Cycle Lane,0,0,0.53751276,537.5127618,898.5849423
1371,Shared Foot and Cycle Path Road Adjacent,1,0,0.01749541,17.4954071,29.2568623
1372,Painted Cycle Lane,0,0,0.01456889,14.56888829,24.34487666
1373,Painted Cycle Lane,0,0,0.00957699,9.576994696,16.03367958
1374,Painted Cycle Lane,0,0,0.01556078,15.56077776,26.00506789
1375,Painted Cycle Lane,0,0,0.01118659,11.18658793,18.7325504
1376,Painted Cycle Lane,0,0,0.45963508,459.635079,769.365704
1377,Shared Foot and Cycle Path Road Adjacent,0,0,0.01469159,14.69159325,24.56362565
1378,Painted Cycle Lane,0,0,0.26124666,261.2466614,437.4833383
1379,Painted Cycle Lane,0,0,0.29517103,295.1710279,494.2461508
1380,Painted Cycle Lane,0,0,0.00930946,9.309456346,15.56680871
1381,Painted Cycle Lane,0,0,0.01444413,14.44412836,24.18106622
1382,Painted Cycle Lane,0,0,1.02434786,1024.347857,1713.577926
1383,Painted Cycle Lane,0,0,0.58464443,584.6444283,978.1431068
1384,BusLane,0,0,0.10266711,102.6671146,171.6968306
1385,Painted Cycle Lane,0,0,0.44010228,440.1022786,736.0804083
1386,BusLane,0,0,0.25543657,255.4365661,427.334023
1387,BusLane,0,0,0.29117355,291.1735498,486.9140274
1388,Painted Cycle Lane,0,0,0.17654788,176.5478827,295.359275
1389,Painted Cycle Lane,0,0,0.14808664,148.0866387,247.6717717
1390,BusLane,0,0,0.57005791,570.0579112,954.6536762
1391,Painted Cycle Lane,0,0,0.11540032,115.4003168,192.9583172
1392,Painted Cycle Lane,0,0,0.0267398,26.73980022,44.70153902
1393,Painted Cycle Lane,0,0,0.63674079,636.7407887,1063.882931
1394,Painted Cycle Lane,0,0,0.02594181,25.94180678,43.36045531
1395,Painted Cycle Lane,0,0,0.9122369,912.2369042,1525.478832
1396,Painted Cycle Lane,0,0,0.07045769,70.45768662,117.8194181
1397,Painted Cycle Lane,0,0,0.66445001,664.4500077,1111.675007
1398,Painted Cycle Lane,0,0,0.35927574,359.275739,601.1935582
1399,Painted Cycle Lane,0,0,0.03814177,38.14176519,63.80962191
1400,Painted Cycle Lane,0,0,0.03352084,33.52084395,55.99530179
1401,Painted Cycle Lane,0,0,0.69793678,697.9367762,1167.708748
1402,Painted Cycle Lane,0,0,0.06643843,66.43842858,111.133879
1403,Painted Cycle Lane,0,0,0.02510495,25.10495428,42.00098572
1404,Painted Cycle Lane,0,0,0.02695227,26.952274,45.14752798
1405,Painted Cycle Lane,0,0,0.01494893,14.94892965,25.04093515
1406,Painted Cycle Lane,0,0,0.0139925,13.99250302,23.43856038
1407,Painted Cycle Lane,0,0,0.01371417,13.7141743,22.9722719
1408,Painted Cycle Lane,0,0,0.2039077,203.9076995,340.8972655
1409,BusLane,0,0,0.02570084,25.70084228,43.05464975
1410,Painted Cycle Lane,0,0,0.01910284,19.10284445,31.95254288
1411,Painted Cycle Lane,0,0,0.10330442,103.3044201,172.6675532
1412,Painted Cycle Lane,0,0,0.11595051,115.9505065,193.8663029
1413,BusLane,0,0,0.03968314,39.68313924,66.47564065
1414,Painted Cycle Lane,0,0,0.01465246,14.65246043,24.48755302
1415,Painted Cycle Lane,0,0,0.0316172,31.6171992,52.84987234
1416,Painted Cycle Lane,0,0,0.13304223,133.042234,222.3941407
1417,Painted Cycle Lane,0,0,0.02151533,21.51533152,36.04023195
1418,Painted Cycle Lane,0,0,1.38944267,1389.442675,2323.72465
1419,Painted Cycle Lane,0,0,0.04317821,43.17821062,72.2709439
1420,Painted Cycle Lane,0,0,0.04129184,41.29184173,69.11568612
1421,Painted Cycle Lane,0,0,0.01104123,11.04123464,18.48164196
1422,Painted Cycle Lane,0,0,0.02537538,25.37537655,42.47466249
1423,Painted Cycle Lane,0,0,0.01408325,14.08325063,23.55353685
1424,Painted Cycle Lane,0,0,0.02088832,20.88831721,34.98559547
1425,Painted Cycle Lane,0,0,0.46426044,464.2604368,776.1068011
1426,Painted Cycle Lane,0,0,1.27903831,1279.038314,2140.438969
1427,Painted Cycle Lane,0,0,0.33270631,332.7063068,555.8713241
1428,BusLane,0,0,0.20219531,202.1953142,337.7701428
1429,BusLane,0,0,0.25393019,253.9301897,424.2108957
1430,Painted Cycle Lane,0,0,0.05177116,51.77115755,86.48106826
1431,Painted Cycle Lane,0,0,1.49560084,1495.600837,2503.637295
1432,Painted Cycle Lane,0,0,2.43673938,2436.739432,4075.698362
1433,Painted Cycle Lane,0,0,1.27937919,1279.379189,2138.359899
1434,Painted Cycle Lane,0,0,1.18204798,1182.047972,1976.329398
1435,Painted Cycle Lane,0,0,0.46351708,463.5170751,775.8757327
1436,Painted Cycle Lane,0,0,0.02889726,28.89725963,48.37158455
1437,Painted Cycle Lane,0,0,0.01649693,16.49692573,27.57707241
1438,Painted Cycle Lane,0,0,0.01176439,11.76438662,19.65472634
1439,Painted Cycle Lane,0,0,0.02575719,25.75719427,43.04017922
1440,Painted Cycle Lane,0,0,0.02898266,28.98265992,48.4291441
1441,Painted Cycle Lane,0,0,0.00810261,8.102613862,13.5643549
1442,Painted Cycle Lane,0,0,0.08569571,85.69571454,143.4329964
1443,Painted Cycle Lane,0,0,0.02225867,22.25867057,37.26201321
1444,BusLane,0,0,0.4642312,464.2311995,777.3526042
1445,BusLane,0,0,0.44043439,440.4343915,737.5154955
1446,Painted Cycle Lane,0,0,1.31099686,1310.996861,2192.329877
1447,Painted Cycle Lane,0,0,0.02764825,27.64824951,46.25526707
1448,Painted Cycle Lane,0,0,0.01831282,18.31282165,30.61966053
1449,Painted Cycle Lane,0,0,0.08079797,80.79796712,135.2042013
1450,Painted Cycle Lane,0,0,0.02766897,27.66896735,46.30585383
1451,Painted Cycle Lane,0,0,0.993016,993.015998,1662.230892
1452,BusLane,0,0,0.38911917,389.1191697,651.3533799
1453,Painted Cycle Lane,0,0,0.04500961,45.00961226,75.29584669
1454,BusLane,0,0,0.27755004,277.5500365,464.5088676
1455,Painted Cycle Lane,0,0,1.6180755,1618.075496,2706.32007
1456,Painted Cycle Lane,0,0,0.01648567,16.48567195,27.56704369
1457,Painted Cycle Lane,0,0,0.4141673,414.1672971,693.7177687
1458,Painted Cycle Lane,0,0,0.07889822,78.89821953,132.1198273
1459,Painted Cycle Lane,0,0,0.0089392,8.939203853,14.97674399
1460,Painted Cycle Lane,0,0,0.08007642,80.07642266,134.1656445
1461,Painted Cycle Lane,0,0,0.01994454,19.94454365,33.41897937
1462,Painted Cycle Lane,0,0,0.02191472,21.91472252,36.63993141
1463,Painted Cycle Lane,0,0,0.03221295,32.21295385,53.84796222
1464,Painted Cycle Lane,0,0,0.0535722,53.57219785,89.76604129
1465,Painted Cycle Lane,0,0,0.05867724,58.67724083,98.30088188
1466,Painted Cycle Lane,0,0,0.46186255,461.8625519,772.5839349
1467,Painted Cycle Lane,0,0,0.06944135,69.44134611,116.1488585
1468,BusLane,0,0,0.43878689,438.7868902,735.533973
1469,Shared Foot and Cycle Path Road Adjacent,0,0,0.07997722,79.97722194,134.0421618
1470,Shared Foot and Cycle Path Road Adjacent,0,0,0.03149274,31.4927352,52.78898128
1471,Shared Foot and Cycle Path Road Adjacent,0,0,0.2693412,269.341196,451.423126
1472,BusLane,0,0,0.0820451,82.04509614,137.4664927
1473,BusLane,0,0,0.70228014,702.2801406,1176.935015
1474,Shared Foot and Cycle Path Road Adjacent,0,0,0.04064784,40.64784111,68.12684742
1475,Painted Cycle Lane,0,0,0.09012345,90.12344973,151.0826927
1476,Shared Foot and Cycle Path Road Adjacent,0,0,0.09153311,91.53310548,153.4545603
1477,BusLane,0,0,0.55542021,555.4202119,930.9286334
1478,BusLane,0,0,0.20353056,203.5305594,340.989312
1479,Painted Cycle Lane,0,0,0.11400465,114.0046547,191.2458998
1480,BusLane,0,0,0.19476607,194.7660674,326.7302631
1481,Painted Cycle Lane,0,0,0.03108452,31.08451579,52.14353035
1482,BusLane,0,0,0.31318953,313.1895334,525.3937485
1483,Shared Foot and Cycle Path Road Adjacent,0,0,0.521004,521.0039971,874.0280025
1484,BusLane,0,0,0.40176659,401.7665938,673.3608914
1485,BusLane,0,0,0.46238623,462.3862327,774.9748415
1486,Painted Cycle Lane,0,0,0.12983781,129.8378141,217.6017023
1487,Painted Cycle Lane,0,0,0.19006856,190.0685557,318.5498853
1488,BusLane,0,0,0.21995495,219.9549473,368.6352886
1489,Painted Cycle Lane,0,0,0.41467602,414.6760198,693.1346887
1490,Shared Foot and Cycle Path Road Adjacent,0,0,0.26217309,262.1730942,438.2262929
1491,Painted Cycle Lane,0,0,0.3730284,373.0283964,623.5242353
1492,Shared Foot and Cycle Path Road Adjacent,0,0,0.13670951,136.7095142,228.5136698
1493,Painted Cycle Lane,0,0,0.21997158,219.9715845,367.6832883
1494,BusLane,0,0,0.17274874,172.7487431,288.7456499
1495,BusLane,0,0,0.2429147,242.9147026,406.0409089
1496,Shared Foot and Cycle Path Road Adjacent,1,0,0.01103559,11.03559495,18.48735921
1497,BusLane,0,0,0.13819643,138.1964304,231.0028938
1498,BusLane,0,0,0.13903035,139.0303469,232.3936565
1499,Shared Foot and Cycle Path Road Adjacent,1,0,0.00340655,3.406545467,5.706215235
1500,Painted Cycle Lane,0,0,0.24767,247.6699985,413.9839409
1501,BusLane,0,0,0.31286392,312.8639234,523.006203
1502,BusLane,0,0,0.73791518,737.9151754,1235.954816
1503,BusLane,0,0,0.35706985,357.0698459,596.6631636
1504,Painted Cycle Lane,0,1,0.0116095,11.60949766,19.44510778
1505,BusLane,0,0,0.30825312,308.2531212,515.3419847
1506,BusLane,0,0,0.27963992,279.639918,467.628367
1507,BusLane,0,0,0.59943994,599.4399403,1003.503529
1508,BusLane,0,0,0.2427594,242.7594005,405.8707541
1509,BusLane,0,0,0.23689755,236.8975478,396.5325767
1510,BusLane,0,0,0.06044633,60.44632942,101.2396846
1511,BusLane,0,0,0.02614852,26.14851973,43.80835115
1512,BusLane,0,0,0.16715152,167.1515246,279.3861142
1513,BusLane,0,0,0.20082558,200.8255815,336.5597542
1514,BusLane,0,0,0.06381937,63.81936739,106.9758127
1515,BusLane,0,0,0.04390856,43.90856082,73.60172897
1516,BusLane,0,0,0.03172084,31.72083751,53.16778626
1517,BusLane,0,0,0.69122018,691.2201805,1157.434965
1518,BusLane,0,0,0.19277551,192.7755053,322.9557291
1519,BusLane,0,0,0.10953116,109.5311636,183.5922381
1520,BusLane,0,0,0.33278033,332.7803286,556.739138
1521,BusLane,0,0,0.04124884,41.24883661,68.9356835
1522,BusLane,0,0,0.02911225,29.11225112,48.6675001
1523,BusLane,0,0,0.02357739,23.5773879,39.47369779
1524,BusLane,0,0,0.04267891,42.67890715,71.48284193
1525,BusLane,0,0,0.18930397,189.3039719,317.1208341
1526,BusLane,0,0,0.17401023,174.0102323,290.724991
1527,BusLane,0,0,0.2071264,207.1264008,346.2254284
1528,BusLane,0,0,0.43662946,436.6294631,730.8143901
1529,BusLane,0,0,0.17142014,171.4201395,286.5183693
1530,Painted Cycle Lane,0,0,1.14110824,1141.108243,1907.801655
1531,Painted Cycle Lane,0,0,0.01555765,15.55765028,26.0265219
1532,Painted Cycle Lane,0,0,0.01697031,16.97031155,28.42516384
1533,Painted Cycle Lane,0,0,0.40577521,405.7752064,678.5154412
1534,Painted Cycle Lane,0,0,0.22744399,227.4439928,381.1912331
1535,BusLane,0,0,0.1039019,103.9019036,174.1739961
1536,Painted Cycle Lane,0,0,0.19122022,191.2202228,320.3044825
1537,Painted Cycle Lane,0,0,0.44816621,448.1662072,749.9415382
1538,Painted Cycle Lane,0,0,0.17345807,173.458069,290.5337011
1539,Painted Cycle Lane,0,0,1.83199763,1831.997625,3066.0672
1540,BusLane,0,0,0.40050763,400.5076301,671.1270196
1541,Painted Cycle Lane,0,0,0.17759436,177.594362,297.3397178
1542,BusLane,0,0,0.14718262,147.1826206,246.1395838
1543,BusLane,0,0,0.01681429,16.8142949,28.12206893
1544,Painted Cycle Lane,0,0,0.32900904,329.0090399,550.2605666
1545,BusLane,0,0,0.13423533,134.2353276,224.8614082
1546,BusLane,0,0,0.41851312,418.5131217,700.5600947
1547,BusLane,0,0,0.28255935,282.5593502,473.6154121
1548,BusLane,0,0,0.09651639,96.51638531,161.3493473
1549,BusLane,0,0,0.13466958,134.6695787,225.8755673
1550,Painted Cycle Lane,0,0,0.05317089,53.17089445,89.05422858
1551,BusLane,0,0,0.07889168,78.89167925,131.8617454
1552,BusLane,0,0,0.20083907,200.8390725,335.746223
1553,Shared Foot and Cycle Path Road Adjacent,1,0,0.04652318,46.52317805,77.95177956
1554,Painted Cycle Lane,0,0,0.72039222,720.3922172,1205.596965
1555,Painted Cycle Lane,0,0,0.05987243,59.87243142,100.3182482
1556,BusLane,0,0,0.22102994,221.0299365,369.8994441
1557,BusLane,0,0,0.13670278,136.7027819,228.5292018
1558,Painted Cycle Lane,0,0,0.28902185,289.0218482,484.1359869
1559,Painted Cycle Lane,0,0,0.03933798,39.33797769,65.87457773
1560,Painted Cycle Lane,0,0,0.4111527,411.1526971,687.423414
1561,Painted Cycle Lane,0,0,0.01339786,13.39785701,22.39366744
1562,Painted Cycle Lane,0,0,0.05781645,57.81644657,96.65720151
1563,Painted Cycle Lane,0,0,0.02003131,20.0313065,33.48011856
1564,Painted Cycle Lane,0,0,0.02569168,25.69167583,43.00998046
1565,Painted Cycle Lane,0,0,0.00999054,9.990536551,16.7328809
1566,Painted Cycle Lane,0,0,2.04938606,2049.386062,3429.059095
1567,Painted Cycle Lane,0,0,0.01395058,13.95058366,23.3824914
1568,Painted Cycle Lane,0,0,0.65348624,653.4862363,1093.690247
1569,Painted Cycle Lane,0,0,0.35518103,355.1810316,594.1442622
1570,Painted Cycle Lane,0,0,0.07026755,70.26755036,117.7088422
1571,Painted Cycle Lane,0,0,0.0636973,63.69730237,106.6966273
1572,Painted Cycle Lane,0,0,0.00717487,7.174871566,12.01941647
1573,Painted Cycle Lane,0,0,0.45403368,454.0336804,758.9545806
1574,Painted Cycle Lane,0,0,0.38569082,385.6908193,645.9259134
1575,Painted Cycle Lane,0,0,0.05610345,56.10344586,93.78704386
1576,Painted Cycle Lane,0,0,0.01723625,17.23624621,28.81397316
1577,Painted Cycle Lane,0,0,0.80468381,804.6838052,1346.452647
1578,Painted Cycle Lane,0,0,0.3093259,309.325899,517.4354476
1579,Painted Cycle Lane,0,0,0.0779325,77.93250009,130.4372768
1580,Painted Cycle Lane,0,0,1.88845646,1888.456457,3159.442754
1581,Painted Cycle Lane,0,0,0.26716806,267.1680713,447.111669
1582,Painted Cycle Lane,0,0,0.8851243,885.124304,1482.191416
1583,Painted Cycle Lane,0,0,0.26716806,267.1680713,447.111669
1584,Painted Cycle Lane,0,0,0.52126337,521.2633651,872.3487466
1585,Shared Foot and Cycle Path Road Adjacent,0,0,0.02924342,29.24337919,48.98626492
1586,Painted Cycle Lane,0,0,0.05491658,54.91657744,91.84433387
1587,Painted Cycle Lane,0,0,0.01504571,15.04570754,25.1526109
1588,Painted Cycle Lane,0,0,0.0147663,14.76629605,24.71224322
1589,Painted Cycle Lane,0,0,0.10988073,109.8807316,184.3018082
1590,Painted Cycle Lane,0,0,0.05932054,59.32054027,99.31485426
1591,Painted Cycle Lane,0,0,0.06740779,67.40779093,112.8299187
1592,Painted Cycle Lane,0,0,0.03365581,33.65578896,56.43350594
1593,Painted Cycle Lane,0,0,0.01873827,18.73827267,31.41085629
1594,Painted Cycle Lane,0,0,1.79028032,1790.280316,2996.892052
1595,Painted Cycle Lane,0,0,0.4549135,454.9134999,762.1818472
1596,Painted Cycle Lane,0,0,0.17792709,177.9270885,297.5876155
1597,Painted Cycle Lane,0,0,1.14962454,1149.624539,1923.415747
1598,Painted Cycle Lane,0,0,0.61852938,618.5293773,1035.505699
1599,Painted Cycle Lane,0,0,0.01730906,17.30906152,28.9822418
1600,Painted Cycle Lane,0,0,0.01915347,19.15346628,32.05855332
1601,Painted Cycle Lane,0,0,0.36998166,369.9816565,620.0023243
1602,Painted Cycle Lane,0,0,0.05406939,54.0693932,90.62854715
1603,Painted Cycle Lane,0,0,0.03320521,33.20520596,55.61763824
1604,Painted Cycle Lane,0,0,0.6711985,671.1984998,1124.408231
1605,Painted Cycle Lane,0,0,0.19816181,198.161807,331.8747691
1606,Painted Cycle Lane,0,0,0.30690418,306.9041758,514.1014117
1607,Painted Cycle Lane,0,0,0.01426387,14.26386814,23.88615802
1608,Painted Cycle Lane,0,0,0.17362848,173.6284801,290.4247806
1609,Painted Cycle Lane,0,0,0.07823146,78.23146483,130.9452388
1610,BusLane,0,0,0.0385724,38.57240485,64.58002563
1611,BusLane,0,0,0.02295512,22.95512162,38.46767482
1612,Painted Cycle Lane,0,0,0.04546005,45.46004539,75.95492469
1613,BusLane,0,0,0.15809959,158.099588,264.1469259
1614,BusLane,0,0,0.05445404,54.45404202,90.98479773
1615,Painted Cycle Lane,0,0,0.33100482,331.0048198,553.6329362
1616,BusLane,0,0,0.02533056,25.33055518,42.35619215
1617,BusLane,0,0,0.02041684,20.41684449,34.13948269
1618,Painted Cycle Lane,0,0,0.17449478,174.49478,291.7322157
1619,Shared Foot and Cycle Path Road Adjacent,0,0,0.0126865,12.68650467,21.23189358
1620,Painted Cycle Lane,0,0,0.26366717,263.6671704,440.7480452
1621,Shared Foot and Cycle Path Road Adjacent,1,0,0.04159526,41.59526457,69.6861976
1622,Shared Foot and Cycle Path Road Adjacent,1,0,0.03400887,34.00886507,56.9768463
1623,Painted Cycle Lane,0,0,0.0106672,10.66720265,17.83679907
1624,Painted Cycle Lane,0,0,0.35552554,355.5255393,595.3376637
1625,Shared Foot and Cycle Path Road Adjacent,0,0,0.03103316,31.033161,51.90176234
1626,Painted Cycle Lane,0,0,0.00594815,5.948152761,9.960686583
1627,Painted Cycle Lane,0,0,0.02058506,20.58506455,34.42353827
1628,Painted Cycle Lane,0,0,0.05697807,56.97806669,95.45157219
1629,BusLane,0,0,0.00576537,5.765370834,9.659307642
1630,BusLane,0,0,0.09641627,96.41627059,161.169985
1631,BusLane,0,0,0.40222973,402.2297273,673.9557036
1632,BusLane,0,0,0.00874912,8.7491178,14.63120888
1633,BusLane,0,0,0.88651022,886.5102151,1484.640248
1634,BusLane,0,0,0.05990111,59.90110909,100.3590789
1635,BusLane,0,0,0.0138811,13.88109618,23.20424631
1636,BusLane,0,0,0.04970784,49.70784144,83.27206414
1637,BusLane,0,0,0.11591226,115.9122595,193.8193136
1638,BusLane,0,0,0.13388184,133.8818376,223.8555939
1639,BusLane,0,0,0.01002915,10.02915347,16.80245719
1640,Painted Cycle Lane,0,0,0.00912452,9.124522748,15.25784724
1641,BusLane,0,0,0.12229474,122.2947355,204.4562398
1642,Painted Cycle Lane,0,0,0.11369912,113.699119,190.1248377
1643,BusLane,0,0,0.06394815,63.94814565,107.051689
1644,BusLane,0,0,0.12077809,120.7780889,202.2478369
1645,Shared Foot and Cycle Path Road Adjacent,0,0,0.01574423,15.74422803,26.34898721
1646,Shared Foot and Cycle Path Road Adjacent,1,0,0.0182063,18.20629835,30.46976812
1647,Shared Foot and Cycle Path Road Adjacent,0,0,0.02271218,22.71218141,38.09039132
1648,Painted Cycle Lane,0,0,0.01323765,13.23764714,22.15874853
1649,Painted Cycle Lane,0,0,0.01249729,12.49728617,20.91955585
1650,Painted Cycle Lane,0,0,0.00720811,7.20811027,12.09257343
1651,Painted Cycle Lane,0,0,0.00773992,7.739917122,12.98323427
1652,Painted Cycle Lane,0,0,0.04168982,41.68981754,69.78610407
1653,Painted Cycle Lane,0,0,0.03957168,39.57168277,66.24017282
1654,Painted Cycle Lane,0,0,0.02826611,28.26611086,47.41257645
1655,Painted Cycle Lane,0,0,0.01674655,16.74654783,28.08782344
1656,Painted Cycle Lane,0,0,0.05367113,53.671129,90.02091789
1657,Painted Cycle Lane,0,0,0.02167184,21.67183711,36.27722611
1658,Painted Cycle Lane,0,0,0.02286497,22.86497319,38.27481569
1659,Painted Cycle Lane,0,0,0.04628295,46.28294849,77.63400008
1660,Painted Cycle Lane,0,0,0.05749705,57.49705409,96.2469339
1661,Footway level Cycle Track,0,0,0.02531033,25.31033145,42.36929536
1662,TrafficFree,1,0,0.48243544,482.4354358,807.4239446
1663,SegregatedCycleLane,1,0,0.49055683,490.5568275,820.3107669
1664,SegregatedCycleLane,1,0,0.52168136,521.6813564,872.7078706
1665,SegregatedCycleLane,1,0,0.8338331,833.8330965,1395.251878
1666,SegregatedCycleLane,0,0,0.12336309,123.3630931,206.3368406
1667,SegregatedCycleLane,1,0,0.06160258,61.60258306,103.0268027
1668,SegregatedCycleLane,1,0,1.34499306,1344.993058,2252.388256
1669,SegregatedCycleLane,1,0,4.19104852,4191.048515,6843.502733
1670,Painted Cycle Lane,0,0,0.015448,15.44799866,25.87791121
1671,SegregatedCycleLane,1,0,0.00224982,2.249815444,3.769200215
1672,SegregatedCycleLane,0,1,0.10141721,101.417207,169.67132
1673,SegregatedCycleLane,1,0,0.78705394,787.0539089,1317.58006
1674,SegregatedCycleLane,0,0,0.21652721,216.527214,362.5296779
1675,TrafficFree,1,0,0.51639424,516.3942381,864.352771
1676,SegregatedCycleLane,0,1,0.13327785,133.2778473,222.9696213
1677,SegregatedCycleLane,1,0,0.015448,15.44799866,25.87791121
1678,SegregatedCycleLane,1,0,0.84211374,842.1137384,1410.08825
1679,SegregatedCycleLane,0,0,0.43279279,432.7927894,724.7896125
1680,SegregatedCycleLane,0,0,0.62304834,623.0483354,1043.284883
1681,SegregatedCycleLane,0,0,0.2264053,226.4053043,379.0882033
1682,Painted Cycle Lane,0,0,0.00965237,9.652367802,16.166403
1683,SegregatedCycleLane,1,0,0.4287966,428.7965969,718.1063312
1684,SegregatedCycleLane,1,0,0.01204694,12.04694338,20.16736315
1685,BusLane,0,0,0.0362788,36.27879589,60.68533887
1686,BusLane,0,0,0.01718676,17.18675802,28.79732873
1687,SegregatedCycleLane,1,0,0.46185121,461.8512089,772.1039462
1688,SegregatedCycleLane,1,0,0.52867012,528.6701344,885.0383465
1689,SegregatedCycleLane,0,0,0.05733579,57.3358394,95.91974061
1690,Painted Cycle Lane,0,0,0.00969543,9.695479193,16.23147027
1691,Painted Cycle Lane,0,0,0.01690856,16.90858892,28.29744364
1692,Painted Cycle Lane,0,0,0.00568129,5.681259304,9.511153025
1693,Painted Cycle Lane,0,0,0.01909481,19.09476261,31.95019155
1694,Footway level Cycle Track,0,0,0.27032077,270.3207486,452.179081
1695,TrafficFree,1,0,0.26113295,261.1329459,436.3864825
1696,Painted Cycle Lane,0,0,0.01526688,15.26683231,25.50567664
1697,Painted Cycle Lane,0,0,0.00296081,2.960846477,4.946572432
1698,BusLane,0,0,0.0085734,8.573434435,14.34375764
1699,Shared Foot and Cycle Path Road Adjacent,0,0,0.00073023,0.730184724,1.222282776
1700,BusLane,0,0,0.00330487,3.304852567,5.526972919
1701,Painted Cycle Lane,0,0,0.03829989,38.29988516,64.02291315
1702,Footway level Cycle Track,1,0,0.07423661,74.23660646,124.3513684
1703,Footway level Cycle Track,0,0,0.01298558,12.98560743,21.73681167
1704,Footway level Cycle Track,0,0,0.19907302,199.0729792,333.2453718
1705,SegregatedCycleLane,0,0,0.66955106,669.5510473,1120.54685
1706,TrafficFree,1,0,0.0469454,46.94543651,78.54393311
1707,TrafficFree,1,0,0.04545847,45.45843187,76.07669688
1708,TrafficFree,1,0,0.06852663,68.52656843,114.6537625
1709,TrafficFree,1,0,0.00684293,6.842976712,11.44766952
1710,TrafficFree,1,0,0.0392705,39.27049908,65.70036872
1711,TrafficFree,1,0,0.03540045,35.40050207,59.26347165
1712,TrafficFree,1,0,0.08313277,83.1327839,139.0658783
1713,TrafficFree,1,0,0.00972718,9.727224881,16.2705571
1714,Footway level Cycle Track,0,0,0.00798418,7.984166657,13.36470531
1715,Footway level Cycle Track,0,0,0.11109066,111.0906541,185.9663206
1716,SegregatedCycleLane,0,0,0.68589868,685.8987041,1147.914877
1717,Painted Cycle Lane,0,0,0.04884493,48.84496228,81.75064718
1718,Shared Foot and Cycle Path Road Adjacent,0,0,0.00329616,3.296155217,5.519560994
1719,Shared Foot and Cycle Path Road Adjacent,0,0,0.04961249,49.61244609,83.08019356
1720,Shared Foot and Cycle Path Road Adjacent,0,0,0.00020144,0.201422343,0.337921882
1721,Shared Foot and Cycle Path Road Adjacent,0,0,0.02713822,27.13821138,45.43977737
1722,BusLane,0,0,0.08167454,81.67455487,136.7500667
1723,Shared Foot and Cycle Path Road Adjacent,0,0,0.00603034,6.030305121,10.09654592
1724,SegregatedCycleLane,0,0,0.06259531,62.59529864,104.988365
1725,SegregatedCycleLane,0,0,0.05062889,50.62889113,84.91595237
1726,SegregatedCycleLane,0,1,0.13544959,135.4495928,226.5790549
1727,SegregatedCycleLane,0,1,0.68357728,683.577276,1143.0523
1728,SegregatedCycleLane,0,0,0.14920429,149.2042871,249.3496403
1729,SegregatedCycleLane,0,1,0.82975407,829.7540721,1387.494011
1730,Footway level Cycle Track,0,0,0.19259739,192.5973861,321.8606665
1731,TrafficFree,1,0,0.65337496,653.3749649,1090.734584
1732,Footway level Cycle Track,0,0,0.48646608,486.4660944,814.6914237
1733,SegregatedCycleLane,0,0,0.04636317,46.36316601,77.62047706
1734,Footway level Cycle Track,0,0,0.1910411,191.0410987,319.2184485
1735,Footway level Cycle Track,0,0,0.08479677,84.79676557,141.7243897
1736,Footway level Cycle Track,0,0,0.07961947,79.61946835,133.0738456
1737,Footway level Cycle Track,0,0,0.17911612,179.1161243,299.3503934
1738,Footway level Cycle Track,0,0,0.04531505,45.31504837,75.87633667
1739,Footway level Cycle Track,0,0,1.02721767,1027.217674,1718.048924
1740,Footway level Cycle Track,0,0,0.02137622,21.37622291,35.77059361
1741,Footway level Cycle Track,0,0,0.05090567,50.90567411,85.18531526
1742,Footway level Cycle Track,0,0,0.14407383,144.0738339,240.8315503
1743,Footway level Cycle Track,0,0,0.03868678,38.68677734,64.7074688
1744,TrafficFree,0,0,0.23741774,237.417744,397.6379746
1745,Footway level Cycle Track,0,0,0.28376227,283.7622736,474.2885949
1746,SegregatedCycleLane,0,0,0.02241387,22.41385833,37.53075598
1747,Footway level Cycle Track,0,0,0.02629389,26.29388984,44.02629609
1748,Footway level Cycle Track,0,0,0.01988916,19.88916249,33.22079313
1749,Footway level Cycle Track,0,0,0.01837669,18.37669315,30.72221197
1750,Footway level Cycle Track,0,0,0.03056671,30.56671453,51.06050104
1751,Footway level Cycle Track,0,0,0.10602368,106.0236757,177.4386465
1752,Footway level Cycle Track,0,0,0.14929152,149.291515,249.8501998
1753,Footway level Cycle Track,0,0,0.04742409,47.42409389,79.23155106
1754,Footway level Cycle Track,0,0,0.03184041,31.84041493,53.25734281
1755,SegregatedCycleLane,0,0,0.15290132,152.9013167,255.2290384
1756,Footway level Cycle Track,0,0,0.03075205,30.75205416,51.40310366
1757,Footway level Cycle Track,0,0,0.06882202,68.82202401,115.0768181
1758,Footway level Cycle Track,0,0,0.26483759,264.8375862,442.5145205
1759,Footway level Cycle Track,0,0,0.03219794,32.19794081,53.88654767
1760,SegregatedCycleLane,0,0,0.04498936,44.98935506,75.31993267
1761,SegregatedCycleLane,0,0,0.07317527,73.17527197,122.3318722
1762,Footway level Cycle Track,0,0,0.04003886,40.03886209,67.02384276
1763,SegregatedCycleLane,0,0,0.14011751,140.1175146,233.8081921
1764,Footway level Cycle Track,0,0,0.17963768,179.6376804,300.158538
1765,Footway level Cycle Track,0,0,0.03690903,36.90902507,61.67928783
1766,SegregatedCycleLane,0,0,0.10652949,106.5294894,177.8248094
1767,SegregatedCycleLane,0,0,0.06117785,61.17785237,102.2769515
1768,Footway level Cycle Track,0,0,0.0185943,18.59430133,31.11789945
1769,Footway level Cycle Track,0,0,0.30072395,300.7239472,502.8172738
1770,Footway level Cycle Track,0,0,0.05562181,55.62181365,92.95798475
1771,Footway level Cycle Track,0,0,0.0617876,61.78759701,103.2391057
1772,SegregatedCycleLane,0,0,0.07842739,78.42738768,131.1361803
1773,Footway level Cycle Track,0,0,0.00491587,4.915865928,8.237861749
1774,Footway level Cycle Track,0,0,0.03763325,37.63324911,62.90129536
1775,Footway level Cycle Track,0,0,0.25681884,256.8188373,429.1173762
1776,Footway level Cycle Track,0,0,0.04255549,42.5554891,71.16672424
1777,Footway level Cycle Track,0,0,0.69330091,693.3009131,1159.987868
1778,Footway level Cycle Track,0,0,0.04188755,41.88754596,70.13934928
1779,Footway level Cycle Track,0,0,0.03915628,39.1562796,65.51928549
1780,Footway level Cycle Track,0,0,0.04904395,49.04395192,82.1431572
1781,Footway level Cycle Track,0,0,0.01294325,12.94325181,21.67458746
1782,Footway level Cycle Track,1,0,0.48147707,481.4770719,804.7305274
1783,Footway level Cycle Track,0,0,0.47854391,478.5439069,800.0458837
1784,Footway level Cycle Track,0,0,0.68380699,683.8069877,1144.174699
1785,Footway level Cycle Track,0,0,0.47608213,476.0821322,795.8847326
1786,Footway level Cycle Track,0,0,0.15955196,159.5519587,266.598558
1787,Footway level Cycle Track,0,0,0.19618144,196.1814382,327.9289135
1788,Footway level Cycle Track,0,0,0.26034794,260.3479424,435.1240739
1789,Footway level Cycle Track,0,0,0.26292655,262.9265522,439.4352675
1790,Footway level Cycle Track,0,0,0.05452597,54.52597384,91.1154057
1791,Footway level Cycle Track,0,0,0.16648511,166.4851122,278.1991541
1792,Footway level Cycle Track,0,0,0.20075117,200.7511739,335.4545356
1793,Footway level Cycle Track,0,0,0.24021975,240.2197472,401.5274828
1794,SegregatedCycleLane,0,0,0.10754114,107.5411364,179.5167121
1795,SegregatedCycleLane,0,0,0.25955156,259.5515591,433.2533607
1796,Footway level Cycle Track,0,0,0.03544688,35.44687601,59.25704928
1797,Footway level Cycle Track,0,0,0.27952385,279.5238496,466.5858878
1798,Footway level Cycle Track,0,0,0.38025565,380.2556492,635.65561
1799,Footway level Cycle Track,0,0,0.07124512,71.2451233,119.0560786
1800,Footway level Cycle Track,0,0,0.08650733,86.50732589,144.6381027
1801,SegregatedCycleLane,0,0,0.37734898,377.3489789,630.7817708
1802,Footway level Cycle Track,0,0,0.04280993,42.80993213,71.6113517
1803,Footway level Cycle Track,0,0,0.01742027,17.42026962,29.1707717
1804,SegregatedCycleLane,0,0,0.01984812,19.8481195,33.2039896
1805,Footway level Cycle Track,0,0,0.41895125,418.9512493,699.4826305
1806,Footway level Cycle Track,0,0,0.3146408,314.6408017,525.6850887
1807,TrafficFree,1,0,0.06419502,64.19501538,107.1797053
1808,Footway level Cycle Track,0,0,0.29322595,293.2259712,491.0584003
1809,TrafficFree,1,0,0.0626483,62.64830101,104.7344539
1810,Footway level Cycle Track,0,0,0.12536774,125.367738,209.4130618
1811,Footway level Cycle Track,0,0,0.08354518,83.54518018,139.4474696
1812,SegregatedCycleLane,0,0,0.16905569,169.0556967,282.2904016
1813,SegregatedCycleLane,0,0,1.02889168,1028.891684,1717.667003
1814,Footway level Cycle Track,0,0,1.44513013,1445.130133,2417.217265
1815,TrafficFree,1,0,0.61391094,613.9109416,1025.925959
1816,TrafficFree,1,0,0.12483967,124.8396696,208.5791546
1817,Footway level Cycle Track,0,0,0.7603174,760.3174022,1272.457497
1818,Footway level Cycle Track,0,0,0.29522715,295.2271507,494.1322218
1819,SegregatedCycleLane,0,0,0.48721871,487.2187073,815.4056105
1820,TrafficFree,1,0,0.03162703,31.6270334,52.84734166
1821,Footway level Cycle Track,0,0,1.14970067,1149.700675,1921.110122
1822,Footway level Cycle Track,0,0,0.38808611,388.0861098,648.9850241
1823,Footway level Cycle Track,0,0,0.31368486,313.6848584,523.5431217
1824,TrafficFree,1,0,0.02306466,23.06466177,38.56242177
1825,TrafficFree,1,0,0.06865858,68.65857558,114.8437405
1826,Footway level Cycle Track,0,0,0.30305314,303.0531441,505.8853023
1827,Footway level Cycle Track,0,0,0.04531008,45.31008037,75.62686776
1828,TrafficFree,1,0,0.48604833,486.048327,812.1925442
1829,Footway level Cycle Track,0,0,0.6809019,680.9019029,1140.493231
1830,TrafficFree,1,0,0.20673496,206.7349572,346.1874471
1831,TrafficFree,1,0,0.20573246,205.7324588,344.2591761
1832,TrafficFree,1,0,0.03509729,35.09729402,58.70284775
1833,SegregatedCycleLane,0,0,0.67810505,678.1050514,1134.762231
1834,Footway level Cycle Track,0,0,0.16301962,163.0196195,272.0385347
1835,Footway level Cycle Track,0,0,0.23976162,239.761622,400.269999
1836,TrafficFree,1,0,0.05869251,58.69250766,98.01758377
1837,Footway level Cycle Track,0,0,0.01118296,11.18296335,18.67419878
1838,TrafficFree,1,0,0.07978989,79.78989071,133.2594071
1839,Footway level Cycle Track,0,0,0.41033676,410.336761,685.6711697
1840,SegregatedCycleLane,0,0,0.44948843,449.4884259,751.5629016
1841,Footway level Cycle Track,0,0,0.23585962,235.8596219,394.862968
1842,TrafficFree,1,0,0.53204623,532.0462283,889.6370696
1843,Footway level Cycle Track,0,0,0.01541787,15.41786865,25.7338579
1844,Footway level Cycle Track,0,0,0.01841075,18.41074915,30.77511654
1845,Footway level Cycle Track,0,0,0.0250823,25.08229643,41.89066637
1846,Footway level Cycle Track,0,0,0.12209706,122.0970577,203.8878761
1847,TrafficFree,1,0,0.02057487,20.57486756,34.41904212
1848,Footway level Cycle Track,0,0,0.13084083,130.8408293,218.4587626
1849,SegregatedCycleLane,0,0,0.01215861,12.1586084,20.34076256
1850,Footway level Cycle Track,0,0,0.52365059,523.6505895,875.6393676
1851,TrafficFree,1,0,0.27609056,276.0905649,461.7282888
1852,Footway level Cycle Track,0,0,0.12524163,125.2416307,209.328696
1853,Footway level Cycle Track,0,0,0.01977041,19.77041473,33.00405941
1854,TrafficFree,1,0,0.09734561,97.34561298,162.7467366
1855,TrafficFree,1,0,0.03443692,34.43691933,57.64318298
1856,TrafficFree,1,0,0.01972793,19.7279262,32.95014742
1857,TrafficFree,1,0,0.04923177,49.23177,82.26596214
1858,Footway level Cycle Track,0,0,0.33305224,333.0522395,557.4270575
1859,Footway level Cycle Track,0,0,0.40672502,406.7250178,681.1369178
1860,Footway level Cycle Track,0,0,0.14831233,148.3123308,247.678534
1861,SignedRoute,0,0,0.32823487,328.2348731,548.083455
1862,TrafficFree,1,0,0.01895589,18.95589028,31.66669576
1863,SegregatedCycleLane,0,0,0.0904714,90.47140393,151.3673087
1864,Footway level Cycle Track,0,0,0.25506824,255.0682356,426.0190628
1865,Shared Foot and Cycle Path Road Adjacent,0,0,0.02699135,26.99134764,45.12425597
1866,TrafficFree,1,0,0.01719374,17.19374331,28.73496111
1867,SegregatedCycleLane,0,0,0.24763477,247.6347691,413.6351805
1868,SegregatedCycleLane,0,0,0.01984809,19.84808709,33.20395046
1869,TrafficFree,1,0,0.05804576,58.04576318,96.92789368
1870,SegregatedCycleLane,0,0,0.08435456,84.35456134,141.1221315
1871,SegregatedCycleLane,0,0,0.09024068,90.24068237,150.9829972
1872,SegregatedCycleLane,0,0,0.08578097,85.78096569,143.5093257
1873,TrafficFree,1,0,0.4007156,400.7156015,670.586027
1874,TrafficFree,1,0,0.07182007,71.82007426,120.1153409
1875,TrafficFree,1,0,0.06348887,63.48887459,106.0249101
1876,TrafficFree,1,0,4.39442486,4394.424861,7342.820931
1877,TrafficFree,1,0,0.08215703,82.15703032,137.4085345
1878,TrafficFree,1,0,0.10890822,108.9082182,181.8131642
1879,TrafficFree,1,0,0.11707523,117.0752294,196.0045054
1880,TrafficFree,1,0,0.06187509,61.87509151,103.3101401
1881,TrafficFree,1,0,0.03070698,30.7069799,51.35514336
1882,TrafficFree,1,0,0.05780138,57.80138407,96.54903857
1883,TrafficFree,1,0,0.03819027,38.1902685,63.81323642
1884,TrafficFree,1,0,0.6748135,674.8134988,1129.550904
1885,TrafficFree,1,0,0.14165801,141.6580086,236.9688323
1886,TrafficFree,1,0,0.57409322,574.0932208,958.5606711
1887,TrafficFree,1,0,0.36913671,369.1367076,616.8572784
1888,TrafficFree,1,0,0.34928991,349.2899098,583.0120432
1889,TrafficFree,1,0,0.03641054,36.41054352,60.8987495
1890,SegregatedCycleLane,0,0,0.08507299,85.07299046,142.3302275
1891,TrafficFree,1,0,0.08745569,87.45568536,146.0534441
1892,SegregatedCycleLane,0,0,0.07889482,78.89481885,131.9496606
1893,SegregatedCycleLane,1,0,0.59836556,598.3655572,1000.81738
1894,Footway level Cycle Track,0,0,0.08598722,85.98722177,143.8188294
1895,SignedRoute,0,0,0.13411397,134.1139716,223.9929843
1896,Footway level Cycle Track,0,0,0.02185211,21.85211092,36.49283261
1897,SegregatedCycleLane,1,0,0.31692122,316.9212236,530.1511113
1898,TrafficFree,1,0,0.02890218,28.90218113,48.38190566
1899,SegregatedCycleLane,0,0,0.33339731,333.397308,557.7594545
1900,Footway level Cycle Track,0,0,0.2329477,232.9476972,389.5946279
1901,SegregatedCycleLane,0,0,0.263179,263.1789978,440.3125652
1902,Footway level Cycle Track,0,0,0.09037767,90.37767251,151.2722012
1903,Footway level Cycle Track,0,0,0.07215012,72.15012162,120.7565595
1904,Footway level Cycle Track,0,0,0.27756679,277.5667914,463.5533373
1905,TrafficFree,1,0,0.03206244,32.06243908,53.50587451
1906,Footway level Cycle Track,0,0,0.49436057,494.3605704,825.0518401
1907,Footway level Cycle Track,1,0,0.53437812,534.3781182,893.79328
1908,TrafficFree,1,0,0.32230518,322.3051801,538.1444922
1909,TrafficFree,1,0,0.05956764,59.56763712,99.62251885
1910,Footway level Cycle Track,0,0,0.28062929,280.6292945,468.6414184
1911,Footway level Cycle Track,0,0,0.02767027,27.67026918,46.18809341
1912,Footway level Cycle Track,0,0,0.03845191,38.45190787,64.20430639
1913,TrafficFree,1,0,0.1245898,124.5897959,208.6673501
1914,TrafficFree,1,0,0.01725053,17.25052593,28.78829664
1915,TrafficFree,1,0,0.11505043,115.0504295,192.0361119
1916,Footway level Cycle Track,0,0,0.07105869,71.05868842,118.6697311
1917,Footway level Cycle Track,0,0,0.11427217,114.272174,190.8294303
1918,TrafficFree,1,0,0.04449391,44.4939096,74.36658837
1919,Footway level Cycle Track,0,0,0.37010702,370.10702,617.9347463
1920,Footway level Cycle Track,0,0,0.20479801,204.798007,342.3142003
1921,Footway level Cycle Track,0,0,0.03281925,32.81925352,54.81544783
1922,SegregatedCycleLane,0,0,0.1989536,198.9536032,332.6031459
1923,Footway level Cycle Track,0,0,0.73810249,738.102488,1232.099335
1924,Footway level Cycle Track,0,0,0.49939856,499.3985645,835.7176774
1925,TrafficFree,1,0,0.17347045,173.4704483,290.1336646
1926,TrafficFree,1,0,0.45143183,451.4318346,754.0120136
1927,Footway level Cycle Track,0,0,0.0631337,63.13369775,105.3759444
1928,TrafficFree,1,0,0.30220589,302.2058934,505.3224563
1929,TrafficFree,1,0,0.21521794,215.2179396,359.6251827
1930,Footway level Cycle Track,0,0,0.11886543,118.8654348,198.501907
1931,TrafficFree,1,0,0.10100681,101.0068107,168.8145231
1932,Footway level Cycle Track,0,0,0.03417123,34.17123029,57.12878218
1933,TrafficFree,1,0,0.35728706,357.2870645,597.5880064
1934,Footway level Cycle Track,0,0,0.11423345,114.2334497,190.8737665
1935,SegregatedCycleLane,0,0,0.1126853,112.6852987,188.5070025
1936,Footway level Cycle Track,0,0,0.02626615,26.2661539,43.90322402
1937,TrafficFree,1,0,0.15031354,150.3135377,251.1767349
1938,Footway level Cycle Track,0,0,0.08135392,81.35392085,135.8584211
1939,TrafficFree,1,0,0.07318036,73.18035757,122.5139041
1940,Footway level Cycle Track,0,0,0.01617589,16.1758861,27.00879823
1941,Footway level Cycle Track,0,0,0.01474596,14.74596376,24.62714933
1942,Footway level Cycle Track,0,0,0.04193656,41.93656064,70.01787612
1943,Footway level Cycle Track,0,0,0.42221425,422.2142531,704.9370365
1944,Footway level Cycle Track,0,0,0.02353733,23.53732701,39.30074456
1945,Footway level Cycle Track,0,0,0.03605638,36.05637509,60.25993769
1946,TrafficFree,1,0,0.05697955,56.97955038,95.19462001
1947,SignedRoute,1,0,0.23886011,238.8601119,398.7481903
1948,Footway level Cycle Track,0,0,0.20124141,201.2414122,336.5362078
1949,Footway level Cycle Track,0,0,0.3659356,365.9356016,612.6488696
1950,Footway level Cycle Track,0,0,0.31720341,317.2034058,530.3622914
1951,TrafficFree,1,0,0.03240346,32.40345962,54.16415552
1952,TrafficFree,1,0,0.33188348,331.8834796,554.5675267
1953,Footway level Cycle Track,0,0,0.28033118,280.331177,467.8919957
1954,Footway level Cycle Track,0,0,0.36657744,366.5774388,611.9612144
1955,TrafficFree,1,0,0.45000124,450.0012368,752.3566299
1956,TrafficFree,1,0,0.11285852,112.8585201,189.0227931
1957,SegregatedCycleLane,0,0,0.09189251,91.89250864,153.4860104
1958,SegregatedCycleLane,0,0,0.09703866,97.03865628,162.2379086
1959,SegregatedCycleLane,0,0,0.05778871,57.78871316,96.5103783
1960,SegregatedCycleLane,0,0,0.07125441,71.25440996,119.1616983
1961,SegregatedCycleLane,0,0,0.27467354,274.6735441,459.6074668
1962,SegregatedCycleLane,0,0,0.24654826,246.5482612,412.5402085
1963,SegregatedCycleLane,0,1,0.0323551,32.35510448,54.02716688
1964,SegregatedCycleLane,0,0,0.10538304,105.3830437,175.9914429
1965,SegregatedCycleLane,1,1,0.11718079,117.1807888,195.7861994
1966,SegregatedCycleLane,1,0,0.36687464,366.8746434,612.6313172
1967,SegregatedCycleLane,0,0,0.24245367,242.4536696,404.8691527
1968,TrafficFree,1,0,1.03602727,1036.027268,1729.558749
1969,Footway level Cycle Track,0,0,0.96448427,964.4842704,1613.046579
1970,TrafficFree,1,0,0.3603259,360.3258998,601.5519273
1971,SegregatedCycleLane,0,0,0.44529057,445.2905687,743.3075256
1972,SegregatedCycleLane,0,1,0.0850469,85.04690329,142.0971744
1973,TrafficFree,1,0,0.27769148,277.6914754,463.8964611
1974,TrafficFree,1,0,0.03415152,34.15151503,57.1106568
1975,Footway level Cycle Track,0,0,0.96595991,965.9599138,1615.496012
1976,Footway level Cycle Track,0,0,0.69636482,696.3648236,1164.318072
1977,SegregatedCycleLane,0,0,0.19194957,191.949574,320.9791496
1978,SegregatedCycleLane,0,0,0.18965903,189.6590327,317.1891955
1979,TrafficFree,1,0,2.35578175,2355.781751,3935.188956
1980,TrafficFree,1,0,0.32401236,324.0123586,541.6883573
1981,TrafficFree,1,0,0.59833338,598.3333771,999.6957977
1982,TrafficFree,1,0,0.02730809,27.30809138,45.6010839
1983,TrafficFree,1,0,0.05138156,51.38156257,85.98680341
1984,TrafficFree,1,0,0.08468444,84.68444309,141.5558132
1985,TrafficFree,1,0,0.20664348,206.64348,345.70155
1986,Footway level Cycle Track,0,0,0.84256948,842.5694793,1408.706007
1987,TrafficFree,1,0,0.43359104,433.5910427,724.5367593
1988,TrafficFree,0,0,0.6384569,638.4568996,1067.149339
1989,SegregatedCycleLane,0,0,0.55428423,554.2842348,927.5531409
1990,SegregatedCycleLane,0,1,0.08911455,89.1145532,148.9920088
1991,SegregatedCycleLane,0,0,0.32167831,321.6783121,537.2452969
1992,SegregatedCycleLane,0,0,0.11935479,119.3548075,199.3375831
1993,Footway level Cycle Track,0,0,0.06295337,62.95337027,105.1264127
1994,Footway level Cycle Track,0,0,0.1566381,156.6380998,261.5671501
1995,SegregatedCycleLane,0,0,0.98043264,980.4326386,1636.758774
1996,SegregatedCycleLane,0,0,0.70591672,705.916722,1181.400671
1997,SignedRoute,0,0,0.08876039,88.76038827,148.1679964
1998,Footway level Cycle Track,0,0,0.49038793,490.3879336,821.4014431
1999,TrafficFree,0,0,0.34298149,342.9814852,572.9831518
2000,Footway level Cycle Track,0,0,0.13190453,131.9045296,220.3128879
2001,Footway level Cycle Track,0,0,0.1098527,109.8527012,183.4689745
2002,SegregatedCycleLane,0,1,0.52446437,524.4643729,877.6318679
2003,SegregatedCycleLane,0,1,0.06157771,61.5777081,103.0124196
2004,SegregatedCycleLane,0,1,0.75292399,752.9239913,1259.804898
2005,SegregatedCycleLane,0,1,0.06913497,69.13496725,115.6398244
2006,SegregatedCycleLane,0,1,0.00012153,0.121529338,0.203004868
2007,Footway level Cycle Track,0,0,0.73790675,737.9067467,1231.788533
2008,Footway level Cycle Track,0,0,0.13253115,132.5311477,221.2119228
2009,Footway level Cycle Track,0,0,0.29755802,297.5580245,496.7147843
2010,Footway level Cycle Track,0,0,0.37353171,373.5317052,623.661469
2011,Footway level Cycle Track,0,0,0.26341602,263.4160219,439.7789511
2012,Footway level Cycle Track,0,0,0.49202159,492.0215907,821.0897195
2013,Footway level Cycle Track,0,0,0.36278448,362.7844829,605.9899814
2014,Footway level Cycle Track,0,0,2.21617214,2216.172138,3702.556776
2015,Footway level Cycle Track,0,0,0.07899673,78.99673374,131.9118162
2016,Footway level Cycle Track,0,0,0.39047173,390.4717301,652.5231661
2017,TrafficFree,1,0,0.09625916,96.25916382,160.6787388
2018,Footway level Cycle Track,0,0,0.11669023,116.6902338,195.0814146
2019,Footway level Cycle Track,0,0,0.23198903,231.9890254,387.3347893
2020,Footway level Cycle Track,0,0,0.36579567,365.7956747,610.5241072
2021,Footway level Cycle Track,0,0,1.17859143,1178.591435,1970.607929
2022,Footway level Cycle Track,0,0,0.44938863,449.3886269,751.7889661
2023,SegregatedCycleLane,0,0,0.15413677,154.1367724,257.6215828
2024,Footway level Cycle Track,0,0,0.36492404,364.9240382,610.4199984
2025,Footway level Cycle Track,0,0,0.09023911,90.23911272,151.1340097
2026,Footway level Cycle Track,0,0,0.09847397,98.47396787,164.880484
2027,Footway level Cycle Track,0,0,0.40716288,407.1628778,681.9266982
2028,Footway level Cycle Track,0,0,0.15380843,153.8084316,257.5908873
2029,Footway level Cycle Track,0,0,0.38762286,387.6228585,648.7849882
2030,Footway level Cycle Track,0,0,0.37007446,370.074456,619.3626375
2031,Footway level Cycle Track,0,0,0.09206368,92.06368156,154.0821127
2032,Footway level Cycle Track,0,0,0.74778627,747.7862676,1250.446367
2033,Footway level Cycle Track,0,0,0.27010785,270.1078469,451.7610044
2034,Footway level Cycle Track,0,0,1.38431367,1384.31367,2315.548043
2035,Footway level Cycle Track,0,0,0.18420169,184.2016859,307.9218976
2036,Footway level Cycle Track,0,0,0.025392,25.39200113,42.44130289
2037,Footway level Cycle Track,0,0,0.67902207,679.0220699,1137.315207
2038,Footway level Cycle Track,0,0,0.49954959,499.5495887,835.9933403
2039,Footway level Cycle Track,0,0,0.24051275,240.5127493,402.6625699
2040,Footway level Cycle Track,0,0,0.01794533,17.94533388,30.06731349
2041,Footway level Cycle Track,0,0,0.04254105,42.54105345,71.22272928
2042,Footway level Cycle Track,0,0,0.0107773,10.77729505,18.05735523
2043,Footway level Cycle Track,0,0,0.02317692,23.17692428,38.74492932
2044,Footway level Cycle Track,0,0,0.02566364,25.66364411,42.97548077
2045,Footway level Cycle Track,0,0,0.01172652,11.72651895,19.60645406
2046,Footway level Cycle Track,0,0,0.01156318,11.5631758,19.331352
2047,Footway level Cycle Track,0,0,0.29591907,295.9190683,495.2525056
2048,Footway level Cycle Track,0,0,0.39970996,399.7099569,668.4287919
2049,Footway level Cycle Track,0,0,0.14186397,141.8639738,237.5281026
2050,Footway level Cycle Track,0,0,0.01939402,19.39402316,32.48436324
2051,Footway level Cycle Track,0,0,0.01496726,14.967265,25.02084114
2052,Footway level Cycle Track,0,0,0.01720502,17.20501723,28.81720683
2053,Footway level Cycle Track,0,0,0.00576542,5.765422285,9.655779925
2054,Footway level Cycle Track,0,0,0.22263632,222.6363159,372.2548743
2055,Footway level Cycle Track,0,0,0.24133522,241.3352162,403.5505091
2056,Footway level Cycle Track,0,0,0.01566605,15.66605054,26.19115085
2057,Footway level Cycle Track,0,0,0.42464273,424.6427289,711.031375
2058,Footway level Cycle Track,0,0,0.77687244,776.8724435,1300.160596
2059,Footway level Cycle Track,0,0,0.3297786,329.7786012,551.9533129
2060,SegregatedCycleLane,0,0,0.17207255,172.0725454,287.4081173
2061,SegregatedCycleLane,0,0,0.18392494,183.9249417,307.1924045
2062,SegregatedCycleLane,0,0,0.20846748,208.4674807,348.7864448
2063,SegregatedCycleLane,0,0,0.15621793,156.2179278,261.1252287
2064,Footway level Cycle Track,0,0,0.31990511,319.9051145,534.6464224
2065,SegregatedCycleLane,0,0,0.11669762,116.6976156,195.1331793
2066,Footway level Cycle Track,0,0,0.19365887,193.6588676,323.9797085
2067,SegregatedCycleLane,0,0,0.6506799,650.6799015,1087.565727
2068,SegregatedCycleLane,0,0,0.79545244,795.4524398,1332.664234
2069,Footway level Cycle Track,0,0,0.39325594,393.2559427,656.6399778
2070,SegregatedCycleLane,0,0,0.16512096,165.120962,276.2202844
2071,SegregatedCycleLane,0,0,0.10380958,103.8095765,173.2933998
2072,SegregatedCycleLane,0,0,0.15213399,152.1339894,254.8253428
2073,Footway level Cycle Track,0,0,0.06063748,60.63747822,101.5608489
2074,Footway level Cycle Track,1,0,0.20678399,206.7839868,346.5435152
2075,Footway level Cycle Track,0,0,0.1393872,139.3871968,233.066087
2076,SegregatedCycleLane,0,0,0.00372633,3.726332009,6.235331996
2077,SegregatedCycleLane,0,1,0.1070638,107.0637957,178.7775904
2078,SegregatedCycleLane,0,0,0.11935973,119.3597252,199.4371293
2079,SegregatedCycleLane,0,0,0.0889179,88.91790296,148.6192178
2080,Footway level Cycle Track,0,0,0.58365688,583.6568785,974.2780944
2081,Footway level Cycle Track,0,0,0.10779061,107.7906093,179.9933737
2082,Footway level Cycle Track,0,0,0.02054893,20.54893105,34.30269735
2083,Footway level Cycle Track,0,0,0.04114564,41.14563542,68.78741485
2084,Footway level Cycle Track,0,0,0.23595976,235.9597636,395.2248302
2085,Footway level Cycle Track,0,0,0.82349631,823.4963055,1378.324009
2086,Footway level Cycle Track,0,0,0.76853774,768.5377441,1284.543662
2087,SegregatedCycleLane,0,0,0.11777779,117.7777852,196.7828698
2088,SegregatedCycleLane,0,0,0.2083015,208.3015028,348.0489968
2089,SegregatedCycleLane,0,0,0.14401501,144.0150061,240.6434825
2090,SegregatedCycleLane,0,0,0.58510131,585.1013111,977.6247295
2091,Footway level Cycle Track,0,0,0.08681238,86.81238219,145.1320284
2092,Footway level Cycle Track,0,0,1.34165144,1341.651441,2247.454043
2093,SegregatedCycleLane,1,0,0.21444183,214.4418342,358.5764759
2094,Footway level Cycle Track,0,0,0.11678535,116.7853525,195.2609901
2095,Footway level Cycle Track,0,0,0.02653295,26.53295364,44.3843957
2096,Footway level Cycle Track,0,0,0.19153787,191.5378667,320.35962
2097,Footway level Cycle Track,0,0,0.02036629,20.36628806,34.05098185
2098,SegregatedCycleLane,0,0,0.08260915,82.60915416,138.1655548
2099,Footway level Cycle Track,0,0,0.01837476,18.37476184,30.7063907
2100,Footway level Cycle Track,0,0,0.01554474,15.54473543,25.97494841
2101,Footway level Cycle Track,0,0,0.03651489,36.51488709,61.01266946
2102,Footway level Cycle Track,0,0,0.17522432,175.2243212,293.1630869
2103,Footway level Cycle Track,0,0,0.17158484,171.5848371,287.115707
2104,Footway level Cycle Track,0,0,0.08949585,89.49579887,149.4270678
2105,Footway level Cycle Track,1,0,0.50057499,500.5749929,835.6091548
2106,Footway level Cycle Track,1,0,0.02004708,20.04708155,33.53111317
2107,TrafficFree,1,0,0.04786721,47.86720648,79.89090084
2108,TrafficFree,0,0,0.0474088,47.40880128,79.25873424
2109,Footway level Cycle Track,0,0,1.01355943,1013.559429,1692.913418
2110,Footway level Cycle Track,0,0,0.03802358,38.02358318,63.58337706
2111,Footway level Cycle Track,0,0,0.0263952,26.39519797,44.11502346
2112,TrafficFree,1,0,1.22251476,1222.514764,2042.790697
2113,TrafficFree,1,0,0.06034757,60.34756924,100.8383252
2114,TrafficFree,0,0,0.17931893,179.318931,299.7755652
2115,TrafficFree,0,0,0.16127958,161.2795794,269.6501534
2116,Shared Foot and Cycle Path Road Adjacent,0,0,0.00393074,3.930741494,6.572324041
2117,Painted Cycle Lane,0,0,0.02858991,28.58991085,47.77890832
2118,Shared Foot and Cycle Path Road Adjacent,0,0,0.13857793,138.5779278,231.6974016
2119,Painted Cycle Lane,0,0,0.55554743,555.5474294,928.221818
2120,Shared Foot and Cycle Path Road Adjacent,0,0,0.89143671,891.4367104,1492.700438
2121,BusLane,0,0,0.01603401,16.0340088,26.83328107
2122,Painted Cycle Lane,0,0,0.27164751,271.6475072,453.9111251
2123,Painted Cycle Lane,0,0,0.01986927,19.86927021,33.23111145
2124,Painted Cycle Lane,0,0,0.03738024,37.3802353,62.45015303
2125,Shared Foot and Cycle Path Road Adjacent,1,0,0.03465399,34.65398854,57.9970726
2126,Shared Foot and Cycle Path Road Adjacent,0,0,0.08688267,86.88267385,145.4590136
2127,Shared Foot and Cycle Path Road Adjacent,1,0,0.00893575,8.935747772,14.93682601
2128,Shared Foot and Cycle Path Road Adjacent,0,0,0.44163306,441.6330593,739.7471599
2129,Painted Cycle Lane,0,0,0.08581097,85.81096847,143.4610315
2130,Shared Foot and Cycle Path Road Adjacent,0,0,0.201921,201.9210042,338.1826099
2131,Painted Cycle Lane,0,0,0.03195336,31.95335766,53.42849053
2132,Shared Foot and Cycle Path Road Adjacent,0,0,0.17923453,179.2345349,299.6989627
2133,Shared Foot and Cycle Path Road Adjacent,0,0,0.10631447,106.3144673,177.7005363
2134,Painted Cycle Lane,0,0,0.0474503,47.45030056,79.32345618
2135,Shared Foot and Cycle Path Road Adjacent,0,0,0.08146975,81.46975049,136.3480625
2136,Shared Foot and Cycle Path Road Adjacent,0,0,0.0232801,23.28010051,38.97616382
2137,Painted Cycle Lane,0,0,0.09212057,92.12057368,153.9032457
2138,Shared Foot and Cycle Path Road Adjacent,0,0,0.3881071,388.1070968,648.492977
2139,Shared Foot and Cycle Path Road Adjacent,0,0,0.32068124,320.6812362,536.9095705
2140,Shared Foot and Cycle Path Road Adjacent,0,0,0.4844958,484.4957974,810.4559476
2141,Shared Foot and Cycle Path Road Adjacent,0,0,0.06544214,65.44213662,109.4879747
2142,BusLane,0,0,0.8548693,854.8693015,1429.741576
2143,Painted Cycle Lane,0,0,0.02805836,28.05840538,46.87603549
2144,Painted Cycle Lane,0,0,0.08813584,88.13583945,147.2459214
2145,Painted Cycle Lane,0,0,0.03538515,35.38515199,59.11694138
2146,Painted Cycle Lane,0,0,0.154357,154.3569567,257.8784636
2147,Painted Cycle Lane,0,0,0.06200802,62.00801522,103.5943519
2148,Shared Foot and Cycle Path Road Adjacent,0,0,0.19689084,196.8908356,329.7653185
2149,Shared Foot and Cycle Path Road Adjacent,0,0,0.04350746,43.50745961,72.84460681
2150,Shared Foot and Cycle Path Road Adjacent,0,0,0.05322039,53.22039092,89.10847118
2151,Painted Cycle Lane,0,0,0.03733063,37.33063389,62.3667249
2152,Painted Cycle Lane,0,0,0.02688062,26.88061877,44.93924917
2153,Painted Cycle Lane,0,0,0.01556301,15.5630116,26.0205471
2154,Shared Foot and Cycle Path Road Adjacent,0,0,0.08963919,89.63919127,150.0509021
2155,Shared Foot and Cycle Path Road Adjacent,0,0,0.11027823,110.2782315,184.324583
2156,Shared Foot and Cycle Path Road Adjacent,0,0,0.02953345,29.53345484,49.45644175
2157,Shared Foot and Cycle Path Road Adjacent,0,0,0.00853013,8.530130032,14.25456513
2158,Shared Foot and Cycle Path Road Adjacent,0,0,0.12282894,122.828938,205.2766781
2159,Painted Cycle Lane,0,0,0.04757867,47.57867273,79.53864154
2160,Painted Cycle Lane,0,0,0.03021169,30.21169475,50.42609454
2161,Shared Foot and Cycle Path Road Adjacent,0,0,0.05659962,56.5996244,94.59393895
2162,Painted Cycle Lane,0,0,0.0473846,47.38460229,79.23385463
2163,Shared Foot and Cycle Path Road Adjacent,0,0,0.19887767,198.8776684,333.0864394
2164,Painted Cycle Lane,0,0,0.0342316,34.2316005,57.14607849
2165,Shared Foot and Cycle Path Road Adjacent,0,0,0.13181629,131.8162928,220.325553
2166,Painted Cycle Lane,0,0,0.02187769,21.87769357,36.55322554
2167,Shared Foot and Cycle Path Road Adjacent,0,0,0.08085365,80.85364978,135.0357297
2168,Painted Cycle Lane,0,0,0.05328875,53.28874882,89.07704366
2169,BusLane,0,0,0.2020121,202.0120996,337.8802004
2170,Shared Foot and Cycle Path Road Adjacent,0,0,0.04066177,40.6617692,68.1153288
2171,Shared Foot and Cycle Path Road Adjacent,0,0,0.0586551,58.65510021,98.08725714
2172,BusLane,0,0,0.09816151,98.16150514,164.1491359
2173,Painted Cycle Lane,0,0,0.01596895,15.96894578,26.72235053
2174,BusLane,0,0,0.1927801,192.7800976,322.3550847
2175,Painted Cycle Lane,0,0,0.08791665,87.91665236,146.9878561
2176,Shared Foot and Cycle Path Road Adjacent,0,0,0.48074389,480.7438874,805.2456934
2177,Shared Foot and Cycle Path Road Adjacent,0,0,0.08404251,84.04251029,140.486367
2178,Painted Cycle Lane,0,0,0.03738032,37.38031843,62.45026904
2179,Shared Foot and Cycle Path Road Adjacent,0,0,0.07749338,77.49337885,129.5346475
2180,Painted Cycle Lane,0,0,0.09163534,91.63533707,153.1777779
2181,Shared Foot and Cycle Path Road Adjacent,0,0,0.0241645,24.16449759,40.37705886
2182,Painted Cycle Lane,0,0,0.07471182,74.71182316,124.8184484
2183,Painted Cycle Lane,0,0,0.07423239,74.23239234,123.91465
2184,Shared Foot and Cycle Path Road Adjacent,0,0,0.10288905,102.8890493,172.2445181
2185,BusLane,0,0,0.05226592,52.26591983,87.5199709
2186,Shared Foot and Cycle Path Road Adjacent,0,0,0.00387186,3.871860713,6.475196898
2187,Shared Foot and Cycle Path Road Adjacent,0,0,0.23285856,232.8585589,389.3067502
2188,Shared Foot and Cycle Path Road Adjacent,0,0,0.03380659,33.80658628,56.60392465
2189,Shared Foot and Cycle Path Road Adjacent,0,0,0.08618078,86.18078099,144.2147989
2190,Shared Foot and Cycle Path Road Adjacent,0,0,0.53519092,535.1909151,896.2734586
2191,Shared Foot and Cycle Path Road Adjacent,1,0,0.04036727,40.36727104,67.47922893
2192,Shared Foot and Cycle Path Road Adjacent,0,0,0.64764577,647.6457658,1084.016024
2193,Shared Foot and Cycle Path Road Adjacent,0,0,0.48693831,486.9383107,814.5137435
2194,Shared Foot and Cycle Path Road Adjacent,0,0,0.03856768,38.56767874,64.51096176
2195,Shared Foot and Cycle Path Road Adjacent,0,0,0.01367451,13.67450984,22.86578398
2196,BusLane,0,0,0.01911765,19.11764914,32.00706472
2197,BusLane,0,0,0.24511564,245.1156418,410.4568091
2198,Shared Foot and Cycle Path Road Adjacent,0,0,0.23286922,232.8692225,389.7318187
2199,BusLane,0,0,0.04459707,44.59707366,74.51479755
2200,BusLane,0,0,0.09427411,94.27411048,157.643652
2201,Shared Foot and Cycle Path Road Adjacent,0,0,0.08800941,88.00940642,147.1541336
2202,Painted Cycle Lane,0,0,0.10838319,108.3831948,181.1149192
2203,Shared Foot and Cycle Path Road Adjacent,0,0,0.19562918,195.6291801,327.6786466
2204,Shared Foot and Cycle Path Road Adjacent,0,0,0.24347691,243.4769063,407.0912593
2205,Shared Foot and Cycle Path Road Adjacent,0,0,1.20162178,1201.62178,2006.838936
2206,Shared Foot and Cycle Path Road Adjacent,0,0,0.16053369,160.5336896,269.0313358
2207,Shared Foot and Cycle Path Road Adjacent,0,0,0.20182269,201.822687,337.5153917
2208,Shared Foot and Cycle Path Road Adjacent,0,0,0.61031078,610.3107775,1021.758699
2209,Painted Cycle Lane,0,0,0.04603877,46.03877413,76.92706556
2210,Painted Cycle Lane,0,0,0.87868487,878.6848743,1470.135022
2211,BusLane,0,0,0.26573664,265.7366397,444.3622188
2212,Painted Cycle Lane,0,0,0.27314789,273.1478858,456.4452052
2213,Painted Cycle Lane,0,0,0.24589122,245.8912204,411.0777186
2214,Shared Foot and Cycle Path Road Adjacent,0,0,0.02887432,28.87432129,48.3498498
2215,Shared Foot and Cycle Path Road Adjacent,0,0,0.12750388,127.5038759,213.1093522
2216,Shared Foot and Cycle Path Road Adjacent,0,0,0.06815404,68.15403518,113.9063413
2217,Shared Foot and Cycle Path Road Adjacent,0,0,0.6087158,608.7157993,1019.088412
2218,Shared Foot and Cycle Path Road Adjacent,0,0,0.13074425,130.7442522,218.9437991
2219,Shared Foot and Cycle Path Road Adjacent,0,0,0.10543753,105.4375294,176.1940769
2220,Shared Foot and Cycle Path Road Adjacent,0,0,0.24599386,245.9938553,411.2233115
2221,Painted Cycle Lane,0,0,0.04258548,42.58548164,71.19073288
2222,Painted Cycle Lane,0,0,0.05146128,51.4612788,86.02433659
2223,Shared Foot and Cycle Path Road Adjacent,0,0,0.63549805,635.498047,1063.725695
2224,Painted Cycle Lane,0,0,0.01671597,16.71596765,27.93898136
2225,Painted Cycle Lane,0,0,0.0380151,38.0151042,63.51068004
2226,Painted Cycle Lane,0,0,0.10408616,104.0861571,174.074293
2227,Painted Cycle Lane,0,0,0.33498726,334.987262,560.0763242
2228,Painted Cycle Lane,0,0,0.0136406,13.6405969,22.80857029
2229,BusLane,0,0,0.4364489,436.4488964,729.7874322
2230,BusLane,0,0,0.25265086,252.650862,422.6060099
2231,BusLane,0,0,0.02783267,27.83266649,46.54643583
2232,BusLane,0,0,0.1236928,123.6927977,206.8750584
2233,SegregatedCycleLane,2,0,0.85963844,859.6384447,1435.950693
2234,SegregatedCycleLane,2,0,0.72060815,720.608146,1203.50535
2235,Shared Foot and Cycle Path Road Adjacent,0,0,0.06889625,68.89624844,115.1896682
2236,BusLane,0,0,0.12889243,128.8924349,215.5718607
2237,Painted Cycle Lane,0,0,0.05434659,54.34659468,90.94059246
2238,BusLane,0,0,0.43107384,431.0738424,720.791921
2239,BusLane,0,0,0.19378309,193.7830519,324.004384
2240,Shared Foot and Cycle Path Road Adjacent,0,0,0.18256081,182.5608137,305.2254122
2241,BusLane,0,0,0.03687147,36.87146605,61.66437106
2242,Painted Cycle Lane,0,0,0.12363701,123.637013,206.7951127
2243,Painted Cycle Lane,0,0,0.01825014,18.25013776,30.53510693
2244,BusLane,0,0,0.267355,267.3549991,447.0752766
2245,BusLane,0,0,0.10534599,105.3459854,176.1819542
2246,BusLane,0,0,0.05402535,54.02534627,90.34888621
2247,Painted Cycle Lane,0,0,0.08443252,84.43252176,141.0074278
2248,Shared Foot and Cycle Path Road Adjacent,0,0,0.07486927,74.86926832,125.0477295
2249,Painted Cycle Lane,0,0,0.01739682,17.39681521,29.08410766
2250,Painted Cycle Lane,0,0,0.73100836,731.008363,1224.669161
2251,BusLane,0,0,0.07286261,72.86260569,121.7246758
2252,Painted Cycle Lane,0,0,0.01269942,12.69942141,21.23979042
2253,Painted Cycle Lane,0,0,0.06885842,68.85841915,115.1891951
2254,BusLane,0,0,0.62841281,628.4128103,1050.728042
2255,Shared Foot and Cycle Path Road Adjacent,0,0,0.04485325,44.8532546,75.02005401
2256,Painted Cycle Lane,0,0,0.01185359,11.85358957,19.81889963
2257,Painted Cycle Lane,0,0,0.07099958,70.99957626,118.6421288
2258,Painted Cycle Lane,0,0,0.0213437,21.3436972,35.69253974
2259,Painted Cycle Lane,0,0,0.00908251,9.0825092,15.18341003
2260,Painted Cycle Lane,0,0,0.14575016,145.7501646,243.5236515
2261,BusLane,0,0,0.21440655,214.406554,358.8567884
2262,BusLane,0,0,0.27960373,279.603734,468.34778
2263,SegregatedCycleLane,0,0,0.16278846,162.7884599,272.6711087
2264,BusLane,0,0,0.56226705,562.2670518,941.9768502
2265,BusLane,0,0,0.47891668,478.9166754,800.6687334
2266,Painted Cycle Lane,0,0,0.74519807,745.1981317,1244.493893
2267,BusLane,0,0,1.06247493,1062.474928,1777.000301
2268,BusLane,0,0,0.32786975,327.8697483,547.9373742
2269,Painted Cycle Lane,0,0,0.01827099,18.27099034,30.53432937
2270,BusLane,0,0,1.48433494,1484.334941,2480.284455
2271,BusLane,0,0,0.41914958,419.149584,700.35563
2272,Shared Foot and Cycle Path Road Adjacent,0,0,0.01268732,12.6873249,21.22939681
2273,Shared Foot and Cycle Path Road Adjacent,0,0,0.25557894,255.578936,427.4778891
2274,SegregatedCycleLane,0,0,0.85433661,854.3366057,1427.403982
2275,Painted Cycle Lane,0,0,3.12200109,3122.001087,5222.541598
2276,Shared Foot and Cycle Path Road Adjacent,0,0,0.35699117,356.9911722,596.5249774
2277,BusLane,0,0,0.23060036,230.6003563,385.3154066
2278,BusLane,0,0,0.38422994,384.2299383,642.9782961
2279,BusLane,0,0,1.27301506,1273.015056,2127.458033
2280,Painted Cycle Lane,0,0,0.17911365,179.1136458,300.1333711
2281,Painted Cycle Lane,0,0,0.52021808,520.2180839,870.6843101
2282,Painted Cycle Lane,0,0,0.44419711,444.1971069,743.062852
2283,Painted Cycle Lane,0,0,0.84939418,849.39418,1421.106532
2284,Painted Cycle Lane,0,0,0.28045112,280.4511183,468.3518597
2285,Painted Cycle Lane,0,0,0.21265303,212.6530296,355.8376924
2286,Painted Cycle Lane,0,0,0.07252804,72.52804405,121.1437466
2287,Painted Cycle Lane,0,0,0.77088744,770.8874439,1291.302346
2288,Painted Cycle Lane,0,0,0.62535683,625.356829,1044.972031
2289,Painted Cycle Lane,0,0,0.40734608,407.3460826,680.6497397
2290,Painted Cycle Lane,0,0,0.18457834,184.5783364,309.1689835
2291,Painted Cycle Lane,0,0,0.15390558,153.9055813,257.6072702
2292,Painted Cycle Lane,0,0,0.22943068,229.4306787,383.9504405
2293,Painted Cycle Lane,0,0,0.01804929,18.04928797,30.17178955
2294,BusLane,0,0,0.41911327,419.1132711,702.2286166
2295,BusLane,0,0,0.02020572,20.20571717,33.7930902
2296,BusLane,0,0,0.25833722,258.3372193,431.8432654
2297,Painted Cycle Lane,0,0,0.02352951,23.52950881,39.34703222
2298,Painted Cycle Lane,0,0,0.0982077,98.20769501,164.0143641
2299,Shared Foot and Cycle Path Road Adjacent,1,0,0.03866277,38.662772,64.62451246
2300,Painted Cycle Lane,0,0,0.08233411,82.3341116,137.6323187
2301,Painted Cycle Lane,0,0,0.03358998,33.58997963,56.09929456
2302,BusLane,0,0,0.07421639,74.21638619,124.2241843
2303,Painted Cycle Lane,0,0,0.0081778,8.177801682,13.68937227
2304,Painted Cycle Lane,0,0,0.02991298,29.91298068,50.01119898
2305,BusLane,0,0,1.45256013,1452.560128,2427.559219
2306,Painted Cycle Lane,0,0,0.03850161,38.5016133,64.36432313
2307,Shared Foot and Cycle Path Road Adjacent,0,0,0.16916577,169.1657732,283.1122382
2308,Painted Cycle Lane,0,0,0.00584614,5.846139342,9.786373578
2309,Shared Foot and Cycle Path Road Adjacent,0,0,0.24920119,249.2011898,416.5257791
2310,Painted Cycle Lane,0,0,0.48491237,484.9123668,810.8156169
2311,Painted Cycle Lane,0,0,0.26091163,260.9116302,436.6054272
2312,Shared Foot and Cycle Path Road Adjacent,0,0,0.05873293,58.73292765,98.15152341
2313,BusLane,0,0,0.10746071,107.4607075,179.6446821
2314,Painted Cycle Lane,0,0,0.0106478,10.64779872,17.80811556
2315,Shared Foot and Cycle Path Road Adjacent,0,0,0.29932406,299.3240592,500.0380995
2316,Shared Foot and Cycle Path Road Adjacent,0,0,0.01511362,15.11362242,25.2809469
2317,BusLane,0,0,0.66982869,669.8286882,1119.243835
2318,Shared Foot and Cycle Path Road Adjacent,0,0,0.06246259,62.46259245,104.3273405
2319,Shared Foot and Cycle Path Road Adjacent,0,0,0.06381628,63.81628409,106.6835936
2320,Painted Cycle Lane,0,0,0.02902277,29.02277129,48.49627315
2321,Painted Cycle Lane,0,0,0.17293823,172.938234,289.3713265
2322,Painted Cycle Lane,0,0,0.04627191,46.27190889,77.33455873
2323,BusLane,0,0,0.26257024,262.5702417,439.9235646
2324,Shared Foot and Cycle Path Road Adjacent,0,0,0.02608514,26.08514434,43.55732181
2325,BusLane,0,0,0.14866484,148.6648369,249.0615404
2326,Painted Cycle Lane,0,0,0.09833807,98.33807385,164.3163771
2327,Painted Cycle Lane,0,0,0.85984267,859.8426684,1438.419436
2328,Shared Foot and Cycle Path Road Adjacent,0,0,0.21886625,218.8662539,365.4883091
2329,Shared Foot and Cycle Path Road Adjacent,0,0,0.05807218,58.07217869,97.04424523
2330,Shared Foot and Cycle Path Road Adjacent,1,0,0.08301386,83.01385908,138.7019433
2331,Shared Foot and Cycle Path Road Adjacent,0,0,0.43332367,433.3236745,724.9125839
2332,Painted Cycle Lane,0,0,0.27911869,279.1186928,466.6163288
2333,Painted Cycle Lane,0,0,0.49271204,492.712036,824.0200887
2334,Painted Cycle Lane,0,0,0.02947095,29.47094993,49.26446322
2335,Painted Cycle Lane,0,0,0.02974162,29.74161737,49.70017656
2336,Painted Cycle Lane,0,0,0.01504747,15.04746596,25.15875699
2337,Shared Foot and Cycle Path Road Adjacent,0,0,0.01458626,14.58626292,24.34855829
2338,Painted Cycle Lane,0,0,0.87260944,872.6094421,1461.965168
2339,Shared Foot and Cycle Path Road Adjacent,0,0,0.04331682,43.316819,72.37184496
2340,BusLane,0,0,0.02184259,21.84258994,36.53743666
2341,Shared Foot and Cycle Path Road Adjacent,0,0,0.14521457,145.2145675,243.0941231
2342,Painted Cycle Lane,0,0,0.00974896,9.748958164,16.28139216
2343,Painted Cycle Lane,0,0,0.07694316,76.94316206,128.5764507
2344,Painted Cycle Lane,0,0,0.06433164,64.33163761,107.51475
2345,Shared Foot and Cycle Path Road Adjacent,0,0,0.46072207,460.7220659,769.7772671
2346,Painted Cycle Lane,0,0,0.24162804,241.6280392,404.3566761
2347,BusLane,0,0,0.18467771,184.6777087,308.8005846
2348,Painted Cycle Lane,0,0,0.2790028,279.0027966,465.7178193
2349,Painted Cycle Lane,0,0,0.10542245,105.4224473,176.1521884
2350,Painted Cycle Lane,0,0,0.07783005,77.83004906,130.0755569
2351,Painted Cycle Lane,0,0,0.06097781,60.97780973,102.199117
2352,Painted Cycle Lane,0,0,0.01655648,16.55647507,27.69042638
2353,Painted Cycle Lane,0,0,0.3048222,304.8222041,509.6531948
2354,Shared Foot and Cycle Path Road Adjacent,0,0,0.07152775,71.52779627,119.7320551
2355,Painted Cycle Lane,0,0,0.04276204,42.76204203,71.53053004
2356,Shared Foot and Cycle Path Road Adjacent,0,0,0.05479015,54.79014788,91.57452147
2357,Painted Cycle Lane,0,0,0.1179545,117.9545047,197.1076889
2358,BusLane,0,0,0.05917728,59.17728005,98.94066228
2359,BusLane,0,0,0.02281884,22.8188445,38.10243534
2360,BusLane,0,0,0.04741529,47.41529463,79.30008932
2361,Painted Cycle Lane,0,0,0.04074835,40.74834593,68.08608561
2362,Painted Cycle Lane,0,0,0.05886966,58.86966488,98.3707848
2363,BusLane,0,0,0.04344567,43.44566978,72.59768214
2364,BusLane,0,0,0.15716815,157.1681489,262.7263324
2365,Shared Foot and Cycle Path Road Adjacent,0,0,0.11903817,119.0381654,199.0167472
2366,BusLane,0,0,0.07216367,72.16367084,120.6938025
2367,BusLane,0,0,0.02126324,21.26323598,35.56392309
2368,Painted Cycle Lane,0,0,0.10836809,108.3680887,181.0764028
2369,Shared Foot and Cycle Path Road Adjacent,0,0,0.03876146,38.76145551,64.73033406
2370,Shared Foot and Cycle Path Road Adjacent,0,0,0.05400893,54.00892875,90.26018019
2371,Painted Cycle Lane,0,0,0.14105381,141.0538086,236.0442783
2372,BusLane,0,0,0.15897623,158.9762276,265.8808178
2373,Painted Cycle Lane,0,0,0.07971677,79.71676647,133.2070888
2374,Shared Foot and Cycle Path Road Adjacent,0,0,0.03976448,39.76448255,66.45967892
2375,BusLane,0,0,0.26906133,269.0613263,449.9855084
2376,Painted Cycle Lane,0,0,0.02901921,29.01920813,48.54018343
2377,BusLane,0,0,0.20213089,202.1308876,337.8927412
2378,Shared Foot and Cycle Path Road Adjacent,0,0,0.02535629,25.35629415,42.35614038
2379,Painted Cycle Lane,0,0,0.15974901,159.7490092,267.2352325
2380,BusLane,0,0,0.24260493,242.604926,405.9790102
2381,BusLane,0,0,0.04556998,45.56997547,76.21617937
2382,Painted Cycle Lane,0,0,0.15002251,150.0225054,251.0618683
2383,Painted Cycle Lane,0,0,0.25492364,254.9236402,425.7264986
2384,Painted Cycle Lane,0,0,0.05349185,53.49185354,89.48040723
2385,Painted Cycle Lane,0,0,0.10638257,106.3825694,178.0263626
2386,BusLane,0,0,0.3002921,300.2921003,502.0894984
2387,Shared Foot and Cycle Path Road Adjacent,0,0,0.11201896,112.0189579,187.4049341
2388,BusLane,0,0,0.03809109,38.09108633,63.7254117
2389,Shared Foot and Cycle Path Road Adjacent,0,0,0.08066345,80.66344782,134.95881
2390,BusLane,0,0,0.19208836,192.0883792,321.1688439
2391,Painted Cycle Lane,0,0,0.06926933,69.2693253,115.8229509
2392,Painted Cycle Lane,0,0,0.06165349,61.65348642,103.0195801
2393,BusLane,0,0,0.02745196,27.45195626,45.90697187
2394,Painted Cycle Lane,0,0,0.15884043,158.8404273,265.5946256
2395,Painted Cycle Lane,0,0,0.04752115,47.52115391,79.41527658
2396,Shared Foot and Cycle Path Road Adjacent,0,0,0.15825755,158.2575462,264.8626699
2397,BusLane,0,0,0.03336387,33.36386766,55.7866879
2398,Painted Cycle Lane,0,0,0.0860794,86.07940401,144.0423672
2399,Painted Cycle Lane,0,0,0.15732494,157.3249402,263.2329521
2400,Shared Foot and Cycle Path Road Adjacent,0,0,0.06386036,63.86036326,106.8887874
2401,Shared Foot and Cycle Path Road Adjacent,0,0,0.22944384,229.4438427,384.0994846
2402,Shared Foot and Cycle Path Road Adjacent,0,0,0.04570937,45.70937405,76.59326232
2403,Painted Cycle Lane,0,0,0.02810655,28.10654952,46.95647922
2404,BusLane,0,0,0.09000082,90.00082281,150.5149759
2405,Painted Cycle Lane,0,0,0.12889361,128.8936081,215.3757377
2406,Shared Foot and Cycle Path Road Adjacent,0,0,0.11779473,117.7947281,197.0414523
2407,Shared Foot and Cycle Path Road Adjacent,0,0,0.04213653,42.13653111,70.52120219
2408,Shared Foot and Cycle Path Road Adjacent,0,0,0.05372041,53.72040714,89.82702561
2409,Painted Cycle Lane,0,0,0.25044235,250.4423479,418.9251397
2410,Shared Foot and Cycle Path Road Adjacent,0,0,0.03842839,38.42839476,64.24428986
2411,Shared Foot and Cycle Path Road Adjacent,0,0,0.03926388,39.26388208,65.68608384
2412,BusLane,0,0,0.30154542,301.5454187,504.2636071
2413,Shared Foot and Cycle Path Road Adjacent,0,0,0.21201636,212.0163624,354.6005237
2414,BusLane,0,0,0.09126529,91.26528757,152.6086885
2415,Shared Foot and Cycle Path Road Adjacent,0,0,0.28952964,289.5296425,484.0929738
2416,Shared Foot and Cycle Path Road Adjacent,0,0,0.05956904,59.56904238,99.532161
2417,Shared Foot and Cycle Path Road Adjacent,0,0,0.15260414,152.6041366,254.9317954
2418,Shared Foot and Cycle Path Road Adjacent,0,0,0.04135559,41.35559113,69.20485702
2419,Shared Foot and Cycle Path Road Adjacent,0,0,0.04354324,43.54323539,72.75428349
2420,Shared Foot and Cycle Path Road Adjacent,0,0,0.05758473,57.58472813,96.19722787
2421,Shared Foot and Cycle Path Road Adjacent,0,0,0.04057196,40.57196453,67.84180642
2422,BusLane,0,0,0.03601991,36.01991435,60.27823297
2423,Shared Foot and Cycle Path Road Adjacent,0,0,0.018881,18.8810031,31.58341511
2424,Shared Foot and Cycle Path Road Adjacent,0,0,0.03240596,32.40596205,54.20079048
2425,Painted Cycle Lane,0,0,0.08353495,83.53494766,139.7963071
2426,Shared Foot and Cycle Path Road Adjacent,0,0,0.02133154,21.33154183,35.70080884
2427,Painted Cycle Lane,0,0,0.70253675,702.5367502,1173.933777
2428,Shared Foot and Cycle Path Road Adjacent,1,0,0.09388966,93.88966237,156.996739
2429,Painted Cycle Lane,0,0,0.01364967,13.64966611,22.83054406
2430,BusLane,0,0,0.29678368,296.7836785,497.2774223
2431,Shared Foot and Cycle Path Road Adjacent,0,0,0.16964238,169.6423751,283.7794891
2432,Shared Foot and Cycle Path Road Adjacent,0,0,0.04644186,46.44185811,77.55148827
2433,Painted Cycle Lane,0,0,0.04048429,40.48428551,67.74108686
2434,Painted Cycle Lane,0,0,0.12911708,129.1170844,216.1191176
2435,Painted Cycle Lane,0,0,0.1491219,149.1219037,249.2143557
2436,BusLane,0,0,0.00974117,9.741172425,16.2875306
2437,Painted Cycle Lane,0,0,0.06216284,62.16283881,103.7298836
2438,Painted Cycle Lane,0,0,0.01532333,15.32332625,25.58536797
2439,Shared Foot and Cycle Path Road Adjacent,0,0,0.21460424,214.6042384,358.1793994
2440,Painted Cycle Lane,0,0,0.03290871,32.90870748,54.95937001
2441,Shared Foot and Cycle Path Road Adjacent,1,0,0.16736792,167.3679229,279.9799491
2442,BusLane,0,0,0.29929784,299.2978444,500.4312143
2443,Painted Cycle Lane,0,0,0.02943286,29.43286045,49.1978971
2444,Shared Foot and Cycle Path Road Adjacent,0,0,0.16212228,162.1222775,271.1524848
2445,Shared Foot and Cycle Path Road Adjacent,0,0,0.18106579,181.0657855,302.7280236
2446,Shared Foot and Cycle Path Road Adjacent,0,0,1.36614066,1366.140661,2283.864539
2447,Painted Cycle Lane,0,0,0.03853191,38.53191205,64.38346195
2448,Painted Cycle Lane,0,0,0.07718353,77.18353375,129.0278746
2449,Shared Foot and Cycle Path Road Adjacent,0,0,0.04027686,40.27686033,67.30944571
2450,Painted Cycle Lane,0,0,0.06407458,64.0745847,107.1316008
2451,Shared Foot and Cycle Path Road Adjacent,0,0,0.04522339,45.22338889,75.5312588
2452,Shared Foot and Cycle Path Road Adjacent,1,0,0.22260576,222.6057649,372.1464703
2453,Shared Foot and Cycle Path Road Adjacent,1,0,0.03444408,34.44408014,57.6470453
2454,Shared Foot and Cycle Path Road Adjacent,0,0,0.45892863,458.9286277,767.2556663
2455,Shared Foot and Cycle Path Road Adjacent,0,0,0.12766636,127.6663558,213.3111386
2456,Shared Foot and Cycle Path Road Adjacent,0,0,0.52001038,520.010378,868.1866971
2457,Shared Foot and Cycle Path Road Adjacent,1,0,0.12504434,125.0443369,208.7698006
2458,BusLane,0,0,0.03095101,30.95101025,51.8330626
2459,Painted Cycle Lane,0,0,0.0646999,64.69990488,108.1882067
2460,Painted Cycle Lane,0,0,0.00918166,9.181655815,15.33324672
2461,Shared Foot and Cycle Path Road Adjacent,0,0,0.07135731,71.35731166,119.5689154
2462,BusLane,0,0,0.05125656,51.25656437,85.83622047
2463,Shared Foot and Cycle Path Road Adjacent,0,0,0.24706567,247.0656673,412.6055905
2464,Shared Foot and Cycle Path Road Adjacent,0,0,0.52057179,520.5717903,870.8808077
2465,Painted Cycle Lane,0,0,0.02028414,20.2841407,33.92831601
2466,Painted Cycle Lane,0,0,0.01468573,14.68573016,24.56295512
2467,Shared Foot and Cycle Path Road Adjacent,0,0,0.01881848,18.81848474,31.42463963
2468,Shared Foot and Cycle Path Road Adjacent,0,0,0.05677759,56.77758849,95.14942941
2469,Shared Foot and Cycle Path Road Adjacent,0,0,0.09994304,99.9430446,167.3877011
2470,BusLane,0,0,0.04098886,40.98885938,68.43808458
2471,Shared Foot and Cycle Path Road Adjacent,0,0,0.03167846,31.67845542,52.98670402
2472,BusLane,0,0,0.09264606,92.64606464,154.692448
2473,Painted Cycle Lane,0,0,0.00746963,7.469625191,12.47464818
2474,Shared Foot and Cycle Path Road Adjacent,0,0,0.05386081,53.86081255,90.12172782
2475,Painted Cycle Lane,0,0,0.07100204,71.00204226,118.6240983
2476,Shared Foot and Cycle Path Road Adjacent,0,0,0.05300435,53.00435403,88.63904029
2477,Painted Cycle Lane,0,0,0.1197547,119.754698,199.9417163
2478,Painted Cycle Lane,0,0,0.07524641,75.24641461,125.6675202
2479,Painted Cycle Lane,0,0,0.11711156,117.1115586,195.5318685
2480,Shared Foot and Cycle Path Road Adjacent,0,0,0.2563951,256.3951039,428.2289537
2481,Shared Foot and Cycle Path Road Adjacent,0,0,0.19119073,191.1907303,319.3607594
2482,Shared Foot and Cycle Path Road Adjacent,0,0,0.23389152,233.8915177,390.6913798
2483,Shared Foot and Cycle Path Road Adjacent,0,0,0.10003168,100.0316822,167.0600852
2484,Shared Foot and Cycle Path Road Adjacent,0,0,0.43747355,437.4735528,730.2639314
2485,Shared Foot and Cycle Path Road Adjacent,0,0,0.38933381,389.3338098,650.4398207
2486,Painted Cycle Lane,0,0,0.21727117,217.2711698,364.0292059
2487,Painted Cycle Lane,0,0,0.24006923,240.0692274,402.2358518
2488,Shared Foot and Cycle Path Road Adjacent,1,0,0.01738376,17.38375962,29.03671479
2489,Shared Foot and Cycle Path Road Adjacent,0,0,0.23191645,231.9164531,388.035439
2490,Shared Foot and Cycle Path Road Adjacent,0,0,0.19115,191.1500027,319.7872706
2491,Painted Cycle Lane,0,0,0.03325866,33.25866425,55.60720427
2492,Painted Cycle Lane,0,0,0.04268287,42.68286825,71.31137232
2493,Shared Foot and Cycle Path Road Adjacent,0,0,0.07726385,77.26384545,129.0007013
2494,Shared Foot and Cycle Path Road Adjacent,0,0,0.04810871,48.10871102,80.32864522
2495,Shared Foot and Cycle Path Road Adjacent,0,0,0.01287973,12.87973248,21.51755809
2496,Painted Cycle Lane,0,0,0.15023078,150.2307824,250.7847656
2497,Painted Cycle Lane,0,0,0.02882306,28.82306418,48.16592853
2498,Painted Cycle Lane,0,0,0.00826286,8.26285667,13.81255472
2499,Shared Foot and Cycle Path Road Adjacent,0,0,1.14067323,1140.673233,1906.654301
2500,SegregatedCycleLane,2,0,0.54752181,547.5218061,915.7378916
2501,Painted Cycle Lane,0,0,0.15223762,152.2376189,254.7824893
2502,Painted Cycle Lane,0,0,0.05603211,56.03211012,93.73730683
2503,Shared Foot and Cycle Path Road Adjacent,1,0,0.78495231,784.9523086,1311.97787
2504,Shared Foot and Cycle Path Road Adjacent,0,0,0.03984967,39.84966728,66.59673354
2505,Shared Foot and Cycle Path Road Adjacent,0,0,0.31523406,315.2340634,527.2631822
2506,Shared Foot and Cycle Path Road Adjacent,0,0,0.28863094,288.6309447,482.7384477
2507,Shared Foot and Cycle Path Road Adjacent,0,0,0.0911069,91.10690306,152.1672974
2508,Shared Foot and Cycle Path Road Adjacent,1,0,0.01410221,14.10221188,23.56242086
2509,Shared Foot and Cycle Path Road Adjacent,0,0,0.31710794,317.1079422,529.7823378
2510,Shared Foot and Cycle Path Road Adjacent,0,0,0.29296739,292.9673925,489.4394929
2511,Shared Foot and Cycle Path Road Adjacent,0,0,0.03965731,39.65731477,66.30597136
2512,Shared Foot and Cycle Path Road Adjacent,1,0,0.03201976,32.01976192,53.54188837
2513,Shared Foot and Cycle Path Road Adjacent,0,0,0.20205257,202.0525702,337.4502129
2514,Shared Foot and Cycle Path Road Adjacent,0,0,0.09661405,96.61405319,161.4607757
2515,Shared Foot and Cycle Path Road Adjacent,0,0,0.06290879,62.90879397,105.2747316
2516,Shared Foot and Cycle Path Road Adjacent,0,0,1.17715377,1177.153773,1967.415618
2517,Painted Cycle Lane,0,0,0.0699809,69.98089675,116.981694
2518,Shared Foot and Cycle Path Road Adjacent,0,0,0.20364092,203.6409221,340.5936234
2519,Shared Foot and Cycle Path Road Adjacent,0,0,0.1284743,128.4743023,214.7283996
2520,Shared Foot and Cycle Path Road Adjacent,0,0,0.0761895,76.1894976,127.3075293
2521,Shared Foot and Cycle Path Road Adjacent,0,0,0.00568286,5.682859504,9.501873193
2522,Shared Foot and Cycle Path Road Adjacent,0,0,0.47069501,470.6950121,787.4411178
2523,Shared Foot and Cycle Path Road Adjacent,0,0,0.01375863,13.75862752,22.96528071
2524,Shared Foot and Cycle Path Road Adjacent,0,0,0.21512127,215.1212672,359.0421228
2525,Shared Foot and Cycle Path Road Adjacent,0,0,0.12233872,122.3387227,204.1860587
2526,Shared Foot and Cycle Path Road Adjacent,0,0,0.5026233,502.6232997,839.8955614
2527,Shared Foot and Cycle Path Road Adjacent,0,0,0.17016593,170.1659283,284.8069061
2528,Shared Foot and Cycle Path Road Adjacent,0,0,0.37605042,376.0504156,627.6906043
2529,Shared Foot and Cycle Path Road Adjacent,1,0,0.01417416,14.17415695,23.71376607
2530,Shared Foot and Cycle Path Road Adjacent,0,0,0.3885434,388.5433989,648.5611399
2531,Shared Foot and Cycle Path Road Adjacent,0,0,0.02193161,21.93161152,36.62547581
2532,Shared Foot and Cycle Path Road Adjacent,0,0,0.23592167,235.9216655,394.2403621
2533,Shared Foot and Cycle Path Road Adjacent,1,0,0.01497208,14.9720786,25.0474416
2534,Shared Foot and Cycle Path Road Adjacent,1,0,0.01664916,16.64915623,27.78995146
2535,Shared Foot and Cycle Path Road Adjacent,1,0,0.02282497,22.8249674,38.10934874
2536,Shared Foot and Cycle Path Road Adjacent,1,0,0.01536947,15.36946802,25.70346302
2537,Shared Foot and Cycle Path Road Adjacent,0,0,0.3896571,389.657099,650.9551357
2538,Shared Foot and Cycle Path Road Adjacent,1,0,0.01961852,19.61851805,32.78075223
2539,Shared Foot and Cycle Path Road Adjacent,0,0,0.02451192,24.51191729,40.96793505
2540,Shared Foot and Cycle Path Road Adjacent,0,0,0.01984843,19.84843127,33.20599971
2541,Painted Cycle Lane,0,0,0.01972275,19.72274907,32.96799437
2542,Painted Cycle Lane,0,0,0.03271726,32.71725682,54.72015306
2543,Painted Cycle Lane,0,0,0.04970655,49.70654543,83.04189174
2544,Painted Cycle Lane,0,0,0.73997868,739.9786798,1235.775763
2545,Shared Foot and Cycle Path Road Adjacent,0,0,0.03217931,32.17931339,53.86018022
2546,Shared Foot and Cycle Path Road Adjacent,0,0,0.02396667,23.96667048,40.02200008
2547,Shared Foot and Cycle Path Road Adjacent,0,0,0.01261781,12.61780674,21.10455291
2548,Shared Foot and Cycle Path Road Adjacent,0,0,0.02188916,21.88916108,36.62406827
2549,Painted Cycle Lane,0,0,0.02456309,24.56308826,41.04084883
2550,Painted Cycle Lane,0,0,0.02163911,21.63911236,36.19272838
2551,Painted Cycle Lane,0,0,0.01283259,12.83258933,21.43528264
2552,Painted Cycle Lane,0,0,0.01876496,18.76496098,31.40219181
2553,Painted Cycle Lane,0,0,0.0128701,12.87009885,21.49695376
2554,Painted Cycle Lane,0,0,0.01186247,11.86247486,19.85234935
2555,Painted Cycle Lane,0,0,0.01459631,14.5963146,24.42819872
2556,Painted Cycle Lane,0,0,0.02422785,24.2278508,40.50409164
2557,Painted Cycle Lane,0,0,3.19374148,3193.741481,5342.589513
2558,Painted Cycle Lane,0,0,0.84896773,848.9677264,1420.39169
2559,SegregatedCycleLane,0,0,0.83565337,835.6533746,1396.209091
2560,Painted Cycle Lane,0,0,0.01305552,13.05551563,21.84403708
2561,Painted Cycle Lane,0,0,0.01495376,14.95375883,24.99927079
2562,Painted Cycle Lane,0,0,0.55554743,555.5474294,928.223184
2563,Painted Cycle Lane,0,0,0.03026163,30.26163025,50.57963961
2564,Painted Cycle Lane,0,0,0.01814814,18.14813763,30.33552171
2565,Shared Foot and Cycle Path Road Adjacent,0,0,0.03667447,36.67446944,61.37986933
2566,Painted Cycle Lane,0,0,0.01500891,15.00891415,25.09421095
2567,Painted Cycle Lane,0,0,0.01404308,14.04308056,23.47599892
2568,Painted Cycle Lane,0,0,0.01598291,15.98291179,26.70649374
2569,Painted Cycle Lane,0,0,0.28642465,286.4246479,478.7185652
2570,Painted Cycle Lane,0,0,0.0685882,68.58819823,114.5938748
2571,Painted Cycle Lane,0,0,0.02121326,21.21325565,35.50188484
2572,Painted Cycle Lane,0,0,0.25113917,251.1391676,420.2781161
2573,BusLane,0,0,0.01844511,18.44510721,30.86314886
2574,Painted Cycle Lane,0,0,0.02085401,20.85400562,34.89995243
2575,Painted Cycle Lane,0,0,0.01076012,10.76011678,17.96625062
2576,Painted Cycle Lane,0,0,0.02148175,21.48175119,35.9510766
2577,Painted Cycle Lane,0,0,0.0152478,15.24780111,25.45788902
2578,Painted Cycle Lane,0,0,0.00873143,8.731426354,14.61287107
2579,Painted Cycle Lane,0,0,0.13272622,132.7262205,221.6791294
2580,Painted Cycle Lane,0,0,0.04117451,41.17451338,68.76877297
2581,Painted Cycle Lane,0,0,1.36683696,1366.836961,2283.756548
2582,Painted Cycle Lane,0,0,1.36422876,1364.228758,2279.3957
2583,Painted Cycle Lane,0,0,0.04569558,45.69557825,76.46749903
2584,Painted Cycle Lane,0,0,0.08824822,88.24822215,147.7017946
2585,Painted Cycle Lane,0,0,0.48709315,487.0931451,814.3143188
2586,Shared Foot and Cycle Path Road Adjacent,0,0,0.01143227,11.4322654,19.08970731
2587,Shared Foot and Cycle Path Road Adjacent,0,0,0.01870228,18.70227759,31.21184052
2588,Shared Foot and Cycle Path Road Adjacent,0,0,0.00971362,9.713615735,16.22664546
2589,Shared Foot and Cycle Path Road Adjacent,0,0,0.00920842,9.208417913,15.37733396
2590,Shared Foot and Cycle Path Road Adjacent,0,0,0.01518763,15.18762574,25.34613119
2591,Shared Foot and Cycle Path Road Adjacent,0,0,0.0130736,13.07360436,21.82859185
2592,Shared Foot and Cycle Path Road Adjacent,1,0,0.01442977,14.4297739,24.08447827
2593,Shared Foot and Cycle Path Road Adjacent,1,0,0.01690984,16.90983659,28.25300784
2594,Shared Foot and Cycle Path Road Adjacent,1,0,0.01671725,16.71725294,27.92915509
2595,Shared Foot and Cycle Path Road Adjacent,1,0,0.0163574,16.35739652,27.33832683
2596,Shared Foot and Cycle Path Road Adjacent,1,0,0.01861113,18.61113467,31.09172356
2597,Shared Foot and Cycle Path Road Adjacent,1,0,0.00806136,8.061357702,13.48457033
2598,Shared Foot and Cycle Path Road Adjacent,1,0,0.00998121,9.981207296,16.6563656
2599,Shared Foot and Cycle Path Road Adjacent,1,0,0.00744055,7.440545669,12.44412657
2600,Painted Cycle Lane,0,0,0.0955284,95.52840297,159.4273777
2601,Shared Foot and Cycle Path Road Adjacent,0,0,0.01825474,18.25473801,30.5116554
2602,Shared Foot and Cycle Path Road Adjacent,0,0,0.02891825,28.91825387,48.27898973
2603,BusLane,0,0,0.26131381,261.3138112,437.6323333
2604,BusLane,0,0,0.04228763,42.28762786,70.81447704
2605,Shared Foot and Cycle Path Road Adjacent,0,0,0.0272596,27.25959977,45.5872812
2606,Shared Foot and Cycle Path Road Adjacent,0,0,0.02624572,26.24571969,43.92295611
2607,Shared Foot and Cycle Path Road Adjacent,0,0,0.01530097,15.30097251,25.61779121
2608,Shared Foot and Cycle Path Road Adjacent,0,0,0.01605817,16.05816693,26.89881175
2609,Shared Foot and Cycle Path Road Adjacent,0,0,0.01505792,15.05791562,25.1980823
2610,Shared Foot and Cycle Path Road Adjacent,0,0,0.01839483,18.39483284,30.7523331
2611,Shared Foot and Cycle Path Road Adjacent,0,0,0.02778833,27.78832707,46.52707187
2612,Shared Foot and Cycle Path Road Adjacent,0,0,0.0216535,21.65350394,36.23226747
2613,Shared Foot and Cycle Path Road Adjacent,0,0,0.02973343,29.73343485,49.78989236
2614,Shared Foot and Cycle Path Road Adjacent,0,0,0.02561718,25.61718135,42.8720114
2615,Painted Cycle Lane,0,0,0.0945026,94.50260171,157.8079516
2616,Painted Cycle Lane,0,0,0.11136633,111.3663341,185.9791748
2617,Shared Foot and Cycle Path Road Adjacent,0,0,0.33693291,336.9329063,564.5493067
2618,Shared Foot and Cycle Path Road Adjacent,0,0,0.2078458,207.8457934,347.0548105
2619,Painted Cycle Lane,0,0,0.10504855,105.0485463,175.7331237
2620,Painted Cycle Lane,0,0,0.20788531,207.8853138,347.612623
2621,Shared Foot and Cycle Path Road Adjacent,0,0,0.10893426,108.9342609,182.4164223
2622,Shared Foot and Cycle Path Road Adjacent,0,0,0.31220476,312.2047633,521.750622
2623,BusLane,0,0,0.40269845,402.6984369,672.4855984
2624,Painted Cycle Lane,0,0,0.27018683,270.1868283,451.6359882
2625,Shared Foot and Cycle Path Road Adjacent,0,0,0.96095076,960.9507615,1605.503986
2626,Shared Foot and Cycle Path Road Adjacent,0,0,0.61454026,614.5402558,1026.424157
2627,BusLane,0,0,0.91589108,915.8910802,1530.038507
2628,Painted Cycle Lane,0,0,0.20754575,207.5457453,346.9758904
2629,Painted Cycle Lane,0,0,0.05827012,58.27011979,97.37049154
2630,BusLane,0,0,0.82466904,824.6690429,1377.569353
2631,BusLane,0,0,0.62841281,628.4128103,1050.725726
2632,BusLane,0,0,1.40863372,1408.63372,2353.649729
2633,BusLane,0,0,1.06626637,1066.266368,1783.353491
2634,BusLane,0,0,1.31806578,1318.065776,2202.800795
2635,BusLane,0,0,0.27867514,278.6751404,465.7259764
2636,BusLane,0,0,0.49978397,499.7839716,835.0830039
2637,BusLane,0,0,0.42221584,422.2158355,707.4262729
2638,BusLane,0,0,0.05836458,58.36457607,97.73888527
2639,BusLane,0,0,0.37064384,370.6438439,620.2399732
2640,BusLane,0,0,0.06304987,63.04987168,105.5206151
2641,BusLane,0,0,0.02044918,20.44918484,34.25073312
2642,BusLane,0,0,0.23517916,235.1791559,393.1351387
2643,BusLane,0,0,0.11653352,116.5335209,194.8169436
2644,BusLane,0,0,0.17607012,176.0701243,294.9661768
2645,BusLane,0,0,0.42582343,425.8234274,711.1156634
2646,Painted Cycle Lane,0,0,0.2338937,233.8936956,391.4484453
2647,Painted Cycle Lane,0,0,0.46958736,469.5873607,785.3727752
2648,Painted Cycle Lane,0,0,0.84473783,844.7378314,1412.817167
2649,Painted Cycle Lane,0,0,0.53403055,534.0305484,892.9325309
2650,BusLane,0,0,0.03724341,37.2434075,62.29865046
2651,Shared Foot and Cycle Path Road Adjacent,0,0,0.81570174,815.7017371,1363.007901
2652,BusLane,0,0,0.13791855,137.9185476,230.6164588
2653,Shared Foot and Cycle Path Road Adjacent,0,0,0.17623683,176.2368342,294.7496394
2654,BusLane,0,0,0.7235221,723.5220994,1208.937886
2655,Shared Foot and Cycle Path Road Adjacent,0,0,0.07318387,73.18386809,122.3388866
2656,Shared Foot and Cycle Path Road Adjacent,0,0,0.09845645,98.45645159,164.5848575
2657,Shared Foot and Cycle Path Road Adjacent,0,0,0.20818908,208.1890783,348.0890964
2658,Shared Foot and Cycle Path Road Adjacent,0,0,0.05690796,56.9079552,95.24880843
2659,Shared Foot and Cycle Path Road Adjacent,0,0,0.25213942,252.1394217,422.3526555
2660,Shared Foot and Cycle Path Road Adjacent,0,0,0.03186819,31.86819055,53.28277656
2661,Shared Foot and Cycle Path Road Adjacent,0,0,0.01556299,15.56299131,26.07255105
2662,Shared Foot and Cycle Path Road Adjacent,0,0,0.01392277,13.92276685,23.3290723
2663,Painted Cycle Lane,0,0,0.06124901,61.24901368,102.3430318
2664,Painted Cycle Lane,0,0,0.04493172,44.93171974,75.07119961
2665,Shared Foot and Cycle Path Road Adjacent,0,0,0.12042655,120.4265527,201.7641267
2666,Shared Foot and Cycle Path Road Adjacent,1,0,0.29148504,291.4850426,487.3107257
2667,Painted Cycle Lane,0,0,0.02765969,27.65968623,46.23882061
2668,Painted Cycle Lane,0,0,0.26030914,260.3091401,434.7745545
2669,Painted Cycle Lane,0,0,1.00636341,1006.363409,1685.706749
2670,Painted Cycle Lane,0,0,0.87814691,878.1469123,1471.262084
2671,Painted Cycle Lane,0,0,0.021271,21.2709968,35.63237327
2672,Painted Cycle Lane,0,0,0.02859389,28.59388628,47.90039801
2673,Painted Cycle Lane,0,0,0.33393458,333.9345774,559.255661
2674,Painted Cycle Lane,0,0,0.00902279,9.022790864,15.11800949
2675,Painted Cycle Lane,0,0,0.02024809,20.24809124,33.85305443
2676,Painted Cycle Lane,0,0,0.00806913,8.069133194,13.52045404
2677,Painted Cycle Lane,0,0,0.01989853,19.89852948,33.26919793
2678,Painted Cycle Lane,0,0,0.08023466,80.23466228,134.1502939
2679,Painted Cycle Lane,0,0,0.02891769,28.91769448,48.34738409
2680,Painted Cycle Lane,0,0,0.05026394,50.26394483,84.11500986
2681,Painted Cycle Lane,0,0,0.03073137,30.73136984,51.49158789
2682,Painted Cycle Lane,0,0,0.01660564,16.60563695,27.825476
2683,Painted Cycle Lane,0,0,0.18633632,186.3363182,312.185653
2684,BusLane,0,0,0.04296884,42.96883559,71.85148201
2685,Painted Cycle Lane,0,0,0.26558371,265.5837148,443.9568472
2686,Painted Cycle Lane,0,0,0.03059255,30.59254785,51.13506562
2687,Painted Cycle Lane,0,0,0.01825571,18.2557146,30.51759975
2688,Painted Cycle Lane,0,0,0.03028214,30.28214357,50.67716431
2689,Painted Cycle Lane,0,0,0.01268479,12.68478938,21.1781047
2690,Painted Cycle Lane,0,0,0.01507523,15.07523036,25.2280937
2691,Painted Cycle Lane,0,0,0.43627052,436.2705284,729.3122164
2692,Painted Cycle Lane,0,0,0.76833571,768.3357098,1287.193341
2693,Painted Cycle Lane,0,0,0.5144016,514.4015995,860.9150348
2694,BusLane,0,0,0.02745132,27.45132284,45.91096206
2695,Painted Cycle Lane,0,0,0.24267309,242.6730853,405.9517089
2696,Painted Cycle Lane,0,0,0.08802453,88.02453499,147.2461579
2697,Painted Cycle Lane,0,0,0.05576861,55.76861174,93.29382623
2698,Painted Cycle Lane,0,0,0.0627436,62.74359968,104.9183724
2699,Painted Cycle Lane,0,0,0.15561645,155.616454,260.4689855
2700,Painted Cycle Lane,0,0,0.19760561,197.605613,331.1266001
2701,Painted Cycle Lane,0,0,1.16268576,1162.685763,1940.607558
2702,Painted Cycle Lane,0,0,0.18140018,181.4001816,303.4634528
2703,Painted Cycle Lane,0,0,0.22801644,228.0164367,381.4136349
2704,Painted Cycle Lane,0,0,0.12331591,123.3159108,205.8624035
2705,Painted Cycle Lane,0,0,1.42070189,1420.701889,2371.294933
2706,Painted Cycle Lane,0,0,0.0956131,95.61309533,159.6893132
2707,Painted Cycle Lane,0,0,0.07981295,79.81295348,133.2108321
2708,Painted Cycle Lane,0,0,0.03987735,39.87734748,66.69703223
2709,Painted Cycle Lane,0,0,0.01805752,18.05752289,30.13843227
2710,Painted Cycle Lane,0,0,0.46863691,468.6369147,783.9331708
2711,Shared Foot and Cycle Path Road Adjacent,0,0,0.04249196,42.49195959,71.0416985
2712,Painted Cycle Lane,0,0,0.02087938,20.87938162,34.92489079
2713,Painted Cycle Lane,0,0,0.03780512,37.80511571,63.11587839
2714,Painted Cycle Lane,0,0,0.02816413,28.16413301,47.03139298
2715,Painted Cycle Lane,0,0,0.04793747,47.93746687,80.13622143
2716,Painted Cycle Lane,0,0,0.02611458,26.1145777,43.67201744
2717,Painted Cycle Lane,0,0,0.00771213,7.712132066,12.87770608
2718,Painted Cycle Lane,0,0,0.0158244,15.82440333,26.4313223
2719,Painted Cycle Lane,0,0,0.00840815,8.408151719,14.0556372
2720,Painted Cycle Lane,0,0,0.21347555,213.4755501,357.2123698
2721,Painted Cycle Lane,0,0,0.08137106,81.37106193,136.0350908
2722,Shared Foot and Cycle Path Road Adjacent,0,0,0.04330067,43.30066704,72.34653106
2723,Painted Cycle Lane,0,0,0.05371259,53.71259037,89.79170167
2724,Shared Foot and Cycle Path Road Adjacent,1,0,0.0440474,44.04740438,73.64149631
2725,Shared Foot and Cycle Path Road Adjacent,0,0,0.02480152,24.80151699,41.4500145
2726,Painted Cycle Lane,0,0,0.01961743,19.61742939,32.79449418
2727,Shared Foot and Cycle Path Road Adjacent,0,0,0.04471967,44.71967209,74.78466032
2728,Shared Foot and Cycle Path Road Adjacent,1,0,0.02017091,20.17091391,33.72038406
2729,Shared Foot and Cycle Path Road Adjacent,1,0,0.03624805,36.2480523,60.63875208
2730,Painted Cycle Lane,0,0,0.07964544,79.64543718,133.1508063
2731,Shared Foot and Cycle Path Road Adjacent,1,0,0.01588139,15.88138564,26.59278731
2732,Shared Foot and Cycle Path Road Adjacent,1,0,0.01079798,10.79797675,18.05317445
2733,Painted Cycle Lane,0,0,0.26240119,262.4011871,439.1010915
2734,Painted Cycle Lane,0,0,0.88119593,881.1959314,1474.138842
2735,SegregatedCycleLane,1,0,0.33233247,332.3324762,554.6296621
2736,Painted Cycle Lane,0,0,0.15526175,155.2617505,259.2338844
2737,Painted Cycle Lane,0,0,0.15958884,159.5888408,266.4437147
2738,Shared Foot and Cycle Path Road Adjacent,1,0,0.01565791,15.6579064,26.14603785
2739,Shared Foot and Cycle Path Road Adjacent,0,0,0.06187407,61.87406559,103.3113126
2740,Painted Cycle Lane,0,0,0.01413835,14.13835278,23.61869758
2741,Painted Cycle Lane,0,0,0.00873027,8.730272199,14.59042042
2742,Painted Cycle Lane,0,0,0.03997553,39.97552554,66.76352225
2743,Shared Foot and Cycle Path Road Adjacent,0,0,0.01411094,14.11094218,23.5641582
2744,Painted Cycle Lane,0,0,0.08205852,82.05851613,137.1826266
2745,Shared Foot and Cycle Path Road Adjacent,1,0,0.01356558,13.5655827,22.6671431
2746,Shared Foot and Cycle Path Road Adjacent,0,0,0.01299245,12.99244676,21.71802216
2747,Painted Cycle Lane,0,0,0.14885042,148.8504191,248.8431078
2748,Painted Cycle Lane,0,0,0.03146758,31.46758012,52.61751559
2749,Painted Cycle Lane,0,0,0.03112426,31.12425688,51.98034286
2750,Painted Cycle Lane,0,0,0.02628556,26.28555802,43.96466082
2751,Painted Cycle Lane,0,0,0.02764976,27.64975536,46.25540714
2752,Painted Cycle Lane,0,0,0.05642763,56.42762693,94.23450611
2753,Painted Cycle Lane,0,0,0.10418114,104.1811366,173.9490696
2754,Shared Foot and Cycle Path Road Adjacent,0,0,0.07384973,73.84972935,123.6856761
2755,BusLane,0,0,0.02801437,28.01436683,46.91151707
2756,Painted Cycle Lane,0,0,0.01495493,14.95493175,25.0510531
2757,Shared Foot and Cycle Path Road Adjacent,0,0,0.04223587,42.2358704,70.68913291
2758,Painted Cycle Lane,0,0,0.235785,235.7849989,394.9313066
2759,Painted Cycle Lane,0,0,0.01958501,19.58500551,32.76166631
2760,Shared Foot and Cycle Path Road Adjacent,0,0,0.02103409,21.03410625,35.14170794
2761,Painted Cycle Lane,0,0,0.0144994,14.49939591,24.22725403
2762,Footway level Cycle Track,0,0,0.34042797,340.4279734,568.411094
2763,Footway level Cycle Track,0,0,0.22711736,227.1173561,379.083391
2764,Footway level Cycle Track,0,0,0.16701812,167.0181239,279.2656338
2765,Footway level Cycle Track,0,0,0.17762665,177.6266489,296.4965133
2766,Footway level Cycle Track,0,0,0.16676028,166.7602803,278.4739865
2767,Painted Cycle Lane,0,0,0.06462332,64.62332359,107.8827796
2768,Painted Cycle Lane,0,0,0.04184689,41.8468853,69.95860857
2769,Footway level Cycle Track,0,0,0.0570734,57.07339772,95.45814818
2770,Painted Cycle Lane,0,0,0.06327491,63.27490909,105.8431763
2771,Footway level Cycle Track,0,0,0.43987128,439.8712829,734.5072084
2772,Footway level Cycle Track,0,0,0.08133093,81.33092813,135.9482157
2773,Footway level Cycle Track,0,0,0.08110386,81.10386087,135.5570513
2774,Footway level Cycle Track,0,0,0.01053592,10.53591672,17.60476187
2775,Footway level Cycle Track,0,0,0.31491627,314.9162671,526.2532082
2776,Shared Foot and Cycle Path Road Adjacent,1,0,0.02021825,20.21824852,33.80375405
2777,Footway level Cycle Track,0,0,0.01662261,16.62261157,27.80555869
2778,Shared Foot and Cycle Path Road Adjacent,1,0,0.0175852,17.58519894,29.38843516
2779,Footway level Cycle Track,0,0,0.02218745,22.1874495,37.03846099
2780,Shared Foot and Cycle Path Road Adjacent,1,0,0.02342858,23.42858435,39.18456184
2781,Footway level Cycle Track,0,0,0.04487668,44.8766774,74.92020475
2782,Footway level Cycle Track,0,0,0.09021894,90.21893962,150.6440609
2783,Footway level Cycle Track,0,0,0.02154688,21.54688012,36.04018881
2784,Shared Foot and Cycle Path Road Adjacent,1,0,0.01972798,19.72797628,32.93743294
2785,Footway level Cycle Track,0,0,0.01158358,11.58357642,19.34136523
2786,Footway level Cycle Track,0,0,0.31464428,314.6442781,525.791227
2787,Footway level Cycle Track,0,0,0.0397635,39.76350157,66.4661335
2788,Footway level Cycle Track,0,0,0.02572046,25.72046355,42.97756781
2789,Footway level Cycle Track,0,0,0.07827761,78.27760785,130.7246402
2790,Shared Foot and Cycle Path Road Adjacent,1,0,0.0504056,50.40559749,84.20344839
2791,Shared Foot and Cycle Path Road Adjacent,1,0,0.27954101,279.5410111,466.7016274
2792,SegregatedCycleLane,0,1,0.01220268,12.20267702,20.37818962
2793,Painted Cycle Lane,0,0,0.07966466,79.66466241,132.9904081
2794,Footway level Cycle Track,0,0,0.23880718,238.8071776,399.5449476
2795,Footway level Cycle Track,0,0,0.00774348,7.743480738,12.95520333
2796,Footway level Cycle Track,0,0,0.09339872,93.3987214,156.2718359
2797,Footway level Cycle Track,0,0,0.10000793,100.0079347,167.3205454
2798,Footway level Cycle Track,0,0,0.01152429,11.52429214,19.25466007
2799,Shared Foot and Cycle Path Road Adjacent,1,0,0.06164738,61.64737649,103.0395371
2800,Shared Foot and Cycle Path Road Adjacent,1,0,0.03747951,37.47951447,62.62604343
2801,Shared Foot and Cycle Path Road Adjacent,1,0,0.02046032,20.46031697,34.20401045
2802,Shared Foot and Cycle Path Road Adjacent,1,0,0.05967969,59.67968684,99.85903358
2803,Footway level Cycle Track,0,0,0.54634963,546.3496302,913.5442449
2804,Footway level Cycle Track,0,0,0.50369744,503.697438,842.2135741
2805,Shared Foot and Cycle Path Road Adjacent,1,0,0.06355649,63.5564856,106.305237
2806,Shared Foot and Cycle Path Road Adjacent,1,0,0.9111831,911.1830964,1522.608254
2807,Shared Foot and Cycle Path Road Adjacent,1,0,0.16874473,168.7447333,281.9194127
2808,Shared Foot and Cycle Path Road Adjacent,1,0,0.15091026,150.9102644,252.1152724
2809,Painted Cycle Lane,0,0,0.13132881,131.3288054,219.3872019
2810,Shared Foot and Cycle Path Road Adjacent,1,0,0.60965581,609.6558087,1018.842158
2811,Painted Cycle Lane,0,0,0.03893448,38.93447623,65.0720483
2812,Shared Foot and Cycle Path Road Adjacent,1,0,0.38457575,384.5757514,643.6386837
2813,Painted Cycle Lane,0,0,0.04443666,44.4366563,74.30320089
2814,Painted Cycle Lane,0,0,0.04393106,43.93106343,73.43617336
2815,Shared Foot and Cycle Path Road Adjacent,1,0,0.21227836,212.2783633,355.3707668
2816,Shared Foot and Cycle Path Road Adjacent,1,0,0.09395182,93.95182265,157.297699
2817,Painted Cycle Lane,0,0,0.04945967,49.45966944,82.80801595
2818,Shared Foot and Cycle Path Road Adjacent,1,0,0.28812215,288.1221459,482.4110896
2819,Painted Cycle Lane,0,0,0.09018251,90.1825097,150.8283685
2820,Painted Cycle Lane,0,0,0.07041308,70.41308401,117.7395217
2821,Painted Cycle Lane,0,0,0.10275203,102.7520334,171.944073
2822,Painted Cycle Lane,0,0,0.06914395,69.14395152,115.6696322
2823,Painted Cycle Lane,0,0,0.0560022,56.00219561,93.56792077
2824,Painted Cycle Lane,0,0,0.05130064,51.30063727,85.77339989
2825,Shared Foot and Cycle Path Road Adjacent,1,0,0.0389809,38.9809028,65.20410405
2826,Footway level Cycle Track,0,0,0.25729226,257.2922582,430.9955298
2827,Shared Foot and Cycle Path Road Adjacent,1,0,0.06233014,62.33013704,104.4126123
2828,Footway level Cycle Track,0,0,0.19798304,197.9830431,331.4981609
2829,Shared Foot and Cycle Path Road Adjacent,1,0,0.30917214,309.1721445,517.8399522
2830,Shared Foot and Cycle Path Road Adjacent,1,0,0.29975565,299.7556528,501.9320892
2831,Painted Cycle Lane,0,0,0.04943353,49.43352785,82.77347555
2832,Shared Foot and Cycle Path Road Adjacent,1,0,0.18753566,187.5356606,314.0108477
2833,Painted Cycle Lane,0,0,0.04715714,47.15714245,78.94471564
2834,Shared Foot and Cycle Path Road Adjacent,1,0,0.50363551,503.6355121,843.2898677
2835,Shared Foot and Cycle Path Road Adjacent,1,0,0.05035202,50.35201525,84.12914838
2836,Shared Foot and Cycle Path Road Adjacent,1,0,0.08274138,82.74137909,138.2443628
2837,Shared Foot and Cycle Path Road Adjacent,1,0,0.04776188,47.76187825,79.86745543
2838,Shared Foot and Cycle Path Road Adjacent,1,0,0.13099305,130.9930488,219.1425479
2839,Painted Cycle Lane,0,0,0.0085461,8.546103262,14.28519256
2840,Shared Foot and Cycle Path Road Adjacent,1,0,1.20001097,1200.01097,2009.36692
2841,Shared Foot and Cycle Path Road Adjacent,1,0,0.01230997,12.30997078,20.61928761
2842,Shared Foot and Cycle Path Road Adjacent,1,0,0.08833773,88.33772714,147.968937
2843,Shared Foot and Cycle Path Road Adjacent,1,0,0.17251656,172.5165595,288.3135905
2844,Footway level Cycle Track,0,0,0.52118645,521.1864532,871.072593
2845,Footway level Cycle Track,0,0,0.08304651,83.04651101,138.7872464
2846,TrafficFree,1,0,0.77757178,777.5717813,1302.431402
2847,TrafficFree,1,0,0.03312107,33.12106796,55.37779546
2848,TrafficFree,1,0,0.17046499,170.4649941,285.0608487
2849,TrafficFree,1,0,0.07364672,73.64672044,123.209895
2850,TrafficFree,1,0,0.00968927,9.689268861,16.20161751
2851,TrafficFree,1,0,0.47378648,473.7864843,792.7423654
2852,TrafficFree,1,0,0.10343118,103.4311835,173.1008626
2853,TrafficFree,1,0,0.24979953,249.799529,418.2481073
2854,TrafficFree,1,0,0.43309299,433.0929894,725.6032929
2855,TrafficFree,1,0,0.18879429,188.7942923,315.6213597
2856,TrafficFree,1,0,1.00757837,1007.578374,1686.118148
2857,TrafficFree,1,0,0.02634433,26.34433144,44.13380473
2858,TrafficFree,1,0,0.04877137,48.7713665,81.70197717
2859,TrafficFree,1,0,2.15587378,2155.873776,3607.790755
2860,Footway level Cycle Track,0,0,0.07764077,77.64076774,130.0160059
2861,Footway level Cycle Track,0,0,0.02945885,29.45884715,49.35911643
2862,Footway level Cycle Track,1,0,0.47756491,477.5649054,798.5970309
2863,Footway level Cycle Track,0,0,0.09815097,98.15097183,164.4044146
2864,SegregatedCycleLane,0,0,0.25824586,258.2458556,431.9468434
2865,SegregatedCycleLane,0,0,0.02630621,26.30621497,44.03383686
2866,SegregatedCycleLane,0,0,0.12223333,122.2333282,204.3814382
2867,SegregatedCycleLane,0,0,0.07751168,77.51167524,129.7440868
2868,SegregatedCycleLane,0,0,0.02824521,28.24521062,47.24871388
2869,SegregatedCycleLane,0,0,0.01923119,19.23118759,32.16812967
2870,Shared Foot and Cycle Path Road Adjacent,1,0,0.5834635,583.4635036,975.1803746
2871,Shared Foot and Cycle Path Road Adjacent,1,0,0.60594058,605.9405779,1012.737345
2872,Shared Foot and Cycle Path Road Adjacent,1,0,0.03529976,35.29976121,59.10516464
2873,Shared Foot and Cycle Path Road Adjacent,1,0,0.03539856,35.39855592,59.27034444
2874,Shared Foot and Cycle Path Road Adjacent,1,0,0.07889507,78.8950656,131.7917223
2875,Shared Foot and Cycle Path Road Adjacent,1,0,0.01816379,18.1637864,30.3400493
2876,Shared Foot and Cycle Path Road Adjacent,1,0,0.24185658,241.8565833,404.0809411
2877,Shared Foot and Cycle Path Road Adjacent,1,0,0.19780976,197.8097634,330.4245078
2878,Shared Foot and Cycle Path Road Adjacent,1,0,0.06120407,61.20406676,102.3902044
2879,Shared Foot and Cycle Path Road Adjacent,1,0,0.05626037,56.26036931,94.1199589
2880,Shared Foot and Cycle Path Road Adjacent,1,0,0.20856581,208.565814,348.4241254
2881,Footway level Cycle Track,0,0,0.02997185,29.97184744,50.10588409
2882,Shared Foot and Cycle Path Road Adjacent,1,0,0.38879054,388.7905438,650.6181682
2883,Shared Foot and Cycle Path Road Adjacent,1,0,0.14515455,145.1545496,242.5462218
2884,Shared Foot and Cycle Path Road Adjacent,1,0,0.3151782,315.1782031,527.6815906
2885,Footway level Cycle Track,0,0,0.37099941,370.9994092,620.4712345
2886,Footway level Cycle Track,0,0,0.04015995,40.15995011,67.28051887
2887,Shared Foot and Cycle Path Road Adjacent,1,0,0.01647642,16.47641858,27.54217448
2888,Footway level Cycle Track,0,0,0.35462525,354.6252548,593.0906259
2889,Footway level Cycle Track,0,0,0.14582249,145.8224947,243.7543645
2890,SegregatedCycleLane,0,0,0.89620347,896.2034683,1499.889805
2891,Painted Cycle Lane,0,0,0.28067438,280.6743794,469.7778574
2892,Shared Foot and Cycle Path Road Adjacent,1,0,0.62156557,621.5655682,1040.230384
2893,Shared Foot and Cycle Path Road Adjacent,1,0,0.01242711,12.42711261,20.7733148
2894,TrafficFree,1,0,0.28551722,285.5172177,477.0066579
2895,Footway level Cycle Track,0,0,0.57715828,577.1582833,964.9482749
2896,Footway level Cycle Track,0,0,0.14176717,141.7671696,237.5012281
2897,Footway level Cycle Track,0,0,0.89807159,898.0715938,1504.263382
2898,Footway level Cycle Track,0,0,0.42601763,426.0176257,713.4344038
2899,Footway level Cycle Track,0,0,0.2000496,200.0496009,334.3502688
2900,Footway level Cycle Track,0,0,0.19252731,192.5273099,321.7777704
2901,Footway level Cycle Track,0,0,0.52820839,528.2083903,883.0971983
2902,Footway level Cycle Track,0,0,0.09885561,98.85561283,165.2806575
2903,Footway level Cycle Track,0,0,0.20795163,207.9516342,348.1274976
2904,SegregatedCycleLane,1,0,0.14839946,148.3994641,248.4074513
2905,Footway level Cycle Track,0,0,0.7759224,775.9223976,1296.774573
2906,TrafficFree,1,0,0.61526727,615.2672668,1030.095639
2907,TrafficFree,1,0,0.0498458,49.84579804,83.41134722
2908,TrafficFree,1,0,0.26258693,262.5869302,439.842555
2909,TrafficFree,1,0,0.14890995,148.9099485,249.0368664
2910,Shared Foot and Cycle Path Road Adjacent,1,0,0.14575148,145.7514823,243.964601
2911,Footway level Cycle Track,0,0,0.00456717,4.567170618,7.637676211
2912,Footway level Cycle Track,0,0,0.01157502,11.57502488,19.36595163
2913,Footway level Cycle Track,0,0,0.32105802,321.0580226,536.535119
2914,Footway level Cycle Track,0,0,0.26397869,263.9786886,440.9351995
2915,Footway level Cycle Track,0,0,0.24806625,248.0662519,414.1930815
2916,Footway level Cycle Track,0,0,0.30818272,308.1827229,514.9562288
2917,Shared Foot and Cycle Path Road Adjacent,1,0,0.02165107,21.65106807,36.15958563
2918,Shared Foot and Cycle Path Road Adjacent,1,0,0.02194545,21.94545132,36.64172266
2919,Painted Cycle Lane,0,0,0.19790255,197.9025522,330.4025798
2920,Footway level Cycle Track,0,0,0.1924869,192.4869024,321.3836093
2921,Footway level Cycle Track,0,0,0.05803608,58.03607728,97.04394199
2922,Footway level Cycle Track,1,0,0.39780656,397.8065642,664.2755083
2923,Footway level Cycle Track,1,0,0.0427394,42.7393991,71.50579799
2924,Footway level Cycle Track,1,0,0.18519439,185.1943911,310.2127605
2925,Footway level Cycle Track,0,0,0.23498731,234.987308,392.3541487
2926,Footway level Cycle Track,0,0,0.25900602,259.0060242,432.8195309
2927,Footway level Cycle Track,0,0,0.05325495,53.25494891,89.08935838
2928,SegregatedCycleLane,0,0,0.10546248,105.4624765,176.2867011
2929,Shared Foot and Cycle Path Road Adjacent,1,0,0.16561199,165.6119882,277.1028635
2930,Shared Foot and Cycle Path Road Adjacent,1,0,1.11478226,1114.782256,1861.686754
2931,SegregatedCycleLane,0,0,0.61051585,610.5158545,1021.167466
2932,Shared Foot and Cycle Path Road Adjacent,1,0,0.26639002,266.390022,445.5040892
2933,Painted Cycle Lane,0,0,0.73917071,739.1707061,1236.131265
2934,Painted Cycle Lane,0,0,0.04976328,49.76328047,83.22497512
2935,Painted Cycle Lane,0,0,0.08494731,84.94730501,142.0866878
2936,Footway level Cycle Track,0,0,0.16373205,163.73205,273.3543894
2937,Shared Foot and Cycle Path Road Adjacent,1,0,0.06127566,61.27566213,102.4415826
2938,TrafficFree,1,0,0.01778084,17.78083967,29.74065268
2939,TrafficFree,1,0,0.02478547,24.7854658,41.37276162
2940,Painted Cycle Lane,0,0,0.05984809,59.84809331,100.1402306
2941,Painted Cycle Lane,0,0,0.05990403,59.90403027,100.2303571
2942,SegregatedCycleLane,0,0,0.19108691,191.0869085,319.0187606
2943,SegregatedCycleLane,0,0,0.0100753,10.07530392,16.82021072
2944,Footway level Cycle Track,0,0,0.09778642,97.78641663,163.4172791
2945,Painted Cycle Lane,0,0,0.04597771,45.97771345,76.85304703
2946,Painted Cycle Lane,0,0,0.06655908,66.55907684,111.2710996
2947,Painted Cycle Lane,0,0,0.06383904,63.83903978,106.7495853
2948,Footway level Cycle Track,0,0,0.21230171,212.3017115,354.8145054
2949,Painted Cycle Lane,0,0,1.08327315,1083.273154,1808.897364
2950,Painted Cycle Lane,0,0,0.93242199,932.4219888,1557.011789
2951,SegregatedCycleLane,0,0,0.79314233,793.1423264,1327.005561
2952,Painted Cycle Lane,0,0,0.98295178,982.9517783,1644.296156
2953,SegregatedCycleLane,0,0,0.57506258,575.0625827,961.9129279
2954,Painted Cycle Lane,0,0,0.20972903,209.7290337,350.9164818
2955,SegregatedCycleLane,0,0,0.47415327,474.1532744,793.5441879
2956,SegregatedCycleLane,0,0,0.59388443,593.8844291,993.4301737
2957,Painted Cycle Lane,0,0,0.03720051,37.20050516,62.19285165
2958,Painted Cycle Lane,0,0,0.15669294,156.6929448,261.9890881
2959,Painted Cycle Lane,0,0,0.04745404,47.45403929,79.43001205
2960,Painted Cycle Lane,0,0,0.14257361,142.5736125,238.3815134
2961,SegregatedCycleLane,0,0,1.56823019,1568.230188,2623.130133
2962,Painted Cycle Lane,0,0,0.25597105,255.9710531,428.4899429
2963,SegregatedCycleLane,0,0,0.40315319,403.153194,674.6818701
2964,SegregatedCycleLane,0,0,0.07860035,78.60034783,131.5336683
2965,SegregatedCycleLane,0,0,0.64581488,645.8148816,1079.906766
2966,SegregatedCycleLane,0,0,0.3562757,356.2757045,595.8603451
2967,SegregatedCycleLane,0,0,0.38064877,380.6487719,636.6903468
2968,Shared Foot and Cycle Path Road Adjacent,1,0,0.17453089,174.5308943,291.8767402
2969,TrafficFree,1,0,0.0129246,12.92460129,21.63406046
2970,TrafficFree,1,0,0.31202583,312.0258347,522.2426786
2971,TrafficFree,1,0,0.08483232,84.83231742,142.0658708
2972,SegregatedCycleLane,0,0,0.95412666,954.126657,1596.556771
2973,SegregatedCycleLane,0,0,0.86138374,861.3837415,1440.230388
2974,SignedRoute,1,0,0.62057265,620.5726464,1038.408883
2975,Painted Cycle Lane,0,0,0.49673415,496.7341457,830.7572247
2976,Painted Cycle Lane,0,0,0.49662018,496.6201792,830.6033835
2977,SegregatedCycleLane,1,1,0.32129259,321.2925933,536.9781134
2978,SegregatedCycleLane,1,1,0.11837546,118.3754577,197.8100591
2979,SegregatedCycleLane,1,1,0.0081973,8.197301177,13.7002446
2980,SegregatedCycleLane,1,1,0.15551684,155.5168411,259.7384404
2981,Footway level Cycle Track,0,0,0.10088183,100.8818311,168.5463967
2982,SegregatedCycleLane,1,0,0.00971449,9.714488956,16.24057797
2983,SignedRoute,1,0,0.53656353,536.5635289,897.381497
2984,SegregatedCycleLane,1,0,0.37811834,378.1183354,631.276113
2985,SegregatedCycleLane,1,1,1.2890627,1289.062702,2153.017819
2986,SegregatedCycleLane,1,1,0.54633592,546.3359232,913.3937385
2987,SegregatedCycleLane,1,0,0.65183544,651.8354421,1087.851998
2988,SegregatedCycleLane,1,0,0.26632856,266.3285627,444.9164872
2989,SegregatedCycleLane,1,0,0.48339221,483.3922069,806.7583267
2990,TrafficFree,1,0,0.17025936,170.2593567,284.6506281
2991,TrafficFree,1,0,0.28795856,287.9585619,480.662592
2992,TrafficFree,1,0,0.10314503,103.145031,172.2961121
2993,TrafficFree,1,0,0.80463459,804.63459,1344.593316
2994,SegregatedCycleLane,0,0,0.37750582,377.5058236,631.1605477
2995,SegregatedCycleLane,0,0,0.86440112,864.4011217,1445.310362
2996,SegregatedCycleLane,0,0,0.31544608,315.4460782,527.691372
2997,SegregatedCycleLane,2,1,0.40576962,405.7695962,678.7175611
2998,SegregatedCycleLane,0,1,0.02691818,26.91818838,45.02504258
2999,SegregatedCycleLane,0,1,0.05671354,56.71348843,94.8883062
3000,SegregatedCycleLane,0,1,0.02172308,21.72314684,36.32451124
3001,SegregatedCycleLane,0,1,0.04386362,43.86361571,73.38500568
3002,SegregatedCycleLane,0,0,0.16073008,160.7300691,269.1456854
3003,SegregatedCycleLane,0,0,0.56600719,566.0071496,945.7939069
3004,SegregatedCycleLane,0,0,0.55627599,556.2760144,929.5337033
3005,SegregatedCycleLane,0,0,0.01637648,16.3764544,27.42916509
3006,SegregatedCycleLane,0,0,0.00001374,0.013781871,0.023084211
3007,SegregatedCycleLane,0,0,0.04821637,48.2163681,80.7001483
3008,SegregatedCycleLane,0,0,0.02716734,27.16733647,45.50303838
3009,SegregatedCycleLane,0,0,0.07247222,72.47220041,121.1016276
3010,SegregatedCycleLane,0,0,0.06620612,66.20612971,110.6300585
3011,SegregatedCycleLane,0,0,0.01900635,19.00635121,31.74828563
3012,SegregatedCycleLane,0,0,0.06110516,61.10513719,102.078473
3013,Painted Cycle Lane,0,0,0.03385217,33.85219055,56.55499967
3014,Shared Foot and Cycle Path Road Adjacent,0,0,0.08316926,83.169289,138.8440011
3015,Footway level Cycle Track,0,0,0.16801386,168.0138935,281.3718074
3016,TrafficFree,1,0,0.03300493,33.00487858,55.20089703
3017,TrafficFree,1,0,0.01789377,17.89377098,29.91755006
3018,Footway level Cycle Track,0,0,0.17197841,171.97838,288.0143744
3019,SegregatedCycleLane,0,0,0.04265621,42.65624974,71.44531342
3020,Painted Cycle Lane,0,0,0.01323501,13.23494634,22.12290916
3021,Painted Cycle Lane,0,0,0.30477212,304.7721526,509.6264754
3022,BusLane,0,0,0.0041344,4.134400336,6.91058811
3023,Painted Cycle Lane,0,0,1.22447019,1224.470169,2048.429808
3024,Painted Cycle Lane,0,0,0.02817775,28.17779534,47.13412507
3025,Painted Cycle Lane,0,0,0.02938633,29.38635683,49.14713316
3026,BusLane,0,0,0.07269846,72.69848978,121.6733492
3027,Painted Cycle Lane,0,0,0.97068446,970.6844115,1624.142153
3028,Painted Cycle Lane,0,0,0.37226199,372.2619978,622.4863727
3029,SegregatedCycleLane,0,0,0.0874943,87.49430263,146.0507698
3030,SegregatedCycleLane,0,1,0.12807294,128.07294,213.7965159
3031,SegregatedCycleLane,0,0,0.18102924,181.0292426,302.1967274
3032,SegregatedCycleLane,0,0,0.979767,979.7669978,1636.028551
3033,SegregatedCycleLane,0,1,0.04329813,43.29813402,72.41059947
3034,SegregatedCycleLane,0,1,0.0443017,44.30169559,74.10651206
3035,Painted Cycle Lane,0,0,0.04729465,47.29465079,79.1121206
3036,Footway level Cycle Track,0,0,0.12188892,121.8889163,203.5676504
3037,SegregatedCycleLane,0,0,0.05144842,51.44841691,86.07016475
3038,SegregatedCycleLane,0,1,0.03396062,33.96062067,56.79536819
3039,SegregatedCycleLane,0,1,0.11623653,116.2365342,194.2778489
3040,SegregatedCycleLane,0,1,0.04027449,40.27448897,67.24367423
3041,SegregatedCycleLane,0,1,0.05065932,50.65931965,84.75946359
3042,SegregatedCycleLane,0,1,0.04256294,42.56294262,71.21233193
3043,SegregatedCycleLane,0,1,0.03260579,32.60578833,54.44424108
3044,SegregatedCycleLane,0,1,0.04013596,40.13595509,67.14074118
3045,SegregatedCycleLane,0,1,0.04438671,44.38671268,74.14722888
3046,SegregatedCycleLane,0,1,0.04784349,47.84348697,80.02563715
3047,SegregatedCycleLane,0,1,0.00910186,9.101856847,15.22427551
3048,SegregatedCycleLane,0,1,0.08366133,83.66133083,139.7193404
3049,SegregatedCycleLane,0,1,0.07855672,78.55671738,131.2023293
3050,SegregatedCycleLane,0,1,0.13201413,132.0141301,220.4444339
3051,SegregatedCycleLane,1,0,0.90972948,909.7294838,1522.351568
3052,SegregatedCycleLane,0,1,0.04252683,42.52682715,71.1585663
3053,SegregatedCycleLane,0,1,0.42235332,422.3533219,705.510126
3054,SegregatedCycleLane,0,0,0.18517928,185.1792771,309.3368084
3055,SegregatedCycleLane,0,0,0.49978711,499.7871079,835.7160232
3056,SegregatedCycleLane,0,1,0.2446709,244.670896,409.2479739
3057,SegregatedCycleLane,0,1,0.12094029,120.9402948,202.0873737
3058,Painted Cycle Lane,0,0,0.07695554,76.9555408,128.4619225
3059,SegregatedCycleLane,0,0,0.35800993,358.0099292,597.9184709
3060,SegregatedCycleLane,0,0,0.20739867,207.3986654,346.220208
3061,SegregatedCycleLane,0,1,0.08847765,88.47765337,147.8742896
3062,SegregatedCycleLane,0,1,0.06506994,65.06994052,108.6751718
3063,SegregatedCycleLane,0,1,0.15275208,152.7520811,255.2359806
3064,Painted Cycle Lane,0,1,0.33750801,337.5080133,563.6574079
3065,Painted Cycle Lane,0,1,0.32377747,323.7774673,540.7229273
3066,SegregatedCycleLane,0,1,0.71770966,717.7096572,1200.558014
3067,SegregatedCycleLane,0,1,0.1037816,103.7815984,173.7022849
3068,SegregatedCycleLane,0,1,1.05879153,1058.791534,1771.373966
3069,TrafficFree,1,0,1.22583621,1225.83621,2048.531879
3070,TrafficFree,1,0,0.10625201,106.2520112,177.3727135
3071,TrafficFree,1,0,0.49695733,496.9573286,828.924587
3072,TrafficFree,1,0,1.51371511,1513.71511,2530.585335
3073,TrafficFree,1,0,0.94166668,941.6666756,1571.789778
3074,TrafficFree,1,0,1.46815372,1468.153719,2451.631552
3075,TrafficFree,1,0,0.26099788,260.9978796,436.1396596
3076,TrafficFree,1,0,0.46996211,469.9621097,784.4062315
3077,TrafficFree,1,0,1.76107509,1761.075093,2943.308117
3078,TrafficFree,1,0,0.16465678,164.6567799,275.1649576
3079,TrafficFree,1,0,0.06383743,63.83742931,106.6321565
3080,TrafficFree,1,0,0.06396787,63.96787238,106.8273798
3081,SegregatedCycleLane,0,0,0.05153778,51.5377763,86.03219913
3082,Footway level Cycle Track,1,0,0.23593147,235.9314686,394.3910822
3083,TrafficFree,1,0,0.53041354,530.4135363,886.7119855
3084,Footway level Cycle Track,1,0,0.12198625,121.986249,203.5502758
3085,Footway level Cycle Track,1,0,0.52358338,523.5833766,874.2875775
3086,Footway level Cycle Track,1,0,0.02967503,29.67503028,49.51416158
3087,SegregatedCycleLane,0,0,0.0164223,16.4223023,27.45055713
3088,SegregatedCycleLane,0,0,0.05349856,53.49856103,89.31587223
3089,SegregatedCycleLane,0,0,0.05779181,57.79181387,96.55580283
3090,Footway level Cycle Track,0,0,0.02583717,25.83717377,43.13717866
3091,Footway level Cycle Track,0,0,0.03439699,34.39699257,57.44499481
3092,Footway level Cycle Track,0,0,0.041753,41.75300318,69.7806114
3093,Footway level Cycle Track,0,0,0.03129313,31.29312958,52.25071002
3094,SegregatedCycleLane,0,0,0.07685251,76.85251339,128.3556891
3095,Footway level Cycle Track,0,0,0.0739299,73.92989828,123.4866667
3096,Footway level Cycle Track,0,0,0.10913614,109.1361375,182.33993
3097,SegregatedCycleLane,0,0,0.03963545,39.63544703,66.21467467
3098,Footway level Cycle Track,0,0,0.04188739,41.88739466,69.95542191
3099,SegregatedCycleLane,0,0,0.04520597,45.20597019,75.51433881
3100,SegregatedCycleLane,0,0,0.26893337,268.9333716,449.3591279
3101,SegregatedCycleLane,0,0,0.10149311,101.4931056,169.5925454
3102,Footway level Cycle Track,0,0,0.2888069,288.8068983,482.793131
3103,SegregatedCycleLane,0,0,0.11038087,110.3808709,184.4229567
3104,SegregatedCycleLane,0,0,0.40035119,400.3511918,668.9653466
3105,SegregatedCycleLane,0,0,0.1868608,186.8607991,312.245443
3106,SegregatedCycleLane,0,0,0.09864041,98.64041312,164.8270118
3107,SegregatedCycleLane,0,0,0.02630435,26.3043548,43.94449732
3108,SegregatedCycleLane,0,0,0.16215178,162.1517847,271.1098923
3109,SegregatedCycleLane,0,0,0.28904256,289.042558,483.1935401
3110,SegregatedCycleLane,0,0,0.10153074,101.5307417,169.8424266
3111,SegregatedCycleLane,0,0,0.13251624,132.5162441,221.379263
3112,SegregatedCycleLane,0,0,0.13020353,130.2035268,217.468054
3113,SegregatedCycleLane,0,0,0.11202167,112.021671,187.042811
3114,Footway level Cycle Track,0,0,0.04163933,41.63932679,69.51839139
3115,SegregatedCycleLane,0,0,0.0687603,68.76029879,114.8392089
3116,SegregatedCycleLane,0,0,0.13240501,132.4050117,221.1657586
3117,SegregatedCycleLane,0,0,0.03893356,38.9335625,65.00912661
3118,SegregatedCycleLane,0,0,0.0689688,68.96879566,115.1247743
3119,Footway level Cycle Track,0,0,0.12368677,123.6867667,206.6353156
3120,Footway level Cycle Track,0,0,0.05085266,50.8526621,84.94838451
3121,SegregatedCycleLane,0,0,0.44723847,447.2384687,746.9980003
3122,Footway level Cycle Track,0,0,0.08262361,82.62360896,138.0236614
3123,SegregatedCycleLane,0,0,0.22724561,227.2456078,379.4185247
3124,Footway level Cycle Track,0,0,0.06567303,65.67303408,109.6831282
3125,SegregatedCycleLane,0,0,0.30016681,300.1668105,502.2662885
3126,Footway level Cycle Track,0,0,0.01958899,19.58899132,32.69966246
3127,SegregatedCycleLane,0,0,0.02517792,25.17791771,42.04907222
3128,Footway level Cycle Track,0,0,0.01952268,19.52268408,32.64864627
3129,SegregatedCycleLane,0,0,0.14748895,147.4889512,246.3649535
3130,SegregatedCycleLane,0,0,0.29127848,291.2784756,487.3879237
3131,SegregatedCycleLane,0,0,0.06063168,60.63168214,101.2482177
3132,SegregatedCycleLane,0,0,0.13620144,136.2014387,227.4642065
3133,Footway level Cycle Track,0,0,0.05590077,55.90077022,93.5530335
3134,SegregatedCycleLane,0,0,0.1467683,146.7683041,245.0173361
3135,SegregatedCycleLane,0,0,0.05603295,56.03295468,93.62683334
3136,SegregatedCycleLane,0,0,0.08530289,85.3028916,142.4607815
3137,SegregatedCycleLane,0,0,0.58742908,587.4290761,980.9032904
3138,SegregatedCycleLane,0,0,0.08748885,87.48885497,146.1396625
3139,SegregatedCycleLane,0,0,0.14322609,143.22609,239.4469374
3140,SegregatedCycleLane,0,0,0.06249314,62.49314442,104.3896233
3141,SegregatedCycleLane,0,0,0.0401024,40.10239927,66.95027336
3142,SegregatedCycleLane,0,0,0.13057642,130.5764195,217.9777149
3143,SegregatedCycleLane,0,0,0.09575533,95.75532543,159.9890742
3144,SegregatedCycleLane,0,0,0.02079434,20.79433508,34.72117535
3145,Footway level Cycle Track,0,0,0.11762413,117.6241315,196.4056472
3146,SegregatedCycleLane,0,0,0.3528666,352.8665961,589.5139
3147,SegregatedCycleLane,0,0,0.09302281,93.02281116,155.2891459
3148,SegregatedCycleLane,0,0,0.55896991,558.9699096,933.5365541
3149,SegregatedCycleLane,0,0,0.04277184,42.77184439,71.48305019
3150,SegregatedCycleLane,0,0,0.31237934,312.3793432,522.6259272
3151,SegregatedCycleLane,0,0,0.13047565,130.4756473,217.9286659
3152,Footway level Cycle Track,1,0,0.61432409,614.3240899,1025.884015
3153,SegregatedCycleLane,0,0,0.08643342,86.43341876,144.3534349
3154,SegregatedCycleLane,0,0,0.05028934,50.28934284,83.98942426
3155,SegregatedCycleLane,0,0,0.12901254,129.0125354,215.4773004
3156,SegregatedCycleLane,0,0,0.14807201,148.0720134,247.7478744
3157,SegregatedCycleLane,0,0,0.029246,29.24599596,48.84576916
3158,SegregatedCycleLane,0,0,0.0674156,67.41560071,112.582315
3159,SegregatedCycleLane,0,0,0.06590271,65.90271401,110.068814
3160,SegregatedCycleLane,0,0,0.27242938,272.429378,455.8653189
3161,SegregatedCycleLane,0,0,0.10938336,109.3833584,182.6773103
3162,SegregatedCycleLane,0,0,0.12196283,121.9628269,203.7279711
3163,SegregatedCycleLane,0,0,0.45971459,459.7145863,767.9679274
3164,Footway level Cycle Track,0,0,0.04182491,41.824913,69.96167891
3165,SegregatedCycleLane,0,0,0.07043634,70.43634434,117.5699685
3166,SegregatedCycleLane,0,0,0.15661504,156.6150357,261.4756258
3167,SegregatedCycleLane,0,0,0.09826712,98.26712338,164.2064285
3168,SegregatedCycleLane,0,0,0.07765441,77.65440516,129.6824565
3169,Footway level Cycle Track,0,0,0.3218085,321.8084971,537.381971
3170,SegregatedCycleLane,0,0,0.25071196,250.711963,419.4606562
3171,SegregatedCycleLane,0,0,0.10735046,107.3504591,179.5941259
3172,Footway level Cycle Track,1,0,0.24633765,246.3376466,412.0827094
3173,SegregatedCycleLane,0,0,0.05974925,59.74924614,99.7570281
3174,SegregatedCycleLane,0,0,0.04235443,42.35442987,70.82301107
3175,Footway level Cycle Track,0,0,0.08831039,88.31038773,147.6093414
3176,Footway level Cycle Track,1,0,0.59897713,598.9771318,1001.85978
3177,Footway level Cycle Track,1,0,0.05599784,55.99783762,93.52089297
3178,Footway level Cycle Track,1,0,0.21070049,210.7004901,351.5572259
3179,Footway level Cycle Track,1,0,0.12174431,121.7443074,203.3483244
3180,SegregatedCycleLane,0,0,0.11239293,112.3929297,187.7378402
3181,Footway level Cycle Track,0,0,0.02301678,23.0167806,38.40294345
3182,Footway level Cycle Track,0,0,0.01641116,16.41116479,27.39712981
3183,SegregatedCycleLane,0,0,0.17369722,173.6972195,290.1299194
3184,Footway level Cycle Track,0,0,0.10518141,105.1814096,175.6472045
3185,Footway level Cycle Track,0,0,0.03128048,31.28048449,52.24333833
3186,Footway level Cycle Track,0,0,0.01501683,15.01682671,25.07419734
3187,Footway level Cycle Track,0,0,0.02666284,26.66284009,44.51819853
3188,Footway level Cycle Track,0,0,0.08937065,89.37065487,149.1368221
3189,SegregatedCycleLane,0,0,0.16258063,162.580626,271.8234172
3190,Footway level Cycle Track,0,0,0.11570346,115.7034593,193.1583192
3191,SegregatedCycleLane,0,0,0.14126189,141.2618934,236.1688461
3192,SegregatedCycleLane,0,0,0.48300393,483.0039294,806.5241338
3193,SegregatedCycleLane,0,0,0.09501726,95.01726379,158.6185753
3194,SegregatedCycleLane,0,0,0.27315908,273.1590759,456.1444754
3195,Footway level Cycle Track,0,0,0.05216021,52.16020655,87.20153726
3196,SegregatedCycleLane,0,0,0.8130211,813.0210993,1359.326203
3197,SegregatedCycleLane,0,0,0.06430575,64.3057487,107.5585161
3198,SegregatedCycleLane,0,0,0.02481205,24.81204971,41.49445234
3199,SegregatedCycleLane,0,0,0.0127781,12.7781043,21.35087998
3200,SignedRoute,1,0,0.31534309,315.3430858,527.316518
3201,SegregatedCycleLane,0,0,0.1876245,187.6245027,313.5260591
3202,SegregatedCycleLane,0,0,0.02483844,24.83843829,41.48877742
3203,SegregatedCycleLane,0,0,0.13451279,134.5127883,225.0503958
3204,SegregatedCycleLane,0,0,0.24512577,245.1257715,410.180926
3205,Footway level Cycle Track,0,0,0.06358482,63.58481632,106.3527647
3206,Footway level Cycle Track,0,0,0.05760525,57.60524749,96.3640086
3207,SegregatedCycleLane,0,0,0.09920082,99.20081873,165.7089582
3208,Footway level Cycle Track,0,0,0.01843282,18.43281738,30.84803183
3209,SegregatedCycleLane,0,0,0.06026008,60.2600819,100.6838646
3210,Footway level Cycle Track,0,0,0.0808654,80.86539822,135.2622834
3211,Footway level Cycle Track,0,0,0.0537637,53.76370102,89.95392193
3212,SegregatedCycleLane,0,0,0.28067087,280.6708738,468.5682889
3213,Footway level Cycle Track,0,0,0.06906605,69.06605291,115.3433392
3214,Footway level Cycle Track,0,0,0.04497762,44.97761647,75.13418444
3215,Footway level Cycle Track,0,0,0.0917752,91.77520307,153.2752641
3216,Footway level Cycle Track,0,0,0.08986563,89.86563425,150.0300491
3217,Footway level Cycle Track,0,0,0.03630959,36.30959295,60.61416284
3218,Footway level Cycle Track,0,0,0.05262729,52.62729116,87.85712715
3219,SegregatedCycleLane,0,0,0.12387133,123.8713257,207.147025
3220,TrafficFree,1,0,0.20525357,205.2535703,342.3845322
3221,Footway level Cycle Track,0,0,0.71886524,718.8652405,1200.30904
3222,SegregatedCycleLane,0,0,0.12950157,129.5015706,216.5095066
3223,SegregatedCycleLane,0,0,0.09026139,90.26138765,150.8606259
3224,Footway level Cycle Track,1,0,0.08459527,84.59527462,141.1610476
3225,Footway level Cycle Track,0,0,0.21487514,214.8751367,358.8000224
3226,Footway level Cycle Track,1,0,0.64785221,647.8522061,1081.030401
3227,SegregatedCycleLane,0,0,0.06368165,63.68164855,106.4105902
3228,Footway level Cycle Track,1,0,0.23655935,236.5593491,394.7360479
3229,Footway level Cycle Track,0,0,0.79318412,793.1841249,1325.130551
3230,TrafficFree,1,0,0.57164037,571.6403697,956.2434561
3231,Footway level Cycle Track,0,0,0.15279443,152.7944254,255.1647051
3232,SegregatedCycleLane,0,0,0.15230743,152.3074283,254.4086125
3233,SegregatedCycleLane,0,0,0.50188694,501.886936,837.7927683
3234,Footway level Cycle Track,0,0,0.32243509,322.4350943,539.2803376
3235,TrafficFree,1,0,0.25239911,252.399108,421.9546582
3236,TrafficFree,1,0,0.03890158,38.90158425,65.01517584
3237,SegregatedCycleLane,0,0,0.05115095,51.15094653,85.41639453
3238,Footway level Cycle Track,0,0,0.12646963,126.4696259,211.3567794
3239,TrafficFree,1,0,0.09186925,91.86925174,153.6554828
3240,Footway level Cycle Track,0,0,0.97381342,973.8134216,1626.323833
3241,Footway level Cycle Track,0,0,0.20076171,200.7617097,335.2391816
3242,Footway level Cycle Track,0,0,1.00630849,1006.308487,1679.894168
3243,Footway level Cycle Track,0,0,0.69133937,691.3393671,1154.882361
3244,TrafficFree,1,0,0.14832058,148.3205777,247.9205239
3245,TrafficFree,1,0,0.01838123,18.38123214,30.74261513
3246,TrafficFree,1,0,0.01798529,17.9852897,29.9960239
3247,Footway level Cycle Track,0,0,0.19357112,193.5711241,323.7275682
3248,Footway level Cycle Track,1,0,0.06198722,61.98722184,103.4914327
3249,Footway level Cycle Track,0,0,1.03444381,1034.443812,1727.520739
3250,TrafficFree,1,0,0.17933099,179.3309914,299.0177412
3251,SegregatedCycleLane,0,1,0.14751851,147.5185138,246.3267145
3252,TrafficFree,1,0,0.05135645,51.35645485,85.7347696
3253,TrafficFree,1,0,0.20891313,208.913127,348.903083
3254,TrafficFree,1,0,0.03569314,35.6931366,59.71147173
3255,SegregatedCycleLane,0,0,0.4979449,497.9448991,832.3382686
3256,Footway level Cycle Track,0,0,0.20057372,200.5737212,334.9083651
3257,TrafficFree,1,0,0.05807753,58.07753438,96.98976947
3258,SegregatedCycleLane,0,0,0.08547877,85.4787664,142.7304804
3259,TrafficFree,1,0,0.1126408,112.6408,187.8064139
3260,SegregatedCycleLane,0,0,0.15597147,155.9714709,260.5061155
3261,Footway level Cycle Track,0,0,0.09190968,91.90967649,153.4815306
3262,TrafficFree,1,0,0.04272059,42.72059035,71.28380703
3263,TrafficFree,1,0,0.02520937,25.20937271,42.10893612
3264,SegregatedCycleLane,0,0,0.52425734,524.2573412,876.9380373
3265,SegregatedCycleLane,0,0,0.1718834,171.8833952,287.4216297
3266,SegregatedCycleLane,0,0,0.28966485,289.6648522,484.5028935
3267,Footway level Cycle Track,0,0,0.40490556,404.9055637,675.923929
3268,Footway level Cycle Track,0,0,0.08182029,81.82028926,136.6827437
3269,Footway level Cycle Track,0,0,0.07134694,71.34693962,119.2023093
3270,Footway level Cycle Track,0,0,0.18474643,184.746429,308.8359324
3271,Footway level Cycle Track,0,0,0.08524378,85.24377625,142.4956334
3272,Footway level Cycle Track,0,0,0.21045635,210.4563505,351.7867203
3273,Footway level Cycle Track,0,0,0.23189111,231.8911106,387.4823527
3274,TrafficFree,1,0,0.2219052,221.9051987,370.6206277
3275,Footway level Cycle Track,0,0,0.3200496,320.0496003,534.2432217
3276,Footway level Cycle Track,0,0,0.13869262,138.6926165,231.5167586
3277,TrafficFree,1,0,1.31868871,1318.688713,2203.429372
3278,Footway level Cycle Track,0,0,0.17934168,179.3416775,299.940042
3279,TrafficFree,1,0,1.64004431,1640.04431,2738.850958
3280,SegregatedCycleLane,0,0,0.04654678,46.54677556,77.74711577
3281,Footway level Cycle Track,1,0,0.1217351,121.7351036,203.1340146
3282,SegregatedCycleLane,0,0,0.12775978,127.7597845,213.3304588
3283,TrafficFree,1,0,0.25383782,253.8378248,423.8194525
3284,TrafficFree,1,0,0.24422025,244.2202505,408.0085139
3285,Footway level Cycle Track,0,0,0.03332285,33.32285082,55.60446185
3286,Footway level Cycle Track,0,0,0.1636395,163.6394978,273.4498871
3287,TrafficFree,1,0,0.02789265,27.89265136,46.56027169
3288,TrafficFree,1,0,0.07100704,71.0070419,118.5819247
3289,TrafficFree,1,0,0.02051828,20.51828453,34.30607539
3290,TrafficFree,1,0,0.51946724,519.4672425,868.9878787
3291,TrafficFree,1,0,0.53762137,537.6213709,897.4054614
3292,TrafficFree,1,0,0.3306077,330.6076981,552.1850457
3293,TrafficFree,1,0,0.12060152,120.6015163,201.566953
3294,TrafficFree,1,0,0.17352033,173.5203348,290.2039925
3295,TrafficFree,1,0,0.24478327,244.7832692,409.2805974
3296,TrafficFree,1,0,0.09219313,92.19312769,154.0693583
3297,TrafficFree,1,0,0.03287809,32.87809222,54.92720786
3298,TrafficFree,1,0,0.10883364,108.833641,181.7828662
3299,TrafficFree,1,0,0.06482123,64.82123324,108.3141659
3300,TrafficFree,1,0,0.96815369,968.1536869,1618.729499
3301,TrafficFree,1,0,0.16965583,169.6558271,283.3909659
3302,TrafficFree,1,0,0.52819848,528.1984777,881.883558
3303,TrafficFree,1,0,0.053732,53.73200242,89.72469331
3304,TrafficFree,1,0,0.013,13,21.70194198
3305,TrafficFree,1,0,0.0449819,44.98190242,75.10539206
3306,TrafficFree,1,0,0.08167443,81.67442654,136.4106087
3307,TrafficFree,1,0,0.43634781,436.3478133,728.8059824
3308,Footway level Cycle Track,0,0,0.11192268,111.9226811,187.1537615
3309,TrafficFree,1,0,0.53451442,534.514418,894.0971698
3310,TrafficFree,1,0,0.24339186,243.391856,407.2037097
3311,TrafficFree,1,0,0.13399347,133.993473,224.1064932
3312,TrafficFree,1,0,1.11328371,1113.283705,1861.777056
3313,TrafficFree,1,0,0.40485678,404.8567807,676.0061201
3314,TrafficFree,1,0,0.03447346,34.47345961,57.6413248
3315,Footway level Cycle Track,0,0,0.15583627,155.836268,260.6317003
3316,Footway level Cycle Track,1,0,0.08964342,89.64341521,149.6309012
3317,TrafficFree,1,0,0.0212093,21.20929961,35.47450582
3318,Footway level Cycle Track,0,0,0.38558275,385.5827504,644.9498811
3319,Footway level Cycle Track,1,0,0.06982776,69.82775827,116.6187889
3320,Footway level Cycle Track,1,0,0.31400254,314.0025414,524.0169568
3321,Footway level Cycle Track,1,0,0.27158302,271.5830194,453.5020498
3322,Footway level Cycle Track,0,0,0.15768547,157.6854709,263.7508678
3323,TrafficFree,1,0,0.04264478,42.64478388,71.27448974
3324,TrafficFree,1,0,0.49329953,493.2995278,823.4328894
3325,TrafficFree,1,0,0.17985254,179.8525379,300.4731874
3326,TrafficFree,1,0,0.55565041,555.6504062,927.0555782
3327,TrafficFree,1,0,0.54584536,545.8453577,911.7487079
3328,SegregatedCycleLane,0,0,0.1262292,126.2292039,211.0846563
3329,SegregatedCycleLane,0,0,0.2732667,273.2667007,456.1788642
3330,SegregatedCycleLane,0,0,0.08608755,86.08755439,143.8216334
3331,Footway level Cycle Track,0,0,0.05623969,56.23969138,94.02722169
3332,SegregatedCycleLane,0,0,0.07776214,77.76214154,130.0793408
3333,SegregatedCycleLane,0,0,0.03892591,38.92590523,64.99200164
3334,Footway level Cycle Track,0,0,0.12084091,120.8409083,201.8997132
3335,TrafficFree,1,0,0.01350948,13.50947508,22.60167911
3336,SignedRoute,0,0,0.40067035,400.6703539,669.4834818
3337,SegregatedCycleLane,0,0,0.10506073,105.0607252,175.5260175
3338,SegregatedCycleLane,0,0,0.34658193,346.5819291,579.0295346
3339,Footway level Cycle Track,0,0,0.13868734,138.6873388,231.5554074
3340,Footway level Cycle Track,0,0,0.63536275,635.3627473,1062.717772
3341,SegregatedCycleLane,0,0,0.06300292,63.00292009,105.278392
3342,TrafficFree,1,0,0.00632456,6.32455532,10.57856779
3343,Footway level Cycle Track,0,0,0.13211059,132.1105939,220.6028185
3344,TrafficFree,1,0,0.11522542,115.2254186,192.3752116
3345,SignedRoute,1,0,0.0760073,76.00730479,127.0789109
3346,TrafficFree,1,0,0.09237733,92.37733167,154.3098691
3347,Footway level Cycle Track,1,0,0.0498261,49.82610029,83.17557421
3348,Footway level Cycle Track,1,0,0.21114341,211.1434109,352.3171989
3349,Shared Foot and Cycle Path Road Adjacent,0,0,0.32891133,328.9113252,550.177425
3350,Shared Foot and Cycle Path Road Adjacent,0,0,0.26392777,263.9277706,441.4685977
3351,Footway level Cycle Track,0,0,1.10279579,1102.795787,1842.821141
3352,TrafficFree,1,0,0.24973947,249.739473,416.6730412
3353,TrafficFree,1,0,0.02501504,25.01503701,41.69847309
3354,Footway level Cycle Track,0,0,0.06079268,60.79268187,101.6356975
3355,TrafficFree,1,0,0.27132755,271.3275461,453.456046
3356,Footway level Cycle Track,0,0,0.11009695,110.0969499,184.0383855
3357,SegregatedCycleLane,0,0,0.10130338,101.3033795,169.394649
3358,Shared Foot and Cycle Path Road Adjacent,0,0,0.29362322,293.6232179,491.0798663
3359,TrafficFree,1,0,0.31558253,315.5825271,526.8196036
3360,TrafficFree,1,0,0.01696483,16.96482992,28.30909
3361,TrafficFree,1,0,0.007,7,11.68370066
3362,Footway level Cycle Track,0,0,0.1832529,183.2528988,306.1100019
3363,Footway level Cycle Track,0,0,0.13451224,134.5122417,224.9952897
3364,SegregatedCycleLane,0,0,0.42918479,429.1847924,717.0229483
3365,SegregatedCycleLane,1,0,0.77625062,776.2506401,1297.530521
3366,SignedRoute,0,0,0.96257293,962.5729486,1607.79169
3367,SegregatedCycleLane,1,1,0.69093902,690.9390232,1153.833296
3368,SegregatedCycleLane,0,1,0.74371675,743.7167538,1243.582563
3369,SegregatedCycleLane,0,1,0.65148109,651.4810925,1089.300889
3370,SegregatedCycleLane,0,0,0.74835218,748.3521825,1249.46111
3371,SegregatedCycleLane,0,0,0.25907766,259.0776602,432.5915231
3372,SegregatedCycleLane,1,0,0.44428402,444.2840188,742.9470552
3373,Footway level Cycle Track,1,0,0.67271602,672.7160171,1125.03059
3374,SegregatedCycleLane,0,0,0.18550613,185.5061289,310.2118113
3375,SegregatedCycleLane,1,0,0.23719415,237.1941521,396.5969455
3376,SegregatedCycleLane,0,0,0.11277253,112.772533,188.5812432
3377,SegregatedCycleLane,0,0,0.0957473,95.74730084,160.078753
3378,SegregatedCycleLane,0,0,0.25020916,250.2091627,418.41344
3379,SegregatedCycleLane,0,0,0.77840166,778.4016672,1301.603623
3380,SegregatedCycleLane,0,1,0.0723582,72.35820265,121.023694
3381,SegregatedCycleLane,0,1,0.81223741,812.2374144,1356.505756
3382,SegregatedCycleLane,0,0,0.26970915,269.7091453,450.634266
3383,SegregatedCycleLane,0,0,0.03899009,38.99008554,65.2207795
3384,TrafficFree,1,0,0.32975168,329.7516762,551.0783305
3385,TrafficFree,1,0,0.2695236,269.5235952,450.7362095
3386,TrafficFree,1,0,0.17638871,176.3887063,294.5036171
3387,SignedRoute,1,0,0.33602237,336.0223679,561.22362
3388,TrafficFree,1,0,0.13476754,134.7675391,225.240872
3389,SegregatedCycleLane,1,0,0.23541043,235.4104265,393.342809
3390,SegregatedCycleLane,1,0,0.69546902,695.469021,1161.709224
3391,SegregatedCycleLane,1,1,1.33491527,1334.915268,2229.592193
3392,Footway level Cycle Track,0,0,0.121999,121.9989962,203.6919142
3393,SegregatedCycleLane,0,0,0.1288642,128.8642016,215.112091
3394,Footway level Cycle Track,0,0,0.27622574,276.2257443,461.1120145
3395,SegregatedCycleLane,0,0,0.13864504,138.6450379,231.4447157
3396,SegregatedCycleLane,0,0,0.29946965,299.4696482,500.0936057
3397,SegregatedCycleLane,0,0,0.05319347,53.19346637,88.79478317
3398,SegregatedCycleLane,0,0,0.46925118,469.251178,783.3423313
3399,Footway level Cycle Track,0,0,0.06266024,62.66023563,104.6588658
3400,TrafficFree,1,0,0.03134638,31.34638442,52.33562546
3401,SegregatedCycleLane,0,0,0.08915969,89.15969316,149.1464669
3402,Footway level Cycle Track,0,0,0.17840536,178.4053632,298.4736792
3403,Footway level Cycle Track,0,0,0.16638512,166.3851174,278.3572704
3404,TrafficFree,1,0,0.92721714,927.2171443,1549.649891
3405,TrafficFree,1,0,0.86477489,864.7748873,1444.689054
3406,TrafficFree,1,0,0.74125633,741.2563309,1237.588487
3407,TrafficFree,1,0,0.92722302,927.2230218,1547.692995
3408,Footway level Cycle Track,0,0,0.3190681,319.0681009,532.7397708
3409,SegregatedCycleLane,0,1,0.05911067,59.11067049,98.70290794
3410,Footway level Cycle Track,0,0,0.14588221,145.8822139,243.5948323
3411,SegregatedCycleLane,0,0,0.62015111,620.1511058,1035.986829
3412,SegregatedCycleLane,0,0,0.59590428,595.9042815,995.4866182
3413,SegregatedCycleLane,0,0,0.14142666,141.4266555,236.1102578
3414,Footway level Cycle Track,0,0,0.15021566,150.2156639,251.2126483
3415,Footway level Cycle Track,0,0,0.37631901,376.3190135,629.6024624
3416,SegregatedCycleLane,0,0,0.02466896,24.66895668,41.20745111
3417,Footway level Cycle Track,1,0,0.38914234,389.1423404,651.0481588
3418,SegregatedCycleLane,0,0,0.13469985,134.6998497,225.3287503
3419,SegregatedCycleLane,0,0,0.094394,94.39400134,157.8137117
3420,SegregatedCycleLane,0,0,0.46664297,466.642974,780.1758933
3421,SegregatedCycleLane,0,0,0.05154015,51.54014775,86.13608322
3422,SegregatedCycleLane,0,0,0.32861831,328.6183053,549.4510014
3423,SegregatedCycleLane,0,0,0.06904874,69.04873803,115.4377062
3424,SegregatedCycleLane,0,0,0.14848561,148.4856096,248.2038849
3425,SegregatedCycleLane,0,0,0.30310596,303.1059622,506.9788633
3426,TrafficFree,1,0,0.34845606,348.4560643,582.11222
3427,SignedRoute,1,0,0.10010683,100.1068316,167.3097958
3428,TrafficFree,1,0,0.12958448,129.5844816,216.3586019
3429,SignedRoute,1,0,0.09318136,93.18136403,155.5940594
3430,TrafficFree,1,0,0.07100197,71.00197119,118.5296222
3431,SignedRoute,1,0,0.07759506,77.59505589,129.6292214
3432,TrafficFree,0,0,0.15715151,157.1515146,262.8017243
3433,SegregatedCycleLane,0,1,0.1694353,169.4352985,282.9406419
3434,Footway level Cycle Track,0,0,0.12450945,124.50945,207.9936693
3435,SegregatedCycleLane,0,0,0.09199994,91.99993864,153.6807957
3436,SegregatedCycleLane,0,0,0.32099601,320.9960081,537.0156234
3437,SegregatedCycleLane,0,0,0.09226063,92.26063337,154.2070024
3438,SegregatedCycleLane,0,0,0.16309071,163.0907124,272.6175687
3439,SegregatedCycleLane,0,0,0.13503449,135.0344851,225.6784731
3440,SegregatedCycleLane,0,0,0.05350245,53.50245239,89.34459202
3441,SegregatedCycleLane,0,0,0.16600082,166.0008471,277.2875423
3442,SegregatedCycleLane,0,0,0.60313587,603.1358715,1006.854064
3443,SegregatedCycleLane,0,0,0.53211635,532.1163504,889.4547787
3444,SegregatedCycleLane,0,0,0.15418979,154.189787,257.8308249
3445,SegregatedCycleLane,1,0,0.1331872,133.1872015,222.7089339
3446,SegregatedCycleLane,0,0,0.31227526,312.2752641,522.3181726
3447,Footway level Cycle Track,0,0,0.10676569,106.7656914,178.5262423
3448,SegregatedCycleLane,0,0,0.32446699,324.46699,542.2675278
3449,SegregatedCycleLane,0,0,0.45758383,457.5838255,764.8382583
3450,SegregatedCycleLane,0,0,0.09577947,95.7794723,160.0227347
3451,SegregatedCycleLane,0,0,0.10581551,105.8155082,176.7819632
3452,SegregatedCycleLane,0,0,0.86103937,861.0393723,1439.130452
3453,SegregatedCycleLane,0,0,0.20183673,201.8367274,337.8410947
3454,SegregatedCycleLane,0,0,0.31227569,312.2756884,522.5309906
3455,TrafficFree,0,0,0.25653715,256.537153,428.5948109
3456,SegregatedCycleLane,0,0,0.01137247,11.37247309,19.00424854
3457,Footway level Cycle Track,0,0,0.62154917,621.5491654,1038.316652
3458,Footway level Cycle Track,0,0,0.04579433,45.79433303,76.43339489
3459,Footway level Cycle Track,0,0,0.36620296,366.202959,611.1785371
3460,Footway level Cycle Track,0,0,0.01853627,18.53626721,30.97376399
3461,SignedRoute,1,0,1.65665287,1656.652871,2768.845668
3462,Footway level Cycle Track,0,0,0.0114478,11.44779643,19.11623654
3463,SignedRoute,0,0,1.70661678,1706.616775,2851.501201
3464,SignedRoute,0,0,0.16367759,163.6775886,273.6327199
3465,SegregatedCycleLane,0,0,0.14624533,146.245327,244.5587902
3466,SegregatedCycleLane,0,0,0.4358289,435.8289033,728.1208978
3467,SignedRoute,0,0,0.01757282,17.57282088,29.38777173
3468,SegregatedCycleLane,0,0,0.15088978,150.8897844,252.3350415
3469,SignedRoute,0,0,0.01869191,18.69190869,31.23805842
3470,SegregatedCycleLane,0,0,0.07818207,78.18206864,130.5722875
3471,SignedRoute,0,0,0.21633677,216.3367738,361.2340299
3472,SignedRoute,0,0,1.61053453,1610.534534,2690.816215
3473,TrafficFree,1,0,0.36024695,360.2469512,601.7807782
3474,SegregatedCycleLane,0,0,0.0262446,26.24460489,43.80924486
3475,Footway level Cycle Track,0,0,0.74505582,745.0558244,1244.48969
3476,Footway level Cycle Track,0,0,0.26619386,266.1938591,444.326038
3477,SegregatedCycleLane,0,0,0.04799412,47.99412062,80.15376638
3478,Footway level Cycle Track,0,0,0.12224989,122.2498889,204.0497746
3479,Footway level Cycle Track,1,0,0.08333715,83.3371548,139.0763596
3480,Footway level Cycle Track,1,0,0.18619294,186.1929371,310.8315364
3481,Footway level Cycle Track,0,0,0.15759465,157.5946538,263.0833047
3482,Footway level Cycle Track,0,0,0.37774441,377.7444118,631.7978056
3483,Footway level Cycle Track,0,0,0.43216598,432.1659838,721.8980414
3484,Footway level Cycle Track,0,0,0.23196871,231.9687122,387.7179956
3485,Footway level Cycle Track,0,0,0.15503103,155.031033,259.1235381
3486,Footway level Cycle Track,0,0,0.02616791,26.16791156,43.71265535
3487,Footway level Cycle Track,1,0,0.49699978,496.9997812,830.6970663
3488,Footway level Cycle Track,0,0,0.21583722,215.8372241,360.4403741
3489,Footway level Cycle Track,0,0,0.09167516,91.67516324,153.0614093
3490,SegregatedCycleLane,0,1,0.02630251,26.30250964,43.91884139
3491,SegregatedCycleLane,0,0,0.02124565,21.24565203,35.54649153
3492,Footway level Cycle Track,0,0,1.13353494,1133.534939,1893.229074
3493,Footway level Cycle Track,0,0,0.12950186,129.501857,216.4038891
3494,Footway level Cycle Track,0,0,0.22256444,222.5644385,371.5685124
3495,Footway level Cycle Track,1,0,0.06188788,61.88788496,103.3219848
3496,Footway level Cycle Track,0,0,0.01806831,18.06831397,30.16367329
3497,Footway level Cycle Track,0,0,0.1446485,144.6484978,241.5416503
3498,Footway level Cycle Track,0,0,0.2059168,205.9167962,343.8468575
3499,Footway level Cycle Track,0,0,0.99408759,994.0875871,1659.506921
3500,Footway level Cycle Track,0,0,0.26598817,265.988173,444.314175
3501,Footway level Cycle Track,0,0,0.2284499,228.4499023,382.060127
3502,Footway level Cycle Track,0,0,0.52119697,521.1969671,870.0331636
3503,Footway level Cycle Track,0,0,0.11074594,110.7459365,184.8663823
3504,Footway level Cycle Track,0,0,0.15384731,153.8473115,257.3561416
3505,SegregatedCycleLane,0,0,0.14212041,142.1204138,237.655705
3506,Footway level Cycle Track,0,0,0.46764431,467.6443096,780.4915041
3507,Footway level Cycle Track,0,0,0.08959594,89.59594198,149.5546135
3508,SegregatedCycleLane,0,0,0.04541795,45.41794772,75.80295974
3509,SegregatedCycleLane,0,0,0.19309472,193.0947157,322.2413865
3510,SegregatedCycleLane,0,0,0.04897997,48.97996863,81.88222296
3511,Footway level Cycle Track,0,0,0.71684315,716.8431508,1197.345161
3512,Footway level Cycle Track,1,0,0.01093184,10.93184437,18.26702938
3513,Footway level Cycle Track,0,0,0.1077347,107.7347039,179.963972
3514,SegregatedCycleLane,0,0,0.04574597,45.74597015,76.39454325
3515,SegregatedCycleLane,0,0,0.00575985,5.759851111,9.611547527
3516,Footway level Cycle Track,0,0,0.10804848,108.0484799,180.6262699
3517,SegregatedCycleLane,0,0,0.10169494,101.694944,169.947473
3518,SegregatedCycleLane,0,0,0.02541572,25.4157226,42.44134511
3519,SegregatedCycleLane,0,0,0.05665735,56.65735179,94.59449585
3520,SegregatedCycleLane,0,0,0.04264242,42.64241852,71.3005626
3521,SegregatedCycleLane,0,0,0.15860355,158.6035535,265.290739
3522,SegregatedCycleLane,0,0,0.13782838,137.8283812,230.5667309
3523,SegregatedCycleLane,0,0,0.39753629,397.5362907,664.2666645
3524,SegregatedCycleLane,0,0,0.06074376,60.7437623,101.4350375
3525,Footway level Cycle Track,0,0,0.10613509,106.1350883,177.176089
3526,Footway level Cycle Track,0,0,0.08970608,89.7060785,149.748941
3527,Footway level Cycle Track,0,0,0.13866645,138.6664511,232.000089
3528,Footway level Cycle Track,0,0,0.36741203,367.412029,614.5938887
3529,Footway level Cycle Track,1,0,0.20056995,200.5699462,335.2107915
3530,SegregatedCycleLane,0,1,0.16559875,165.5987497,276.2821937
3531,Footway level Cycle Track,0,0,0.07421562,74.21562382,123.8241506
3532,Footway level Cycle Track,0,0,0.18928874,189.2887422,315.8637964
3533,SegregatedCycleLane,0,1,0.06020795,60.20795187,100.4784327
3534,Footway level Cycle Track,0,0,0.32473503,324.7350346,541.819008
3535,Footway level Cycle Track,0,0,0.17239294,172.3929403,287.624611
3536,Footway level Cycle Track,0,0,0.05634687,56.34687267,94.00796762
3537,Footway level Cycle Track,0,1,0.14107941,141.0794102,235.3932061
3538,SegregatedCycleLane,0,0,0.40637715,406.3771522,678.6244423
3539,SegregatedCycleLane,0,0,0.09876305,98.7630475,164.8801567
3540,Footway level Cycle Track,0,0,0.05793072,57.93072203,96.90685019
3541,Footway level Cycle Track,0,0,0.12602659,126.0265932,210.3918617
3542,Footway level Cycle Track,0,0,0.06613313,66.13312952,110.4023692
3543,Footway level Cycle Track,0,0,0.02786928,27.86928161,46.52145645
3544,TrafficFree,0,0,0.67147282,671.4728215,1121.063246
3545,TrafficFree,0,0,0.03707642,37.07641882,61.95259276
3546,SegregatedCycleLane,0,0,0.03581893,35.81893476,59.92911238
3547,SegregatedCycleLane,0,0,0.07394302,73.94302193,123.6043673
3548,SignedRoute,0,0,1.30682132,1306.821316,2183.923494
3549,SignedRoute,0,0,0.01420741,14.20741374,23.7126811
3550,SegregatedCycleLane,0,0,0.02242878,22.42877917,37.49613608
3551,SegregatedCycleLane,0,0,0.07331993,73.31993149,122.4818204
3552,SegregatedCycleLane,0,0,0.33432506,334.3250624,558.9169
3553,Footway level Cycle Track,0,0,0.1864093,186.4093035,311.3765736
3554,Footway level Cycle Track,0,0,0.01506244,15.06244421,25.14288526
3555,SegregatedCycleLane,0,1,0.02271904,22.7190387,37.92382977
3556,SignedRoute,0,0,0.28525977,285.2597726,477.0837822
3557,Footway level Cycle Track,1,0,0.34287785,342.8778525,573.4636374
3558,Footway level Cycle Track,1,0,0.10656918,106.5691788,178.2413819
3559,Footway level Cycle Track,0,0,0.1098091,109.8090973,183.2858945
3560,Footway level Cycle Track,1,0,0.06064732,60.64732426,101.4014569
3561,Footway level Cycle Track,1,0,0.02441331,24.41331491,40.82938701
3562,Footway level Cycle Track,0,0,0.18727522,187.2752241,312.7040656
3563,Footway level Cycle Track,1,0,0.17265481,172.6548148,288.498087
3564,TrafficFree,1,0,0.07576645,75.76645346,126.4694551
3565,SignedRoute,1,0,0.14763858,147.6385794,246.6983752
3566,TrafficFree,1,0,0.49992902,499.9290198,834.0537671
3567,TrafficFree,1,0,0.48520794,485.2079403,809.2849757
3568,SegregatedCycleLane,0,1,0.0640151,64.0150979,106.9512455
3569,SegregatedCycleLane,0,1,0.43450597,434.5059691,725.827301
3570,SegregatedCycleLane,0,1,0.00009188,0.091882207,0.153576323
3571,SegregatedCycleLane,0,0,0.12627891,126.2789129,211.1375123
3572,SegregatedCycleLane,0,0,0.09816539,98.16538894,164.1377938
3573,SegregatedCycleLane,1,0,0.00986362,9.863619412,16.4977622
3574,Footway level Cycle Track,0,0,0.00232422,2.324223624,3.888568387
3575,SegregatedCycleLane,0,0,0.47551453,475.5145301,794.086676
3576,Painted Cycle Lane,0,0,0.06363812,63.63812269,106.2722267
3577,Painted Cycle Lane,0,0,0.35612302,356.1230215,594.4896411
3578,Painted Cycle Lane,0,0,0.10258947,102.5894726,171.5472773
3579,Painted Cycle Lane,0,0,0.0350424,35.04239979,58.6126293
3580,Painted Cycle Lane,0,0,0.03570068,35.70068018,59.59599746
3581,Painted Cycle Lane,0,0,0.07689368,76.89367717,128.4297914
3582,Shared Foot and Cycle Path Road Adjacent,0,0,0.04520637,45.20636743,75.51812336
3583,Painted Cycle Lane,0,0,0.06229873,62.29873429,104.0655773
3584,Shared Foot and Cycle Path Road Adjacent,0,0,0.08898639,88.9863922,148.6410802
3585,Painted Cycle Lane,0,1,0.06704886,67.04886371,111.9888503
3586,Painted Cycle Lane,0,0,0.08382742,83.82742187,140.2672359
3587,Painted Cycle Lane,0,0,0.09328112,93.2811216,156.0916403
3588,Painted Cycle Lane,0,0,0.04629298,46.29297677,77.39654781
3589,Painted Cycle Lane,0,0,0.11786706,117.8670576,197.0653435
3590,Painted Cycle Lane,0,0,0.1714091,171.4091009,286.4913601
3591,Painted Cycle Lane,0,0,0.10810986,108.1098628,180.4988819
3592,Painted Cycle Lane,0,0,0.10665429,106.6542918,178.0600887
3593,Painted Cycle Lane,0,0,0.15818578,158.185781,264.3390036
3594,Painted Cycle Lane,0,0,0.04408569,44.08568993,73.74331228
3595,Painted Cycle Lane,0,0,0.6366636,636.6636032,1064.280255
3596,Painted Cycle Lane,0,0,0.21837244,218.372443,364.9770174
3597,Painted Cycle Lane,0,0,0.9590427,959.0427008,1601.369899
3598,Painted Cycle Lane,0,0,0.88645937,886.4593678,1480.161551
3599,Painted Cycle Lane,0,0,0.30102587,301.0258324,503.5343368
3600,Painted Cycle Lane,0,0,0.31302889,313.0289013,523.5977885
3601,Painted Cycle Lane,0,0,0.12234484,122.3448398,204.5279322
3602,Painted Cycle Lane,0,0,0.11571861,115.7186091,193.4395598
3603,Painted Cycle Lane,0,0,0.89742947,897.4294749,1500.831825
3604,Painted Cycle Lane,0,0,0.07531671,75.31670868,125.9709318
3605,Painted Cycle Lane,0,0,0.57112948,571.1294841,955.0252312
3606,Shared Foot and Cycle Path Road Adjacent,0,0,0.05630291,56.30291301,94.04554585
3607,Painted Cycle Lane,0,0,0.54008393,540.0839292,902.1042918
3608,BusLane,0,0,0.19160541,191.6054088,320.092282
3609,Painted Cycle Lane,0,0,0.0700758,70.07580291,117.0524681
3610,BusLane,0,0,0.11321264,113.2126367,189.2206995
3611,Painted Cycle Lane,0,0,0.80886068,808.8606834,1351.101205
3612,Painted Cycle Lane,0,0,0.44958319,449.5831911,750.8076371
3613,Painted Cycle Lane,0,0,0.05212421,52.12420964,87.11257595
3614,Painted Cycle Lane,0,0,0.40268357,402.6835651,672.6587519
3615,Painted Cycle Lane,0,0,0.3746229,374.6229046,626.2060222
3616,Painted Cycle Lane,0,0,0.41492716,414.9271566,693.118503
3617,Painted Cycle Lane,0,0,0.05324132,53.24132364,89.00083133
3618,Painted Cycle Lane,0,0,0.50531532,505.3153169,843.8291255
3619,Painted Cycle Lane,0,0,0.28082972,280.8297158,469.4282805
3620,Painted Cycle Lane,0,0,0.683514,683.5139991,1141.933903
3621,Painted Cycle Lane,0,0,0.691414,691.4139998,1155.12069
3622,Painted Cycle Lane,0,0,0.18614246,186.1424561,311.487581
3623,Painted Cycle Lane,0,0,0.16955531,169.5553081,283.7993533
3624,Painted Cycle Lane,0,0,0.09932557,99.32556826,166.2515077
3625,Painted Cycle Lane,0,0,0.92573173,925.7317325,1546.578174
3626,Painted Cycle Lane,0,0,0.02015838,20.15838414,33.65783079
3627,Painted Cycle Lane,0,0,0.02242726,22.42726151,37.44471487
3628,Painted Cycle Lane,0,0,0.03874544,38.74543686,64.69706958
3629,Painted Cycle Lane,0,0,0.00961006,9.610059817,16.04669569
3630,Painted Cycle Lane,0,0,0.02657893,26.57893274,44.39006591
3631,Painted Cycle Lane,0,0,0.09032042,90.32041638,150.846145
3632,Painted Cycle Lane,0,0,0.06721177,67.21176946,112.2766744
3633,Painted Cycle Lane,0,0,0.03695915,36.95915417,61.7206408
3634,Painted Cycle Lane,0,0,0.02810142,28.1014182,46.93476809
3635,Painted Cycle Lane,0,0,0.03196761,31.9676057,53.3833232
3636,Painted Cycle Lane,0,0,0.02516752,25.16752019,42.09197456
3637,Painted Cycle Lane,0,0,0.0527508,52.75080253,88.25738671
3638,BusLane,0,0,0.28122172,281.2217157,469.6977358
3639,Painted Cycle Lane,0,0,0.04253567,42.53567425,71.05367917
3640,Painted Cycle Lane,0,0,0.07808367,78.08366585,130.5917107
3641,Shared Foot and Cycle Path Road Adjacent,0,0,0.01151556,11.51556156,19.2484391
3642,Shared Foot and Cycle Path Road Adjacent,0,0,0.25041848,250.4184771,418.9705118
3643,Painted Cycle Lane,0,0,0.0526776,52.67760165,88.15788076
3644,Painted Cycle Lane,0,0,0.05131308,51.31307728,85.86444348
3645,Painted Cycle Lane,0,0,0.02081182,20.8118153,34.80402144
3646,Painted Cycle Lane,0,0,0.17618186,176.1818611,294.7656609
3647,Painted Cycle Lane,0,0,0.03808412,38.08412118,63.66037426
3648,Painted Cycle Lane,0,0,0.02147409,21.4740856,35.90917481
3649,Painted Cycle Lane,0,0,0.03975545,39.75545379,66.46058918
3650,Painted Cycle Lane,0,0,0.03632674,36.32674121,60.75369971
3651,Shared Foot and Cycle Path Road Adjacent,0,0,0.39903541,399.0354129,666.9346705
3652,Shared Foot and Cycle Path Road Adjacent,0,0,0.43031716,430.3171592,719.2226568
3653,Painted Cycle Lane,0,0,0.03947742,39.47742428,65.98324165
3654,Shared Foot and Cycle Path Road Adjacent,0,0,0.02684279,26.84279226,44.92242903
3655,Painted Cycle Lane,0,0,0.02015581,20.15581311,33.66034905
3656,Painted Cycle Lane,0,0,0.02365363,23.65363343,39.56227277
3657,Painted Cycle Lane,0,0,0.02486624,24.86623967,41.52971567
3658,Painted Cycle Lane,0,0,0.08147204,81.47203725,136.0820818
3659,Painted Cycle Lane,0,0,0.02914163,29.1416292,48.76368388
3660,BusLane,0,0,0.30008357,300.0835745,501.2558203
3661,Painted Cycle Lane,0,0,0.04098349,40.9834912,68.45964866
3662,Shared Foot and Cycle Path Road Adjacent,0,0,0.0464133,46.4132966,77.62316374
3663,Painted Cycle Lane,0,0,0.02958008,29.58007589,49.41086587
3664,Painted Cycle Lane,0,0,0.03906193,39.06193084,65.31931245
3665,Painted Cycle Lane,0,0,0.01969561,19.69561496,32.89406461
3666,Painted Cycle Lane,0,0,0.09074447,90.74446678,151.7828093
3667,BusLane,0,0,0.32793206,327.9320589,547.7906014
3668,Painted Cycle Lane,0,0,0.07040391,70.40390996,117.5548551
3669,Painted Cycle Lane,0,0,0.09788166,97.88165668,163.4360251
3670,Painted Cycle Lane,0,0,0.04073617,40.73616578,68.0882751
3671,Painted Cycle Lane,0,0,0.04584185,45.84184669,76.5516967
3672,BusLane,0,0,0.06455906,64.55906061,107.7682578
3673,Painted Cycle Lane,0,0,0.04121583,41.21583004,68.81800227
3674,Painted Cycle Lane,0,0,0.03325506,33.25506176,55.54109015
3675,Painted Cycle Lane,0,0,0.15443312,154.4331187,257.906935
3676,Painted Cycle Lane,0,0,0.0312758,31.27580053,52.23618864
3677,Painted Cycle Lane,0,0,0.04820333,48.20332562,80.51031468
3678,Painted Cycle Lane,0,0,0.06495004,64.95003724,108.6701423
3679,Painted Cycle Lane,0,0,0.06328961,63.28960571,105.8734682
3680,Painted Cycle Lane,0,0,0.07833563,78.33562862,131.0319766
3681,Painted Cycle Lane,0,0,0.0692445,69.2444998,115.6203675
3682,Painted Cycle Lane,0,0,0.03332428,33.3242813,55.71193924
3683,Painted Cycle Lane,0,0,0.05835725,58.35724564,97.58254147
3684,Painted Cycle Lane,0,0,0.05675256,56.75256271,94.80813886
3685,Shared Foot and Cycle Path Road Adjacent,0,0,0.04445861,44.45860792,74.3434264
3686,Shared Foot and Cycle Path Road Adjacent,1,0,0.06513546,65.13546331,108.7668723
3687,Painted Cycle Lane,0,0,0.03052978,30.52978253,50.98792284
3688,Shared Foot and Cycle Path Road Adjacent,0,0,0.09736988,97.36988119,162.7554688
3689,Shared Foot and Cycle Path Road Adjacent,0,0,0.07860938,78.60938056,131.2378095
3690,Painted Cycle Lane,0,0,0.01612594,16.1259445,26.964956
3691,BusLane,0,0,0.45610727,456.1072668,761.5751144
3692,Painted Cycle Lane,0,0,0.06632354,66.32354467,110.8423122
3693,Painted Cycle Lane,0,0,0.70366219,703.6621936,1176.361843
3694,SegregatedCycleLane,1,0,0.9542889,954.2888956,1593.320299
3695,Painted Cycle Lane,0,0,0.37449972,374.4997188,625.3546617
3696,SegregatedCycleLane,0,0,0.47277226,472.7722575,791.4030131
3697,Painted Cycle Lane,0,0,0.63522874,635.2287372,1062.784722
3698,Painted Cycle Lane,0,0,0.15860355,158.6035535,265.2907734
3699,Shared Foot and Cycle Path Road Adjacent,0,0,0.34186141,341.8614144,571.768011
3700,Painted Cycle Lane,0,0,0.13832501,138.3250064,231.3975677
3701,BusLane,0,0,0.31678707,316.7870716,529.159791
3702,Painted Cycle Lane,0,0,0.15161661,151.6166109,253.092091
3703,Painted Cycle Lane,0,0,0.20043088,200.4308808,334.6977388
3704,Shared Foot and Cycle Path Road Adjacent,0,0,0.04399776,43.9977631,73.55161631
3705,Painted Cycle Lane,0,0,0.0507042,50.70420077,84.68277435
3706,Painted Cycle Lane,0,0,1.25216478,1252.164778,2092.595872
3707,Painted Cycle Lane,0,0,1.35313499,1353.134992,2262.767737
3708,Painted Cycle Lane,0,0,0.08083727,80.83727201,135.0311256
3709,Painted Cycle Lane,0,0,0.03507504,35.07503878,58.54938097
3710,Painted Cycle Lane,0,0,0.02273864,22.73864303,38.02207209
3711,Painted Cycle Lane,0,0,0.05318437,53.18436643,88.86062329
3712,Painted Cycle Lane,0,0,0.22000866,220.0086262,367.9681195
3713,Painted Cycle Lane,0,0,0.0877027,87.70270419,146.5659438
3714,Painted Cycle Lane,0,0,0.03342955,33.42955317,55.81897138
3715,Painted Cycle Lane,0,0,0.36082269,360.822689,602.3570782
3716,Painted Cycle Lane,0,0,0.5720361,572.0361036,956.4686824
3717,Painted Cycle Lane,0,0,0.51222819,512.2281924,855.7578971
3718,Painted Cycle Lane,0,0,0.6280269,628.0269034,1049.109146
3719,Painted Cycle Lane,0,0,0.15224708,152.2470754,254.6502254
3720,Painted Cycle Lane,0,0,0.24043668,240.4366783,402.1512172
3721,SegregatedCycleLane,1,0,0.13287677,132.8767702,222.1719024
3722,Painted Cycle Lane,0,0,0.00949882,9.498816083,15.88465562
3723,Painted Cycle Lane,0,0,0.01736728,17.36728073,29.02973545
3724,Painted Cycle Lane,0,0,0.55336135,553.3613517,925.2743981
3725,Painted Cycle Lane,0,0,1.17821659,1178.216587,1966.803461
3726,Painted Cycle Lane,0,0,0.65615735,656.1573526,1096.020803
3727,Painted Cycle Lane,0,0,0.52659716,526.5971646,879.3054922
3728,Painted Cycle Lane,0,0,0.1277872,127.7872003,213.7143612
3729,Painted Cycle Lane,0,0,0.13134738,131.3473768,219.3878314
3730,BusLane,0,0,0.03535795,35.35794932,59.02201811
3731,Painted Cycle Lane,0,0,0.03358612,33.58611563,56.14456141
3732,Painted Cycle Lane,0,0,0.02110715,21.10714895,35.29284031
3733,Painted Cycle Lane,0,0,0.08888521,88.8852069,148.512945
3734,Painted Cycle Lane,0,0,0.05018057,50.18057094,83.87144416
3735,Shared Foot and Cycle Path Road Adjacent,1,0,0.04472546,44.7254579,74.65827313
3736,Painted Cycle Lane,0,0,0.06725278,67.25277536,112.3603342
3737,Painted Cycle Lane,0,0,0.26636186,266.3618599,445.2109805
3738,Painted Cycle Lane,0,0,0.04362144,43.62143932,72.91861739
3739,Painted Cycle Lane,0,0,0.03346178,33.46177853,55.93332407
3740,Painted Cycle Lane,0,0,0.08288107,82.88106582,138.5071362
3741,Painted Cycle Lane,0,0,0.35018574,350.1856944,584.9281115
3742,Painted Cycle Lane,0,0,0.0568112,56.81120021,94.84775908
3743,Painted Cycle Lane,0,0,0.16793122,167.9312155,280.788207
3744,Painted Cycle Lane,0,0,0.02204608,22.04608226,36.85904515
3745,SegregatedCycleLane,1,0,0.03955539,39.55539425,66.12291904
3746,Painted Cycle Lane,0,0,0.0544974,54.49740059,91.06371446
3747,SegregatedCycleLane,1,0,0.07925232,79.25232144,132.4737526
3748,Painted Cycle Lane,0,0,0.07470202,74.7020207,124.8867343
3749,Painted Cycle Lane,0,0,0.02307031,23.07031407,38.57527607
3750,Painted Cycle Lane,0,0,0.18257914,182.5791385,304.6780347
3751,Painted Cycle Lane,0,0,0.32004167,320.0416745,534.5727132
3752,Painted Cycle Lane,0,0,0.1645717,164.5717046,274.7327666
3753,Painted Cycle Lane,0,0,0.27602408,276.024075,460.8628615
3754,Painted Cycle Lane,0,0,0.11009313,110.0931313,184.0792145
3755,Painted Cycle Lane,0,0,0.10488839,104.8883865,175.2705088
3756,Painted Cycle Lane,0,0,0.08200067,82.00066998,137.1266129
3757,Painted Cycle Lane,0,0,0.08449719,84.49718668,141.3030456
3758,Painted Cycle Lane,0,0,0.06518982,65.18982095,108.9666024
3759,Painted Cycle Lane,0,0,0.12509925,125.0992318,209.0695325
3760,Painted Cycle Lane,0,0,0.07025764,70.25764052,117.4446899
3761,Painted Cycle Lane,0,0,0.23750863,237.5086271,397.0040978
3762,Shared Foot and Cycle Path Road Adjacent,1,0,0.02560322,25.6032197,42.76180964
3763,Painted Cycle Lane,0,0,0.11766177,117.6617726,196.6189759
3764,Painted Cycle Lane,0,0,0.01147673,11.47672659,19.16493928
3765,Painted Cycle Lane,0,0,0.0290158,29.01580241,48.53120367
3766,Painted Cycle Lane,0,0,0.10293762,102.9376187,171.9766695
3767,Painted Cycle Lane,0,0,0.04153382,41.53381839,69.42521824
3768,Painted Cycle Lane,0,0,0.85913832,859.1383242,1436.306602
3769,Painted Cycle Lane,0,0,0.08744409,87.44409267,145.9455122
3770,Painted Cycle Lane,0,0,0.03805248,38.05247587,63.54458454
3771,Painted Cycle Lane,0,0,0.02393371,23.93371225,39.98761598
3772,Painted Cycle Lane,0,0,0.03980985,39.80984856,66.49898943
3773,Painted Cycle Lane,0,0,0.80128571,801.28571,1339.673047
3774,Painted Cycle Lane,0,0,0.05901543,59.01542981,98.65785538
3775,Painted Cycle Lane,0,0,0.0133886,13.38860354,22.38123869
3776,Painted Cycle Lane,0,0,0.12516464,125.1646445,209.0270145
3777,Painted Cycle Lane,0,0,0.20781964,207.8196424,347.0500289
3778,Shared Foot and Cycle Path Road Adjacent,1,0,0.02997132,29.9713232,50.06574873
3779,Shared Foot and Cycle Path Road Adjacent,1,0,0.02083417,20.83416716,34.79860824
3780,Painted Cycle Lane,0,0,0.03346127,33.46126777,55.86751021
3781,Painted Cycle Lane,0,0,0.0784936,78.49360091,131.2879545
3782,Painted Cycle Lane,0,0,0.05878093,58.78092956,98.1587699
3783,Painted Cycle Lane,0,0,0.04824093,48.2409336,80.62740805
3784,Painted Cycle Lane,0,0,0.03801621,38.01621038,63.46943848
3785,Painted Cycle Lane,0,0,0.07870469,78.7046903,131.3824231
3786,Painted Cycle Lane,0,0,0.14097752,140.9775164,235.4312313
3787,Painted Cycle Lane,0,0,0.03377246,33.77245923,56.41350249
3788,Painted Cycle Lane,0,0,0.02510028,25.10027586,41.89140655
3789,Painted Cycle Lane,0,0,0.04578573,45.78573401,76.51066913
3790,Painted Cycle Lane,0,0,0.31538068,315.3806791,526.4769631
3791,Painted Cycle Lane,0,0,0.18887993,188.8799262,315.6873909
3792,Painted Cycle Lane,0,0,0.25128297,251.2829682,419.6027048
3793,Painted Cycle Lane,0,0,0.23564441,235.6444101,393.5015062
3794,Painted Cycle Lane,0,0,0.07685911,76.85910721,128.541185
3795,SegregatedCycleLane,0,0,0.5444694,544.4694029,910.2236495
3796,Painted Cycle Lane,0,0,0.04392876,43.92876041,73.48021939
3797,Painted Cycle Lane,0,0,0.04784195,47.8419481,80.00614547
3798,Painted Cycle Lane,0,0,0.08350269,83.50268926,139.3688624
3799,Painted Cycle Lane,0,0,0.09523512,95.23511911,158.9730841
3800,Shared Foot and Cycle Path Road Adjacent,1,0,0.07645804,76.45804433,127.7538412
3801,Painted Cycle Lane,0,0,0.06524466,65.24465757,108.9136339
3802,Painted Cycle Lane,0,0,0.06733304,67.33303841,112.454994
3803,Painted Cycle Lane,0,0,0.04498141,44.98141399,75.08943831
3804,Shared Foot and Cycle Path Road Adjacent,1,0,0.01727276,17.27276252,28.8461371
3805,Shared Foot and Cycle Path Road Adjacent,1,0,0.01802512,18.02512292,30.09829744
3806,Painted Cycle Lane,0,0,0.0624603,62.46030131,104.3032461
3807,Shared Foot and Cycle Path Road Adjacent,0,0,0.0244814,24.48140234,40.88117904
3808,Painted Cycle Lane,0,0,0.01901905,19.01905429,31.78391725
3809,Painted Cycle Lane,0,0,0.08310723,83.10723413,138.8125471
3810,Painted Cycle Lane,0,0,0.24633409,246.3340915,411.2795024
3811,Painted Cycle Lane,0,0,0.08996696,89.96695897,150.2028708
3812,Painted Cycle Lane,0,0,0.06670442,66.70442281,111.5917677
3813,Painted Cycle Lane,0,0,0.0756675,75.66749995,126.6183639
3814,Painted Cycle Lane,0,0,0.02678521,26.78521169,44.81326175
3815,Painted Cycle Lane,0,0,0.04787861,47.8786086,80.0748607
3816,Painted Cycle Lane,0,0,0.03630216,36.30216262,60.70523752
3817,Shared Foot and Cycle Path Road Adjacent,0,0,0.43267843,432.6784265,723.7110254
3818,Painted Cycle Lane,0,0,0.04667233,46.67233277,78.07887979
3819,Painted Cycle Lane,0,0,0.07317576,73.17576071,122.3967344
3820,Painted Cycle Lane,0,0,0.05848658,58.48658381,97.8288559
3821,Painted Cycle Lane,0,0,0.12239431,122.3943142,204.6025984
3822,Painted Cycle Lane,0,0,0.16838444,168.3844375,281.5526592
3823,Painted Cycle Lane,0,0,0.11223799,112.2379914,187.6114493
3824,Painted Cycle Lane,0,0,0.27629087,276.2908695,461.9380597
3825,Painted Cycle Lane,0,0,0.08097284,80.97284153,135.3607377
3826,Painted Cycle Lane,0,0,0.12028649,120.2864863,201.0762013
3827,Painted Cycle Lane,0,0,0.14949652,149.4965179,250.0083749
3828,Painted Cycle Lane,0,0,0.04783674,47.83673977,80.01054877
3829,BusLane,0,0,0.1270619,127.0619028,212.2280882
3830,Painted Cycle Lane,0,0,0.08386526,83.86525617,140.3217996
3831,Painted Cycle Lane,0,0,0.21098371,210.9837123,352.6480406
3832,Painted Cycle Lane,0,0,0.05472598,54.72597723,91.40398194
3833,Painted Cycle Lane,0,0,0.08246087,82.46087332,137.7752387
3834,Painted Cycle Lane,0,0,0.15806304,158.0630376,263.8441366
3835,Painted Cycle Lane,0,0,0.10999943,109.9994336,183.6043061
3836,Painted Cycle Lane,0,0,0.04587791,45.87790577,76.68162447
3837,Painted Cycle Lane,0,0,0.0858666,85.86660476,143.5891613
3838,Painted Cycle Lane,0,0,0.02175309,21.7530854,36.36236415
3839,Painted Cycle Lane,0,0,0.1910051,191.0051024,319.453908
3840,Painted Cycle Lane,0,0,0.08691085,86.91085336,145.3602701
3841,Painted Cycle Lane,0,0,0.03930693,39.30693321,65.66894277
3842,Painted Cycle Lane,0,0,0.04307738,43.07738403,71.98036946
3843,Shared Foot and Cycle Path Road Adjacent,0,0,0.02682533,26.82533196,44.83456239
3844,Shared Foot and Cycle Path Road Adjacent,1,0,0.02159642,21.59641798,36.13413776
3845,Shared Foot and Cycle Path Road Adjacent,1,0,0.02796721,27.96721148,46.7674532
3846,Shared Foot and Cycle Path Road Adjacent,1,0,0.01940118,19.40118323,32.38538048
3847,Shared Foot and Cycle Path Road Adjacent,1,0,0.03152374,31.52374322,52.67371023
3848,Shared Foot and Cycle Path Road Adjacent,1,0,0.01615532,16.15531595,27.03099659
3849,Shared Foot and Cycle Path Road Adjacent,1,0,0.03092375,30.92374633,51.62285873
3850,Shared Foot and Cycle Path Road Adjacent,1,0,0.01509252,15.09252491,25.21733098
3851,Shared Foot and Cycle Path Road Adjacent,1,0,0.01565387,15.65387384,26.16057771
3852,Shared Foot and Cycle Path Road Adjacent,0,0,0.15668625,156.6862486,262.0781591
3853,Shared Foot and Cycle Path Road Adjacent,0,0,0.06663908,66.63907647,111.4804806
3854,Shared Foot and Cycle Path Road Adjacent,0,0,0.01742276,17.42276086,29.13725275
3855,Shared Foot and Cycle Path Road Adjacent,0,0,0.01935333,19.35332793,32.32445884
3856,SegregatedCycleLane,0,0,0.23673447,236.7344677,396.3225948
3857,Painted Cycle Lane,0,0,0.35927574,359.275739,601.1935582
3858,Painted Cycle Lane,0,0,0.58950265,589.5026466,986.2848258
3859,Painted Cycle Lane,0,0,0.05480739,54.80739073,91.64313889
3860,Painted Cycle Lane,0,0,0.05769903,57.69903403,96.5549051
3861,Shared Foot and Cycle Path Road Adjacent,1,0,0.15781025,157.8102499,263.5557261
3862,Painted Cycle Lane,0,0,0.0257793,25.77930329,42.9645457
3863,Painted Cycle Lane,0,0,0.01691201,16.91201393,28.29621851
3864,Painted Cycle Lane,0,0,0.08299087,82.99086556,138.8520362
3865,Painted Cycle Lane,0,0,0.01735657,17.35657074,29.04047443
3866,Painted Cycle Lane,0,0,0.03291862,32.9186163,54.9907419
3867,Painted Cycle Lane,0,0,0.00040276,0.402763815,0.673798566
3868,Painted Cycle Lane,0,1,0.01892955,18.92954752,31.6222111
3869,Painted Cycle Lane,0,1,0.01867733,18.67733459,31.19922048
3870,Painted Cycle Lane,0,0,0.0189563,18.95629753,31.66669702
3871,Painted Cycle Lane,0,0,0.07013088,70.13087951,117.1269471
3872,Painted Cycle Lane,0,0,0.03717092,37.17092244,62.08274602
3873,Painted Cycle Lane,0,0,0.08100442,81.00442436,135.3207504
3874,Painted Cycle Lane,0,0,0.02880624,28.80624438,48.12189152
3875,Painted Cycle Lane,0,0,0.01684117,16.84117178,28.12827728
3876,Painted Cycle Lane,0,0,0.02352092,23.52091891,39.25976026
3877,Painted Cycle Lane,0,0,0.03769489,37.69489057,62.93835836
3878,Painted Cycle Lane,0,0,0.19445911,194.459107,325.146765
3879,Painted Cycle Lane,0,0,0.00541403,5.414028856,9.051892376
3880,Shared Foot and Cycle Path Road Adjacent,0,0,0.00950888,9.508879338,15.91088103
3881,Painted Cycle Lane,0,0,0.13395259,133.9525889,223.5586412
3882,Painted Cycle Lane,0,0,0.04650919,46.50918629,77.78509247
3883,Painted Cycle Lane,0,0,0.0153401,15.34009648,25.64819364
3884,Painted Cycle Lane,0,0,0.10554802,105.5480222,176.1262197
3885,Painted Cycle Lane,0,0,0.01931803,19.3180264,32.28489844
3886,Painted Cycle Lane,0,0,0.01510276,15.10276013,25.24014012
3887,Painted Cycle Lane,0,0,0.02706365,27.06365329,45.16810219
3888,Painted Cycle Lane,0,0,0.03016504,30.16503829,50.34640411
3889,Shared Foot and Cycle Path Road Adjacent,0,0,0.03051932,30.51931809,51.04279468
3890,Shared Foot and Cycle Path Road Adjacent,0,0,0.02815481,28.15480508,47.07169829
3891,Painted Cycle Lane,0,0,0.00583726,5.837264466,9.741442322
3892,Painted Cycle Lane,0,0,0.00612071,6.120710026,10.21373339
3893,Shared Foot and Cycle Path Road Adjacent,0,0,0.0144985,14.49850417,24.24137959
3894,Shared Foot and Cycle Path Road Adjacent,1,0,0.01651758,16.51758223,27.55986281
3895,Painted Cycle Lane,0,0,0.15730462,157.3046197,262.7449266
3896,Painted Cycle Lane,0,0,0.20771469,207.7146917,346.8651428
3897,Painted Cycle Lane,0,0,0.01928474,19.28474391,32.26250017
3898,Painted Cycle Lane,0,0,0.01289172,12.89172313,21.53687314
3899,Painted Cycle Lane,0,0,0.01071348,10.71347675,17.92571174
3900,Painted Cycle Lane,0,0,0.01728248,17.28248425,28.85630826
3901,Painted Cycle Lane,0,0,0.01282732,12.82731748,21.46224804
3902,Painted Cycle Lane,0,0,0.01288523,12.88523004,21.51110359
3903,Painted Cycle Lane,0,0,0.01580144,15.80143966,26.43739403
3904,Painted Cycle Lane,0,0,0.0454979,45.49790368,76.04472997
3905,Painted Cycle Lane,0,0,0.04813124,48.13124368,80.47586568
3906,Painted Cycle Lane,0,0,0.02027866,20.27865748,33.84895697
3907,Painted Cycle Lane,0,0,0.12373533,123.7353253,206.4966646
3908,Painted Cycle Lane,0,0,0.04243491,42.43490915,70.81667573
3909,Shared Foot and Cycle Path Road Adjacent,0,0,0.03943097,39.43097262,65.86484392
3910,Shared Foot and Cycle Path Road Adjacent,0,0,0.02071213,20.71213184,34.65617067
3911,Painted Cycle Lane,0,0,0.90095215,900.9521479,1505.12386
3912,Shared Foot and Cycle Path Road Adjacent,0,0,0.01627631,16.27631276,27.14363049
3913,Painted Cycle Lane,0,0,0.0134621,13.4621021,22.48309487
3914,Painted Cycle Lane,0,0,0.02295268,22.95267778,38.35502584
3915,Painted Cycle Lane,0,0,0.08852148,88.52148441,147.8345211
3916,Shared Foot and Cycle Path Road Adjacent,0,0,0.03153994,31.53994329,52.66234673
3917,Shared Foot and Cycle Path Road Adjacent,0,0,0.02384809,23.84809251,39.81761673
3918,Painted Cycle Lane,0,0,0.0166912,16.69119579,27.86705844
3919,Shared Foot and Cycle Path Road Adjacent,1,0,0.01377881,13.77880951,22.98723784
3920,Painted Cycle Lane,0,0,0.02472678,24.72678244,41.28513312
3921,Painted Cycle Lane,0,0,0.02883664,28.83663795,48.22184329
3922,Painted Cycle Lane,0,0,0.06605519,66.0551899,110.4026337
3923,Painted Cycle Lane,0,0,0.2585168,258.516804,431.6985292
3924,BusLane,0,0,0.07608397,76.08396996,127.0518876
3925,Shared Foot and Cycle Path Road Adjacent,0,0,0.33499974,334.9997375,560.4033964
3926,Painted Cycle Lane,0,0,0.57636747,576.3674713,964.2507984
3927,Painted Cycle Lane,0,0,0.44620881,446.2088102,746.5069907
3928,Painted Cycle Lane,0,0,0.20468472,204.6847194,342.4421814
3929,Shared Foot and Cycle Path Road Adjacent,0,0,0.04048943,40.48942917,67.73466312
3930,Painted Cycle Lane,0,0,0.28687582,286.8758245,478.6203751
3931,Painted Cycle Lane,0,0,0.15975821,159.7582077,266.5557307
3932,Painted Cycle Lane,0,0,0.30584742,305.8474198,510.4335761
3933,Painted Cycle Lane,0,0,0.17937576,179.3757553,299.2815683
3934,Painted Cycle Lane,0,0,0.15713285,157.1328479,262.1804931
3935,Shared Foot and Cycle Path Road Adjacent,0,0,0.08418427,84.1842741,140.4358029
3936,Painted Cycle Lane,0,0,0.18266108,182.6610795,304.7722291
3937,Shared Foot and Cycle Path Road Adjacent,0,0,0.09523451,95.23450673,159.0654391
3938,Painted Cycle Lane,0,0,0.51249589,512.4958902,856.9653616
3939,Painted Cycle Lane,0,0,0.51173706,511.7370644,855.6462136
3940,Shared Foot and Cycle Path Road Adjacent,0,0,0.01311861,13.11861239,21.90498303
3941,Painted Cycle Lane,0,0,0.42529116,425.2911448,709.9403152
3942,BusLane,0,0,0.69264633,692.6463341,1156.704917
3943,BusLane,0,0,0.25421686,254.2168571,424.7134442
3944,Painted Cycle Lane,0,0,0.38115481,381.154813,636.5362624
3945,Painted Cycle Lane,0,0,0.13382554,133.8255449,223.5177011
3946,Painted Cycle Lane,0,0,0.35039147,350.3914729,585.2818511
3947,Painted Cycle Lane,0,0,0.04550561,45.50561305,75.97126915
3948,Painted Cycle Lane,0,0,0.01553149,15.53148618,25.97762267
3949,Painted Cycle Lane,0,0,0.01077198,10.77197859,17.98477053
3950,Painted Cycle Lane,0,0,0.01662836,16.62835547,27.81151505
3951,Painted Cycle Lane,0,0,0.01044913,10.44912595,17.44834289
3952,BusLane,0,0,0.31081642,310.8164212,518.8648295
3953,Painted Cycle Lane,0,0,0.07776786,77.76786478,129.796339
3954,Painted Cycle Lane,0,0,0.0744365,74.43649605,124.2541582
3955,BusLane,0,0,0.32856699,328.5669906,548.8464685
3956,Painted Cycle Lane,0,0,0.02438545,24.38545392,40.74510842
3957,Painted Cycle Lane,0,0,0.08680962,86.80961995,145.0051784
3958,Painted Cycle Lane,0,0,0.02281482,22.81481958,38.14111517
3959,Painted Cycle Lane,0,0,0.08790908,87.90907785,146.9132596
3960,Painted Cycle Lane,0,0,0.00644924,6.449242626,10.78197046
3961,Painted Cycle Lane,0,0,0.01723213,17.23213094,28.80951679
3962,Painted Cycle Lane,0,0,0.02579689,25.79688951,43.12764544
3963,Painted Cycle Lane,0,0,0.09276577,92.76576826,155.0049036
3964,Painted Cycle Lane,0,0,0.05085874,50.85873626,84.99365264
3965,Painted Cycle Lane,0,0,0.024383,24.38300134,40.76460529
3966,Painted Cycle Lane,0,0,0.10715559,107.1555885,179.1677681
3967,Painted Cycle Lane,0,0,0.08304368,83.04367819,138.8770838
3968,Painted Cycle Lane,0,0,0.05906717,59.06716708,98.74985017
3969,Painted Cycle Lane,0,0,0.0133886,13.38860355,22.38129634
3970,Painted Cycle Lane,0,0,0.0280091,28.00910375,46.78961389
3971,SegregatedCycleLane,1,0,0.20825503,208.2550841,348.3100854
3972,Painted Cycle Lane,0,0,0.10161762,101.6176162,169.736551
3973,Painted Cycle Lane,0,0,0.38948601,389.4860097,650.3514945
3974,Painted Cycle Lane,0,0,0.5052863,505.2863041,843.6925107
3975,Painted Cycle Lane,0,0,0.17580218,175.8021794,293.634842
3976,Painted Cycle Lane,0,0,0.09485786,94.85786041,158.4589278
3977,Painted Cycle Lane,0,0,0.08523227,85.23226905,142.3873578
3978,Painted Cycle Lane,0,0,0.51758079,517.5807893,864.7076126
3979,Painted Cycle Lane,0,0,0.01568294,15.68294133,26.21861988
3980,Painted Cycle Lane,0,0,0.01186582,11.86582428,19.80389895
3981,Painted Cycle Lane,0,0,0.12370646,123.7064614,206.8332221
3982,Painted Cycle Lane,0,0,0.46532142,465.3214179,777.2787285
3983,Painted Cycle Lane,0,0,0.05322583,53.22582745,89.0226951
3984,Painted Cycle Lane,0,0,0.08669683,86.6968326,144.9718446
3985,Painted Cycle Lane,0,0,1.1880122,1188.012203,1986.323749
3986,Painted Cycle Lane,0,0,0.13918477,139.1847665,232.81377
3987,Painted Cycle Lane,0,0,0.57232959,572.3295942,957.1366101
3988,Painted Cycle Lane,0,0,0.96636748,966.3674804,1614.768317
3989,Painted Cycle Lane,0,0,0.2973614,297.3614048,497.1283003
3990,Painted Cycle Lane,0,0,0.0099953,9.995297617,16.71730684
3991,Painted Cycle Lane,0,0,0.03209755,32.09755483,53.60901641
3992,Painted Cycle Lane,0,0,1.40199684,1401.996843,2344.604143
3993,Painted Cycle Lane,0,0,0.07531554,75.31554259,125.8387381
3994,Painted Cycle Lane,0,0,0.01991858,19.91857823,33.27185723
3995,Painted Cycle Lane,0,0,0.03132154,31.3215443,52.38264026
3996,Painted Cycle Lane,0,0,0.0123579,12.3578954,20.64273566
3997,Shared Foot and Cycle Path Road Adjacent,1,0,0.01873508,18.73508296,31.34109049
3998,Painted Cycle Lane,0,0,0.01632239,16.32238908,27.28727088
3999,Shared Foot and Cycle Path Road Adjacent,1,0,0.01888358,18.88358323,31.59193405
4000,Painted Cycle Lane,0,0,0.18823719,188.2371564,314.2412982
4001,Painted Cycle Lane,0,0,0.01957392,19.57392257,32.67506086
4002,Painted Cycle Lane,0,0,0.01844875,18.44875337,30.86073524
4003,Painted Cycle Lane,0,0,0.01848684,18.48683529,30.85948661
4004,Painted Cycle Lane,0,0,0.01794078,17.94078167,30.00802928
4005,Painted Cycle Lane,0,0,0.15168483,151.6848307,253.7203478
4006,Painted Cycle Lane,0,0,0.64073041,640.7304056,1070.334262
4007,Painted Cycle Lane,0,0,0.01354825,13.54824854,22.6609967
4008,Painted Cycle Lane,0,0,0.01301212,13.01211956,21.76378548
4009,Painted Cycle Lane,0,0,0.56573281,565.7328076,945.9164026
4010,Painted Cycle Lane,0,0,0.17928091,179.2809113,299.8621188
4011,Painted Cycle Lane,0,0,0.21966493,219.6649263,367.362484
4012,Painted Cycle Lane,0,0,0.03031402,30.31401851,50.6630678
4013,Shared Foot and Cycle Path Road Adjacent,1,0,0.00615288,6.152877572,10.28718765
4014,Shared Foot and Cycle Path Road Adjacent,0,0,0.18514462,185.1445683,309.0532508
4015,Painted Cycle Lane,0,0,1.1764551,1176.455098,1963.861679
4016,Shared Foot and Cycle Path Road Adjacent,1,0,0.0094408,9.440804048,15.79670286
4017,Painted Cycle Lane,0,0,0.25106327,251.0632725,419.9518103
4018,Painted Cycle Lane,0,0,0.54081789,540.8178859,904.3297264
4019,Painted Cycle Lane,0,0,0.00933251,9.332511262,15.59177788
4020,Painted Cycle Lane,0,0,0.03884573,38.84573178,64.86800132
4021,Painted Cycle Lane,0,0,0.01761526,17.61525715,29.41757727
4022,Painted Cycle Lane,0,0,0.01545247,15.45247055,25.83822666
4023,Painted Cycle Lane,0,0,0.05339494,53.39494034,89.15970637
4024,Painted Cycle Lane,0,0,0.04050843,40.50843111,67.66859874
4025,Painted Cycle Lane,0,0,0.02159841,21.59841242,36.05618635
4026,Painted Cycle Lane,0,0,0.01850213,18.50213474,30.94003373
4027,Painted Cycle Lane,0,0,0.65105743,651.0574256,1087.502852
4028,Painted Cycle Lane,0,0,0.12675562,126.7556177,212.0032026
4029,Painted Cycle Lane,0,0,0.05752548,57.52547523,96.10853527
4030,Painted Cycle Lane,0,0,0.06661418,66.61418066,111.3313901
4031,Painted Cycle Lane,0,0,0.05577489,55.77488606,93.21920347
4032,Painted Cycle Lane,0,0,0.01355443,13.5544275,22.66015301
4033,Painted Cycle Lane,0,0,0.0134332,13.43319525,22.44743466
4034,Painted Cycle Lane,0,0,0.0157325,15.73250011,26.27129751
4035,Painted Cycle Lane,0,0,0.01378488,13.78487682,23.04389617
4036,Painted Cycle Lane,0,0,0.01329268,13.29267824,22.19650631
4037,Painted Cycle Lane,0,0,0.03092107,30.92106579,51.67391837
4038,Shared Foot and Cycle Path Road Adjacent,0,0,0.02642121,26.42120729,44.1244679
4039,Painted Cycle Lane,0,0,0.01162666,11.62666074,19.43260722
4040,Shared Foot and Cycle Path Road Adjacent,0,0,0.01232648,12.32648358,20.59023556
4041,Painted Cycle Lane,0,0,0.04652109,46.52109103,77.82433955
4042,Painted Cycle Lane,0,0,0.19531292,195.3129175,326.0215538
4043,Painted Cycle Lane,0,0,0.02515728,25.15727977,42.03355982
4044,Shared Foot and Cycle Path Road Adjacent,1,0,0.02068827,20.68826888,34.53508039
4045,Painted Cycle Lane,0,0,0.01034754,10.34754308,17.28242645
4046,Painted Cycle Lane,0,0,0.17489174,174.8917379,292.4444047
4047,Painted Cycle Lane,0,0,0.01264379,12.64379253,21.13105218
4048,Painted Cycle Lane,0,0,0.0088587,8.858700722,14.80488354
4049,Painted Cycle Lane,0,0,0.00928382,9.283823541,15.52171916
4050,Painted Cycle Lane,0,0,0.19421355,194.2135491,324.7651798
4051,Painted Cycle Lane,0,0,0.01111054,11.1105367,18.56671061
4052,Shared Foot and Cycle Path Road Adjacent,0,0,0.01082431,10.82430773,18.06375976
4053,Painted Cycle Lane,0,0,0.02648197,26.48196651,44.28656637
4054,Painted Cycle Lane,0,0,0.01376822,13.76821541,23.02902609
4055,Shared Foot and Cycle Path Road Adjacent,0,0,0.01674824,16.74823663,27.96400897
4056,Shared Foot and Cycle Path Road Adjacent,0,0,0.06190501,61.90500631,103.4425854
4057,Painted Cycle Lane,0,0,0.07865333,78.65332668,131.3764902
4058,Painted Cycle Lane,0,0,0.0812418,81.24179777,135.939144
4059,Painted Cycle Lane,0,0,0.12959085,129.5908522,216.393589
4060,Painted Cycle Lane,0,0,0.01152399,11.52399116,19.24515663
4061,Painted Cycle Lane,0,0,0.02280263,22.80262678,38.07702557
4062,TrafficFree,1,0,0.27111254,271.1125447,453.5344154
4063,TrafficFree,1,0,0.06849079,68.49078849,114.3606444
4064,TrafficFree,1,0,0.07896275,78.96274732,131.8486387
4065,TrafficFree,1,0,0.12882713,128.8271343,215.1392059
4066,SignedRoute,1,0,0.26259733,262.5973281,438.6829948
4067,Shared Foot and Cycle Path Road Adjacent,1,0,0.06028864,60.28863587,100.7726129
4068,SegregatedCycleLane,1,0,0.20322941,203.2294074,339.0267659
4069,SegregatedCycleLane,1,0,0.03475698,34.75698347,58.06459476
4070,Painted Cycle Lane,0,0,0.02227931,22.27931048,37.16587228
4071,SegregatedCycleLane,1,0,0.14526416,145.2641595,242.3914909
4072,Shared Foot and Cycle Path Road Adjacent,1,0,0.78073302,780.733021,1302.987621
4073,SegregatedCycleLane,0,0,0.04151888,41.51887808,69.23540564
4074,SegregatedCycleLane,0,1,0.02751888,27.51888486,45.88970201
4075,Painted Cycle Lane,0,0,0.0831523,83.15230285,138.7103419
4076,Painted Cycle Lane,0,0,0.06422922,64.22922159,107.1400108
4077,SegregatedCycleLane,0,0,0.08425241,84.25241156,140.5719685
4078,Painted Cycle Lane,0,0,0.03474227,34.74226979,57.9645525
4079,SegregatedCycleLane,0,0,0.05573107,55.73107329,92.98702653
4080,Shared Foot and Cycle Path Road Adjacent,1,0,0.03611703,36.11702762,60.33410867
4081,Shared Foot and Cycle Path Road Adjacent,1,0,0.08485006,84.85006285,141.6286816
4082,Painted Cycle Lane,0,0,0.07001198,70.01198361,116.9477162
4083,Painted Cycle Lane,0,0,0.05955527,59.55526807,99.48931411
4084,Painted Cycle Lane,0,0,0.08672451,86.72450808,144.8753312
4085,Painted Cycle Lane,0,0,0.07594166,75.9416598,126.8510187
4086,Shared Foot and Cycle Path Road Adjacent,1,0,0.0439825,43.98249892,73.45524928
4087,Painted Cycle Lane,0,0,0.09532828,95.32828097,159.2393119
4088,Painted Cycle Lane,0,0,0.09650813,96.50813002,161.1908396
4089,Painted Cycle Lane,0,0,0.07091447,70.91446779,118.3630081
4090,SegregatedCycleLane,0,0,0.09571466,95.7146617,159.8003156
4091,Painted Cycle Lane,0,0,0.03574645,35.74644571,59.68318022
4092,SegregatedCycleLane,0,0,0.06361735,63.617355,106.2108084
4093,SegregatedCycleLane,0,0,0.05219446,52.19445811,87.08101553
4094,Painted Cycle Lane,0,0,0.07777918,77.77918165,129.7918209
4095,Painted Cycle Lane,0,0,0.08311259,83.1125938,138.7630542
4096,SegregatedCycleLane,0,0,0.04400854,44.0085445,73.4946294
4097,Painted Cycle Lane,0,0,0.02318891,23.18890754,38.7232445
4098,Painted Cycle Lane,0,0,0.15901615,159.0161495,265.5217358
4099,Painted Cycle Lane,0,0,0.11716593,117.165927,195.5355071
4100,Painted Cycle Lane,0,0,0.02564615,25.64614845,42.8063614
4101,Painted Cycle Lane,0,0,0.04811002,48.11001532,80.32385517
4102,Painted Cycle Lane,0,0,0.00058171,0.581709523,0.971037118
4103,SegregatedCycleLane,0,0,0.20587917,205.8791728,343.7048268
4104,Painted Cycle Lane,0,0,0.03561016,35.61016453,59.44659792
4105,Painted Cycle Lane,0,0,0.01614273,16.14272951,26.94642476
4106,SegregatedCycleLane,0,0,0.20671606,206.7160605,345.0711123
4107,SegregatedCycleLane,0,0,0.21025585,210.2558519,350.9473229
4108,Painted Cycle Lane,0,0,0.05906795,59.06795235,98.59071531
4109,Painted Cycle Lane,0,0,0.05720076,57.20076368,95.47810363
4110,SegregatedCycleLane,0,0,0.16889588,168.8958773,281.8909873
4111,SegregatedCycleLane,0,0,0.21423156,214.231555,357.5559287
4112,SegregatedCycleLane,0,0,0.10926368,109.2636809,182.3494173
4113,SegregatedCycleLane,0,0,0.15047755,150.4775514,251.1328406
4114,SegregatedCycleLane,0,0,0.10942216,109.422162,182.6138599
4115,SegregatedCycleLane,0,0,0.11311074,113.1107387,188.7681387
4116,SegregatedCycleLane,0,0,0.10139761,101.3976099,169.4108849
4117,SegregatedCycleLane,0,0,0.00209822,2.098217369,3.501422483
4118,SegregatedCycleLane,0,0,0.07728,77.28000193,129.1102596
4119,SegregatedCycleLane,1,0,0.05527134,55.27133944,92.36205913
4120,TrafficFree,1,0,0.27261584,272.6158413,455.5556319
4121,Footway level Cycle Track,0,0,0.04077808,40.77808477,68.14785281
4122,SegregatedCycleLane,0,0,0.78211634,782.1163389,1307.22453
4123,SignedRoute,1,0,1.08343668,1083.43668,1810.961895
4124,SignedRoute,0,0,0.04419983,44.19982538,73.88043596
4125,SignedRoute,1,0,0.36556213,365.562131,611.0139481
4126,TrafficFree,0,0,1.30148672,1301.486725,2172.81434
4127,TrafficFree,1,0,0.16471188,164.7118805,275.3591381
4128,TrafficFree,1,0,0.57679397,576.7939669,962.9437755
4129,SignedRoute,1,0,0.69860585,698.6058518,1166.484973
4130,Painted Cycle Lane,0,0,0.02377582,23.77582492,39.71490936
4131,SegregatedCycleLane,1,1,0.87294642,872.9464217,1460.200203
4132,SignedRoute,0,0,0.44668273,446.6827254,746.4911349
4133,Painted Cycle Lane,0,0,0.23522679,235.2267922,393.4643577
4134,SignedRoute,1,0,0.89822351,898.2235131,1500.401124
4135,Painted Cycle Lane,0,0,0.05051188,50.51187732,84.50284401
4136,TrafficFree,1,0,0.05064855,50.64855187,84.69992039
4137,SignedRoute,1,0,0.49589853,495.8985343,828.2516719
4138,SignedRoute,1,0,0.56859126,568.591263,949.4887269
4139,SignedRoute,1,0,0.24157523,241.5752279,403.5303273
4140,Painted Cycle Lane,0,0,0.17548852,175.4885194,293.5323594
4141,SegregatedCycleLane,0,0,1.28641548,1286.415481,2147.023361
4142,SegregatedCycleLane,0,0,1.31191328,1311.913282,2189.577848
4143,Footway level Cycle Track,0,0,0.0156656,15.66559677,26.16537325
4144,SegregatedCycleLane,0,0,0.12895448,128.9544755,215.2637373
4145,SegregatedCycleLane,0,0,0.02387138,23.87138469,39.85972979
4146,SegregatedCycleLane,0,0,0.12842192,128.4219222,214.3662588
4147,SegregatedCycleLane,0,0,0.0045152,4.51520421,7.539367136
4148,SegregatedCycleLane,0,0,0.01059791,10.59791337,17.72189341
4149,Footway level Cycle Track,0,0,0.16767581,167.6758136,279.8472257
4150,Footway level Cycle Track,0,0,0.17561753,175.6175291,293.0988362
4151,Footway level Cycle Track,0,0,0.34055977,340.5597733,568.9696252
4152,SignedRoute,0,0,0.51103541,511.0354083,854.0207161
4153,SegregatedCycleLane,0,0,0.02127595,21.27595019,35.58672568
4154,TrafficFree,0,0,0.28256301,282.563007,472.9325029
4155,SegregatedCycleLane,0,0,0.00571668,5.716677556,9.555649191
4156,SignedRoute,1,0,0.76268155,762.6815165,1275.007864
4157,SignedRoute,1,0,1.16410854,1164.108538,1946.830517
4158,SignedRoute,1,0,0.21849202,218.4920205,364.8946854
4159,SegregatedCycleLane,0,0,0.04943257,49.43256309,82.54759814
4160,SegregatedCycleLane,1,0,0.64637588,646.3758577,1079.492159
4161,SignedRoute,0,0,0.53706342,537.0634416,896.7017593
4162,SegregatedCycleLane,0,0,0.02644797,26.44795136,44.18049626
4163,Footway level Cycle Track,0,0,0.01852832,18.52837047,30.93337048
4164,Painted Cycle Lane,0,0,0.00623112,6.23116863,10.42931543
4165,Painted Cycle Lane,0,0,0.02888216,28.88209664,48.24006806
4166,Shared Foot and Cycle Path Road Adjacent,0,0,0.11301409,113.0140981,188.7047263
4167,BusLane,0,0,0.10584668,105.8466907,176.824656
4168,Painted Cycle Lane,0,0,0.00360638,3.606423027,6.017912209
4169,Shared Foot and Cycle Path Road Adjacent,0,0,0.00747586,7.475844701,12.4857022
4170,TrafficFree,1,0,0.0859755,85.97549776,143.6470646
4171,TrafficFree,0,0,0.33400409,334.0040961,558.0726679
4172,Painted Cycle Lane,0,0,0.11801203,118.0120257,197.1729098
4173,SegregatedCycleLane,0,0,0.13753178,137.5318198,229.8584023
4174,SegregatedCycleLane,0,0,0.06914648,69.14645004,115.5623251
4175,Painted Cycle Lane,0,0,0.08310481,83.10487676,138.8885415
4176,Painted Cycle Lane,0,0,0.02626166,26.26164148,43.86210339
4177,SegregatedCycleLane,0,0,0.05924003,59.24000147,98.97863818
4178,Shared Foot and Cycle Path Road Adjacent,0,0,0.06401357,64.01356986,107.0080176
4179,Shared Foot and Cycle Path Road Adjacent,0,0,0.08200665,82.00664893,137.1058179
4180,SegregatedCycleLane,0,0,0.16337927,163.379245,273.2746367
4181,Painted Cycle Lane,0,0,0.100198,100.1980007,167.6649502
4182,Painted Cycle Lane,0,1,0.10891441,108.9144222,182.1092938
4183,SegregatedCycleLane,1,0,0.05557164,55.57162624,92.93976428
4184,SegregatedCycleLane,0,0,0.18812382,188.123767,314.4703521
4185,Painted Cycle Lane,1,0,0.01276852,12.76853607,21.35055357
4186,SignedRoute,1,0,0.03214461,32.14464201,53.74988156
4187,Painted Cycle Lane,1,0,0.03028881,30.2888456,50.65122782
4188,SegregatedCycleLane,0,0,0.15894862,158.9486669,265.4969912
4189,Painted Cycle Lane,0,0,0.01931701,19.31703849,32.33919045
4190,Painted Cycle Lane,0,0,0.01530286,15.30281861,25.61889304
4191,SegregatedCycleLane,0,0,0.39459676,394.5967055,658.3672645
4192,SegregatedCycleLane,1,0,0.39462381,394.6237561,658.5597143
4193,TrafficFree,1,0,0.17368084,173.6808359,289.7817115
4194,Painted Cycle Lane,0,0,0.54209535,542.0953763,904.4152221
4195,Painted Cycle Lane,0,0,0.67883758,678.8375295,1132.758457
4196,Painted Cycle Lane,0,0,0.13767222,137.6722488,229.8770836
4197,SegregatedCycleLane,0,0,0.9211864,921.1863914,1538.764676
4198,SegregatedCycleLane,0,0,0.95533184,955.3318705,1595.745599
4199,SegregatedCycleLane,0,0,0.0685553,68.55527643,114.4326796
4200,SegregatedCycleLane,0,0,0.31501609,315.0160826,525.6126754
4201,SegregatedCycleLane,0,0,0.29131695,291.3169944,486.069577
4202,SignedRoute,1,0,0.40456154,404.5615472,676.0651845
4203,Painted Cycle Lane,0,0,0.31682695,316.8269405,529.2908112
4204,Painted Cycle Lane,0,0,0.32169927,321.6992986,537.4413963
4205,Footway level Cycle Track,0,0,0.00254354,2.543576632,4.252178102
4206,Footway level Cycle Track,0,0,0.20395965,203.9596538,340.5621506
4207,SignedRoute,0,0,0.0608845,60.88450008,101.7275374
4208,Footway level Cycle Track,0,0,0.00331284,3.31285789,5.528298243
4209,SegregatedCycleLane,0,0,0.39489849,394.8984925,659.4913268
4210,SegregatedCycleLane,0,0,0.38731667,387.3166207,646.80199
4211,SegregatedCycleLane,1,0,0.24613705,246.1370361,411.1323405
4212,Painted Cycle Lane,0,0,0.21999644,219.9964556,367.4146414
4213,Painted Cycle Lane,0,0,0.12705976,127.0597609,212.2877317
4214,Painted Cycle Lane,0,0,0.0311186,31.11860442,51.95705982
4215,Painted Cycle Lane,0,0,0.1052269,105.2268986,175.6680367
4216,Painted Cycle Lane,0,0,0.08565783,85.657915,143.0142424
4217,Shared Foot and Cycle Path Road Adjacent,0,0,0.182157,182.1570261,304.0659515
4218,TrafficFree,0,0,0.29873139,298.7313324,499.8661052
4219,TrafficFree,0,0,0.37765476,377.65485,631.4648685
4220,TrafficFree,0,0,0.14343882,143.43891,239.8496478
4221,TrafficFree,0,0,0.44776445,447.7644021,748.6767731
4222,TrafficFree,0,0,0.09526516,95.26511489,159.0472611
4223,Shared Foot and Cycle Path Road Adjacent,0,0,0.40718063,407.1805393,679.8208455
4224,TrafficFree,0,0,0.26497197,264.9719865,442.4217599
4225,TrafficFree,0,0,0.37996742,379.9674057,634.9316821
4226,TrafficFree,0,0,0.09190909,91.90913257,153.7415895
4227,SegregatedCycleLane,0,1,1.55594936,1555.949359,2607.917262
4228,SegregatedCycleLane,0,1,1.84853816,1848.538158,3097.534331
4229,SegregatedCycleLane,0,1,0.21981347,219.8134693,368.0361194
4230,SegregatedCycleLane,0,1,1.90759787,1907.597865,3198.879885
4231,SegregatedCycleLane,0,1,1.80538609,1805.386086,3027.544538
4232,TrafficFree,1,0,1.80427346,1804.273464,3026.094078
4233,Painted Cycle Lane,1,0,0.07291248,72.9124777,122.3012844
4234,Footway level Cycle Track,0,0,0.03721448,37.21447683,62.30856679
4235,Footway level Cycle Track,0,0,0.07347011,73.47011417,123.169678
4236,Footway level Cycle Track,0,0,0.22001556,220.0155615,368.283468
4237,Footway level Cycle Track,1,0,0.80006327,800.0632763,1341.291686
4238,Footway level Cycle Track,0,0,0.51124746,511.2474556,856.7758214
4239,Footway level Cycle Track,0,0,0.37348018,373.4801783,625.7232458
4240,Footway level Cycle Track,0,0,0.32084076,320.8407562,537.0581915
4241,Footway level Cycle Track,0,0,0.05140139,51.40139285,86.04078893
4242,Footway level Cycle Track,0,0,0.34629551,346.2954848,579.664788
4243,Footway level Cycle Track,0,0,0.29708364,297.0836395,497.2840718
4244,Footway level Cycle Track,0,0,0.04932662,49.32662027,82.5674576
4245,SegregatedCycleLane,0,0,0.36847172,368.4717233,618.1451155
4246,Footway level Cycle Track,0,0,0.47740095,477.4009482,799.7025806
4247,Footway level Cycle Track,0,0,0.12703036,127.0303565,213.1323772
4248,Footway level Cycle Track,0,0,0.048225,48.22500098,80.8705225
4249,Footway level Cycle Track,0,0,0.05931341,59.31341118,99.36554532
4250,Footway level Cycle Track,0,0,0.06155716,61.55716088,103.200177
4251,Footway level Cycle Track,0,0,0.08538912,85.38911604,143.2579571
4252,Footway level Cycle Track,0,0,0.02991037,29.91037491,50.18092328
4253,Footway level Cycle Track,0,0,0.0575975,57.5975037,96.44436961
4254,Footway level Cycle Track,0,0,0.04577827,45.77827212,76.67045091
4255,Footway level Cycle Track,0,0,0.03075941,30.75941379,51.52427406
4256,Footway level Cycle Track,0,0,0.0716575,71.65749898,120.0883438
4257,Footway level Cycle Track,0,0,0.17501386,175.0138554,293.3845723
4258,Footway level Cycle Track,0,0,0.03181882,31.81881558,53.34768596
4259,Footway level Cycle Track,0,0,0.07883368,78.83367522,132.1579482
4260,SegregatedCycleLane,0,0,0.11745507,117.4550696,196.8066018
4261,Footway level Cycle Track,0,0,0.07746475,77.46474958,129.9367752
4262,TrafficFree,1,0,0.02570992,25.70992026,43.02289462
4263,Footway level Cycle Track,0,0,0.2619976,261.9976045,439.421962
4264,Footway level Cycle Track,0,0,0.2711875,271.1874975,454.7427427
4265,Footway level Cycle Track,0,0,0.12878006,128.7800595,216.0096784
4266,Footway level Cycle Track,0,0,0.21900794,219.007937,367.2610062
4267,Footway level Cycle Track,0,0,0.43930751,439.3075051,736.8275387
4268,Footway level Cycle Track,0,0,0.09389639,93.89639087,157.4324203
4269,Footway level Cycle Track,0,0,0.12681289,126.8128864,212.69709
4270,Footway level Cycle Track,0,0,0.18990784,189.9078435,318.352127
4271,Footway level Cycle Track,0,0,0.73588596,735.8859568,1232.424275
4272,Footway level Cycle Track,0,0,0.09024145,90.24145366,151.2096697
4273,Footway level Cycle Track,0,0,0.15994663,159.9466258,268.0791318
4274,Footway level Cycle Track,0,0,0.06566691,65.66691137,109.9879476
4275,Footway level Cycle Track,0,0,0.11946592,119.4659166,199.9692985
4276,Footway level Cycle Track,0,0,0.04657366,46.57366267,78.02954566
4277,Footway level Cycle Track,0,0,0.04338237,43.38237351,72.74437284
4278,Footway level Cycle Track,0,0,0.08752221,87.52220856,146.8134721
4279,Footway level Cycle Track,0,0,0.14179893,141.7989303,237.846135
4280,Footway level Cycle Track,0,0,0.01559506,15.59505733,26.16592317
4281,Footway level Cycle Track,0,0,0.01655801,16.55801263,27.75984373
4282,Footway level Cycle Track,0,0,0.22251346,222.5134601,373.3109936
4283,Footway level Cycle Track,0,0,0.07843082,78.43082158,131.3532456
4284,Footway level Cycle Track,0,0,0.1109567,110.956699,185.9697225
4285,Footway level Cycle Track,0,0,0.08833296,88.33295573,148.0501878
4286,Footway level Cycle Track,0,0,0.10134198,101.3419787,170.0329761
4287,Footway level Cycle Track,0,0,0.09082317,90.82317246,152.1755358
4288,Footway level Cycle Track,0,0,0.04331633,43.31632627,72.59443964
4289,Footway level Cycle Track,0,0,0.11505295,115.0529487,193.0191972
4290,Footway level Cycle Track,0,0,0.09256505,92.56504665,155.1134699
4291,Footway level Cycle Track,0,0,0.09904706,99.0470649,165.8582018
4292,Footway level Cycle Track,0,0,0.4748153,474.8152997,795.1599579
4293,Footway level Cycle Track,0,0,0.10130539,101.305386,169.8785633
4294,Footway level Cycle Track,0,0,0.09752053,97.52052788,163.7452724
4295,Footway level Cycle Track,0,0,0.13109231,131.0923051,219.6712689
4296,Footway level Cycle Track,0,0,0.09947912,99.4791177,167.0337632
4297,Footway level Cycle Track,0,0,0.09623612,96.23611786,161.2407053
4298,Footway level Cycle Track,0,0,0.55576433,555.7643345,931.4313311
4299,Footway level Cycle Track,0,0,0.3213097,321.3097049,538.4335305
4300,TrafficFree,1,0,0.01578268,15.78267761,26.46689148
4301,TrafficFree,1,0,0.02075368,20.75368274,34.77684968
4302,Footway level Cycle Track,0,0,0.4332781,433.278102,727.9698373
4303,Footway level Cycle Track,0,0,1.27296647,1272.966472,2130.50544
4304,Footway level Cycle Track,0,0,0.23896441,238.9644133,400.144589
4305,Footway level Cycle Track,0,0,1.18149908,1181.499079,1981.587784
4306,Footway level Cycle Track,0,0,0.45137596,451.3759632,756.2947213
4307,Footway level Cycle Track,0,0,0.37651961,376.5196091,630.3684759
4308,TrafficFree,1,0,0.01484883,14.84882547,24.89511877
4309,Footway level Cycle Track,0,0,0.14070507,140.7050719,235.8282679
4310,SegregatedCycleLane,0,0,1.09523725,1095.237263,1833.111788
4311,SegregatedCycleLane,0,0,0.44186849,441.8684949,740.5093699
4312,Footway level Cycle Track,0,0,0.42649731,426.4973136,715.1810095
4313,TrafficFree,1,0,0.05210375,52.1037478,87.29829433
4314,Footway level Cycle Track,0,0,0.39957844,399.5784383,670.8693075
4315,Footway level Cycle Track,0,0,0.36403816,364.038165,609.1924008
4316,TrafficFree,1,0,0.08593958,85.93957641,143.8690109
4317,Footway level Cycle Track,0,0,0.90953988,909.5398779,1523.623654
4318,Footway level Cycle Track,0,0,2.11239864,2112.398644,3537.8628
4319,Footway level Cycle Track,0,0,0.78324561,783.2456137,1313.314381
4320,Footway level Cycle Track,0,0,0.1608361,160.8360966,269.2758363
4321,Footway level Cycle Track,0,0,0.68535501,685.3550112,1146.628986
4322,TrafficFree,1,0,0.01523155,15.23154621,25.49459108
4323,TrafficFree,1,0,0.00824621,8.246211251,13.82845704
4324,SegregatedCycleLane,0,0,0.26255018,262.5501824,439.5010778
4325,Footway level Cycle Track,0,0,0.79783173,797.8317279,1337.191865
4326,TrafficFree,1,0,0.01216553,12.16552506,20.40111249
4327,TrafficFree,1,0,0.01029563,10.29563014,17.23654702
4328,TrafficFree,1,0,0.03190611,31.90611227,53.415619
4329,SegregatedCycleLane,0,0,0.42766573,427.6657272,717.1865857
4330,TrafficFree,1,0,0.08947067,89.47066558,149.7520143
4331,TrafficFree,1,0,0.02059126,20.59126028,34.46883403
4332,Footway level Cycle Track,0,0,0.49052341,490.5234149,820.9942485
4333,TrafficFree,1,0,0.01063015,10.63014581,17.81059755
4334,Footway level Cycle Track,0,0,0.38094731,380.9473073,638.9211859
4335,Footway level Cycle Track,0,0,1.92374262,1923.74262,3219.513146
4336,Footway level Cycle Track,0,0,0.70317448,703.1744762,1178.137531
4337,Footway level Cycle Track,0,0,0.05997465,59.97464611,100.5991588
4338,Footway level Cycle Track,0,0,0.25895064,258.9506432,434.0480543
4339,Footway level Cycle Track,0,0,1.86933021,1869.330206,3134.088667
4340,SegregatedCycleLane,0,0,0.22403254,224.0325398,375.778171
4341,TrafficFree,1,0,0.0116619,11.66190379,19.52300582
4342,TrafficFree,1,0,0.02036405,20.36404899,34.09164583
4343,Footway level Cycle Track,0,0,0.07134054,71.34053764,119.6501091
4344,Footway level Cycle Track,0,0,0.03808603,38.08603358,63.94639924
4345,Footway level Cycle Track,0,0,0.06426172,64.26171925,107.7115795
4346,Footway level Cycle Track,0,0,0.01112096,11.12096226,18.6354137
4347,Footway level Cycle Track,0,0,0.14303727,143.037273,239.4197151
4348,Footway level Cycle Track,0,0,0.11239573,112.3957253,188.5955639
4349,Footway level Cycle Track,0,0,0.12857801,128.578005,215.5193448
4350,Footway level Cycle Track,0,0,0.13586051,135.8605077,227.9654114
4351,SegregatedCycleLane,0,0,0.0790896,79.08960233,132.7829257
4352,Footway level Cycle Track,0,0,0.09387464,93.87463881,157.6404384
4353,Footway level Cycle Track,0,0,0.08843436,88.43435917,148.4858603
4354,Footway level Cycle Track,0,0,0.11516134,115.1613433,193.1107376
4355,Footway level Cycle Track,0,0,0.14800666,148.0066636,247.9970002
4356,Footway level Cycle Track,0,0,0.16981597,169.8159663,284.8035589
4357,Footway level Cycle Track,0,0,0.0705552,70.55520091,118.2868056
4358,Footway level Cycle Track,0,0,0.11701348,117.0134804,196.4871398
4359,Footway level Cycle Track,0,0,0.10748064,107.4806387,180.1444415
4360,Footway level Cycle Track,0,0,0.09054417,90.5441654,152.0435645
4361,Footway level Cycle Track,0,0,0.1091766,109.1765989,183.1461928
4362,Footway level Cycle Track,0,0,0.06825492,68.25491802,114.3790443
4363,Footway level Cycle Track,0,0,0.01685366,16.85365779,28.2979051
4364,Footway level Cycle Track,0,0,0.00184641,1.846412629,3.100316361
4365,Footway level Cycle Track,0,0,0.08805461,88.05460586,147.6129796
4366,Footway level Cycle Track,0,0,0.06151442,61.5144173,103.3091324
4367,Footway level Cycle Track,0,0,0.10779443,107.7944291,180.670184
4368,Footway level Cycle Track,0,0,0.02410665,24.10665112,40.39377792
4369,Footway level Cycle Track,0,0,0.07564889,75.6488942,126.8211605
4370,Footway level Cycle Track,0,0,0.13540207,135.4020694,226.9500032
4371,Footway level Cycle Track,0,0,0.10512152,105.1215244,176.4122476
4372,Footway level Cycle Track,0,0,0.06410985,64.10985102,107.4268194
4373,Footway level Cycle Track,0,0,0.05109937,51.09937388,85.62045058
4374,TrafficFree,1,0,0.01824829,18.24828759,30.53241126
4375,Footway level Cycle Track,0,0,0.11451237,114.5123681,191.949883
4376,TrafficFree,1,0,0.38207774,382.077739,639.8163255
4377,TrafficFree,1,0,0.02844293,28.44292531,47.59321142
4378,TrafficFree,1,0,0.00273418,2.734179337,4.578542274
4379,TrafficFree,1,0,0.12383769,123.8376937,207.2103387
4380,TrafficFree,1,0,0.09327818,93.27818242,156.0808536
4381,TrafficFree,1,0,0.02758623,27.58622845,46.215298
4382,Footway level Cycle Track,0,0,0.10844581,108.4458074,181.7525616
4383,TrafficFree,1,0,0.0136412,13.64120157,22.85448512
4384,TrafficFree,1,0,0.0041061,4.1061,6.886295254
4385,TrafficFree,1,0,0.0222036,22.20360331,37.17717994
4386,TrafficFree,1,0,0.19124529,191.2452936,319.9496286
4387,TrafficFree,1,0,0.19846855,198.468545,332.1609049
4388,TrafficFree,1,0,2.79493712,2794.937071,4677.121108
4389,Footway level Cycle Track,0,0,0.77296196,772.9619616,1294.353123
4390,Footway level Cycle Track,0,0,0.08144467,81.44467285,136.4770565
4391,Footway level Cycle Track,0,0,0.0133914,13.39140183,22.45939627
4392,Footway level Cycle Track,0,0,0.08099859,80.99859273,135.6993788
4393,Footway level Cycle Track,0,0,0.0805438,80.54379578,135.0612748
4394,Footway level Cycle Track,0,0,0.29868962,298.6896244,499.9758693
4395,Footway level Cycle Track,0,0,0.1733409,173.3409047,290.6357192
4396,Footway level Cycle Track,0,0,0.07550489,75.50489098,126.5112594
4397,Footway level Cycle Track,0,0,0.02628817,26.28817247,44.05383543
4398,Footway level Cycle Track,0,0,0.02145072,21.45071539,35.96423073
4399,Footway level Cycle Track,0,0,0.04316592,43.16591969,72.31937725
4400,Footway level Cycle Track,0,0,0.09051278,90.51278225,151.501761
4401,SegregatedCycleLane,0,0,0.37422669,374.2266877,627.5727126
4402,Footway level Cycle Track,0,0,0.13848599,138.485989,232.0437621
4403,SegregatedCycleLane,0,0,0.08173115,81.73115171,137.2168896
4404,Footway level Cycle Track,0,0,0.07026502,70.26502284,117.6139572
4405,Footway level Cycle Track,0,0,0.05063514,50.63513709,84.95268586
4406,SegregatedCycleLane,0,0,0.06077229,60.77229439,101.9144278
4407,TrafficFree,1,0,0.00940312,9.403124237,15.76075966
4408,Footway level Cycle Track,0,0,0.03649205,36.49205314,61.10688995
4409,Footway level Cycle Track,0,0,0.14024377,140.2437739,235.0237599
4410,Footway level Cycle Track,0,0,0.12009683,120.0968279,201.2718622
4411,Footway level Cycle Track,0,0,0.11594888,115.9488794,194.2188364
4412,Footway level Cycle Track,0,0,0.0537959,53.79590384,90.15422809
4413,Footway level Cycle Track,0,0,0.15868181,158.6818093,265.913582
4414,Footway level Cycle Track,0,0,0.0611981,61.19810239,102.5311881
4415,SegregatedCycleLane,0,0,0.0907226,90.72259508,151.9585011
4416,Footway level Cycle Track,0,0,0.00007514,0.075140007,0.125891766
4417,Footway level Cycle Track,0,0,0.24523762,245.2376248,411.9632451
4418,Footway level Cycle Track,0,0,0.01985204,19.85204112,33.31206585
4419,Footway level Cycle Track,0,0,0.12486476,124.8647591,209.7935086
4420,Footway level Cycle Track,0,0,0.06008904,60.08904415,100.673104
4421,Footway level Cycle Track,0,0,0.02419642,24.19641638,40.54351026
4422,Footway level Cycle Track,0,0,0.1282269,128.2268966,214.9380034
4423,Footway level Cycle Track,0,0,0.29618974,296.1897397,496.254213
4424,Footway level Cycle Track,0,0,0.0410334,41.03339827,68.75582491
4425,Footway level Cycle Track,0,0,0.06272507,62.72507398,105.0931549
4426,Footway level Cycle Track,0,0,0.06593607,65.93606957,110.6203759
4427,Footway level Cycle Track,0,0,0.10947975,109.4797488,183.7679659
4428,TrafficFree,1,0,0.00707107,7.071067812,11.84555442
4429,TrafficFree,1,0,0.07164635,71.64635393,119.8950674
4430,TrafficFree,1,0,0.00651676,6.516759416,10.92849817
4431,TrafficFree,1,0,0.03605551,36.05551275,60.34366506
4432,Footway level Cycle Track,0,0,1.21508338,1215.08338,2035.032297
4433,Footway level Cycle Track,0,0,0.24887852,248.8785196,417.3258907
4434,Footway level Cycle Track,0,0,0.33677616,336.7761624,564.7809667
4435,TrafficFree,1,0,0.03689173,36.89173349,61.83200901
4436,Footway level Cycle Track,0,0,0.31999303,319.9930271,536.6090811
4437,TrafficFree,1,0,0.02054476,20.54476379,34.44307324
4438,TrafficFree,1,0,0.01,10,16.75563016
4439,SegregatedCycleLane,0,0,0.33906683,339.066834,567.3192322
4440,Footway level Cycle Track,0,0,0.55300919,553.0091947,927.3214276
4441,TrafficFree,1,0,0.02302173,23.02172887,38.60964159
4442,Footway level Cycle Track,0,0,0.58536585,585.3658475,980.0629245
4443,Footway level Cycle Track,0,0,0.25027368,250.2736814,418.8340436
4444,Footway level Cycle Track,0,0,0.13269822,132.6982206,222.4503622
4445,TrafficFree,1,0,0.03590265,35.90264614,60.07841825
4446,Footway level Cycle Track,0,0,0.15491966,154.9196611,259.7662637
4447,TrafficFree,1,0,0.09485497,94.85497375,158.7499404
4448,TrafficFree,1,0,0.37132629,371.326286,622.7093663
4449,Footway level Cycle Track,0,0,0.06435512,64.35512076,107.9027538
4450,TrafficFree,1,0,0.00345442,3.454415796,5.792640442
4451,Footway level Cycle Track,0,0,0.22784123,227.8412298,381.8104669
4452,Footway level Cycle Track,0,0,0.12973501,129.7350118,217.4087896
4453,TrafficFree,1,0,0.01118034,11.18033989,18.70685032
4454,Footway level Cycle Track,0,0,0.09006846,90.06846461,151.0266831
4455,Footway level Cycle Track,0,0,0.11613981,116.1398064,194.4010484
4456,Footway level Cycle Track,0,0,0.17214393,172.1439273,288.1734942
4457,Footway level Cycle Track,0,0,0.14778803,147.7880311,247.7209964
4458,Footway level Cycle Track,0,0,0.31946681,319.4668127,535.6733936
4459,Footway level Cycle Track,0,0,0.10245925,102.4592527,171.831877
4460,Footway level Cycle Track,0,0,0.02460818,24.60818269,41.25812491
4461,Footway level Cycle Track,0,0,0.04617761,46.17760579,77.40320294
4462,Footway level Cycle Track,0,0,0.1597667,159.7666998,267.5029914
4463,Footway level Cycle Track,0,0,0.11235415,112.3541545,188.4749322
4464,SegregatedCycleLane,0,0,0.06251338,62.51337598,104.7070155
4465,Footway level Cycle Track,0,0,0.26203541,262.0354132,440.1849397
4466,SegregatedCycleLane,0,0,0.1707843,170.7843004,285.8988661
4467,SegregatedCycleLane,0,0,0.14652237,146.5223738,245.2853443
4468,SegregatedCycleLane,0,0,0.28526068,285.2606839,477.5542504
4469,SegregatedCycleLane,0,0,0.26014434,260.1443411,435.5146223
4470,SegregatedCycleLane,0,1,0.54974524,549.7452374,920.0045152
4471,SegregatedCycleLane,0,1,0.54302139,543.021389,908.7515117
4472,SegregatedCycleLane,0,0,0.28716255,287.1625459,481.7968406
4473,Footway level Cycle Track,0,0,0.46334639,463.3463906,775.8990614
4474,SegregatedCycleLane,0,0,0.42857439,428.574386,718.7112432
4475,SegregatedCycleLane,0,0,0.38087832,380.878317,638.6712168
4476,SegregatedCycleLane,0,0,0.02391238,23.91238079,40.01800886
4477,Footway level Cycle Track,0,0,0.05121497,51.21497221,85.85079985
4478,Footway level Cycle Track,0,0,1.23358692,1233.586918,2064.727695
4479,Footway level Cycle Track,0,0,0.40166223,401.6622297,671.8737737
4480,Footway level Cycle Track,0,0,0.0325859,32.58590377,54.59605046
4481,Footway level Cycle Track,0,0,0.40474609,404.7460879,677.022436
4482,Footway level Cycle Track,0,0,0.14319984,143.1998389,239.6783256
4483,Footway level Cycle Track,0,0,0.22322976,223.2297589,373.842713
4484,Footway level Cycle Track,0,0,0.4047707,404.7706957,677.3262012
4485,Footway level Cycle Track,0,0,0.78613271,786.1327147,1317.631941
4486,Footway level Cycle Track,0,0,0.24909968,249.0996829,417.7039329
4487,Footway level Cycle Track,0,0,0.54737414,547.374144,917.8647103
4488,Footway level Cycle Track,0,0,0.02796616,27.96616246,46.89092252
4489,Footway level Cycle Track,0,0,0.15029361,150.2936114,251.7433674
4490,Footway level Cycle Track,0,0,1.1595656,1159.565602,1940.677763
4491,Footway level Cycle Track,0,0,0.49343177,493.4317716,825.9441626
4492,Footway level Cycle Track,0,0,0.72204985,722.0498515,1208.128111
4493,Footway level Cycle Track,0,0,0.67289128,672.8912805,1127.654906
4494,Footway level Cycle Track,0,0,0.14777373,147.7737255,247.607631
4495,Footway level Cycle Track,0,0,0.06231012,62.31011652,104.4512799
4496,Footway level Cycle Track,1,0,0.02139804,21.39804413,35.82521699
4497,Footway level Cycle Track,0,0,0.14854172,148.5417177,248.9223039
4498,Footway level Cycle Track,0,0,0.76413914,764.1391391,1281.456117
4499,Footway level Cycle Track,0,0,1.21793293,1217.932933,2039.845256
4500,Footway level Cycle Track,0,0,1.14249988,1142.49988,1916.21848
4501,Footway level Cycle Track,0,0,0.37626219,376.2621931,630.603907
4502,Footway level Cycle Track,0,0,0.71549315,715.4931522,1199.753403
4503,Footway level Cycle Track,0,0,0.05042234,50.42234201,84.55859109
4504,Footway level Cycle Track,0,0,0.73818827,738.188275,1237.63956
4505,Footway level Cycle Track,0,0,0.06387665,63.87664888,107.0639234
4506,Footway level Cycle Track,0,0,0.23654486,236.5448648,396.9181135
4507,Footway level Cycle Track,0,0,0.00873079,8.730793559,14.64553915
4508,Footway level Cycle Track,0,0,0.01130381,11.30380876,18.95035363
4509,Footway level Cycle Track,0,0,0.0743268,74.32679991,124.5819519
4510,Footway level Cycle Track,0,0,0.01887566,18.87566279,31.67213809
4511,Footway level Cycle Track,0,0,0.29042905,290.4290535,487.0728045
4512,Footway level Cycle Track,0,0,0.39729019,397.290185,665.9878812
4513,Footway level Cycle Track,0,0,0.43019548,430.1954776,720.2597882
4514,Footway level Cycle Track,0,0,0.16857947,168.5794738,282.7673333
4515,Footway level Cycle Track,0,0,0.02758768,27.5876807,46.17390069
4516,Footway level Cycle Track,0,0,0.29032603,290.326067,486.0109447
4517,Footway level Cycle Track,0,0,0.19814907,198.1490775,331.7165008
4518,Footway level Cycle Track,0,0,2.09523235,2095.232352,3508.825739
4519,Footway level Cycle Track,0,0,1.88494349,1884.943491,3160.131253
4520,Footway level Cycle Track,0,0,0.93081563,930.8156268,1559.285321
4521,Footway level Cycle Track,0,0,0.65413209,654.1320919,1095.795529
4522,Footway level Cycle Track,0,0,0.40773613,407.7361345,684.5652447
4523,Footway level Cycle Track,0,0,0.47459905,474.5990505,795.814817
4524,Footway level Cycle Track,0,0,0.46564818,465.6481824,782.4049965
4525,Footway level Cycle Track,0,0,0.3228785,322.8785037,541.4554148
4526,Footway level Cycle Track,0,0,0.15670054,156.7005441,262.8776943
4527,Footway level Cycle Track,0,0,0.33790418,337.9041832,566.6929726
4528,Footway level Cycle Track,0,0,0.74196024,741.9602437,1241.676635
4529,Footway level Cycle Track,0,0,0.02830903,28.30902657,47.37733156
4530,SegregatedCycleLane,0,1,0.2751336,275.1335963,460.424149
4531,SegregatedCycleLane,0,1,0.02533224,25.33223554,42.39072482
4532,Footway level Cycle Track,0,0,0.25135011,251.350114,420.6434039
4533,Footway level Cycle Track,0,0,0.43549459,435.4945876,729.7927576
4534,Footway level Cycle Track,0,0,0.29381927,293.8192724,492.915101
4535,SegregatedCycleLane,0,0,0.18284426,182.8442629,306.5153987
4536,Footway level Cycle Track,0,0,0.77555324,775.5532363,1299.535915
4537,Footway level Cycle Track,1,0,0.50260407,502.604073,841.4547156
4538,SegregatedCycleLane,1,0,0.02424321,24.24320844,40.59971967
4539,SegregatedCycleLane,1,0,0.0218101,21.81009985,36.51437647
4540,SegregatedCycleLane,0,0,1.09507788,1095.07785,1832.850341
4541,Footway level Cycle Track,0,0,0.0245228,24.52279564,41.15431913
4542,Shared Foot and Cycle Path Road Adjacent,0,0,0.7711139,771.1138997,1291.160027
4543,Shared Foot and Cycle Path Road Adjacent,0,0,0.52731411,527.3141099,882.9487159
4544,Shared Foot and Cycle Path Road Adjacent,0,0,0.08201502,82.0150167,137.671341
4545,Painted Cycle Lane,0,0,0.10003403,100.0340251,167.6606642
4546,Painted Cycle Lane,0,0,0.12151601,121.5160084,203.6536884
4547,Shared Foot and Cycle Path Road Adjacent,0,0,0.09870254,98.70254482,165.6499177
4548,BusLane,0,0,0.85736388,857.3638791,1435.765795
4549,Shared Foot and Cycle Path Road Adjacent,0,0,0.1223869,122.3869022,205.1836924
4550,Shared Foot and Cycle Path Road Adjacent,0,0,0.0265385,26.5385033,44.41196344
4551,Shared Foot and Cycle Path Road Adjacent,0,0,0.02427753,24.27753477,40.73725883
4552,Painted Cycle Lane,0,0,0.07565631,75.6563052,126.5921648
4553,Shared Foot and Cycle Path Road Adjacent,0,0,0.07724621,77.24620656,129.6050384
4554,Shared Foot and Cycle Path Road Adjacent,0,0,0.11182253,111.8225319,187.6028766
4555,BusLane,0,0,0.44890652,448.9065227,751.5602337
4556,Shared Foot and Cycle Path Road Adjacent,0,0,0.12353715,123.5371468,207.2660509
4557,Shared Foot and Cycle Path Road Adjacent,0,0,0.07725183,77.25182938,129.5993999
4558,Shared Foot and Cycle Path Road Adjacent,0,0,0.08315715,83.15715222,139.5199073
4559,Shared Foot and Cycle Path Road Adjacent,0,0,0.09219532,92.19532065,154.6405129
4560,Shared Foot and Cycle Path Road Adjacent,0,0,0.12360211,123.6021104,207.3798986
4561,BusLane,0,0,0.11432152,114.3215173,191.3478788
4562,Painted Cycle Lane,0,0,1.04484701,1044.847014,1754.407582
4563,Painted Cycle Lane,0,0,0.3167421,316.7420987,530.4794714
4564,Shared Foot and Cycle Path Road Adjacent,0,0,0.04205009,42.05009257,70.48994224
4565,Painted Cycle Lane,0,0,0.41821138,418.2113465,700.0611522
4566,Painted Cycle Lane,0,0,0.79881999,798.8199887,1338.511495
4567,BusLane,0,0,0.19766151,197.661506,331.6446299
4568,Painted Cycle Lane,0,0,0.13027434,130.2743401,218.4857289
4569,Shared Foot and Cycle Path Road Adjacent,0,0,0.231645,231.645004,388.3248999
4570,BusLane,0,0,0.59850682,598.5068165,1004.767429
4571,Painted Cycle Lane,0,0,0.0717117,71.71169995,120.3281658
4572,Shared Foot and Cycle Path Road Adjacent,0,0,0.82534034,825.34034,1383.853638
4573,Shared Foot and Cycle Path Road Adjacent,0,0,0.30376283,303.7628255,508.6352518
4574,Painted Cycle Lane,0,0,0.05994099,59.94098611,100.545666
4575,Shared Foot and Cycle Path Road Adjacent,1,0,1.34440054,1344.400541,2251.285518
4576,Shared Foot and Cycle Path Road Adjacent,1,0,0.15148619,151.4861887,253.6199534
4577,Painted Cycle Lane,0,0,0.13376988,133.7698404,224.3955772
4578,Painted Cycle Lane,0,0,0.47893305,478.933049,802.6651883
4579,Painted Cycle Lane,0,0,0.93704105,937.0410483,1571.476404
4580,Shared Foot and Cycle Path Road Adjacent,0,0,0.45641649,456.4164883,764.2036302
4581,Painted Cycle Lane,0,0,0.86475641,864.756407,1448.036201
4582,Painted Cycle Lane,0,0,0.10461712,104.6171205,175.337504
4583,Shared Foot and Cycle Path Road Adjacent,0,0,1.00796023,1007.960226,1687.315918
4584,Shared Foot and Cycle Path Road Adjacent,0,0,0.02541813,25.41812596,42.64112891
4585,Painted Cycle Lane,0,0,0.88818234,888.1823388,1490.33208
4586,Shared Foot and Cycle Path Road Adjacent,0,0,0.66423782,664.2378219,1114.972211
4587,Shared Foot and Cycle Path Road Adjacent,0,0,1.48289052,1482.890529,2481.839682
4588,Shared Foot and Cycle Path Road Adjacent,0,0,0.16665354,166.6535429,279.5815534
4589,BusLane,0,0,0.15032516,150.3251606,251.9070264
4590,Shared Foot and Cycle Path Road Adjacent,0,0,0.38519796,385.19796,645.9102609
4591,Shared Foot and Cycle Path Road Adjacent,0,0,0.07126671,71.26670537,119.6276436
4592,Shared Foot and Cycle Path Road Adjacent,0,0,0.22310382,223.1038152,373.8572912
4593,Painted Cycle Lane,0,0,0.71199879,711.9987874,1192.19214
4594,BusLane,0,0,0.42043831,420.4383142,704.8433088
4595,BusLane,0,0,0.06655878,66.55877558,111.6913041
4596,Painted Cycle Lane,0,0,0.16720593,167.2059273,280.5451009
4597,BusLane,0,0,0.31603996,316.0399583,529.9676892
4598,Shared Foot and Cycle Path Road Adjacent,0,0,0.19585695,195.8569486,328.5553064
4599,Shared Foot and Cycle Path Road Adjacent,0,0,0.2395526,239.552599,402.1406121
4600,Shared Foot and Cycle Path Road Adjacent,0,0,0.47069811,470.6981051,789.2622095
4601,Shared Foot and Cycle Path Road Adjacent,0,0,0.03335694,33.35694444,55.93563509
4602,Shared Foot and Cycle Path Road Adjacent,0,0,0.05392629,53.92629265,90.37280376
4603,BusLane,0,0,0.18680019,186.8001878,312.4864653
4604,BusLane,0,0,0.13145216,131.4521568,219.900686
4605,BusLane,0,0,0.19154366,191.5436553,320.5014757
4606,BusLane,0,0,0.05540933,55.40932602,92.73790611
4607,BusLane,0,0,0.81025207,810.2520738,1358.615751
4608,Painted Cycle Lane,0,0,0.09229432,92.2943165,154.4548311
4609,Painted Cycle Lane,0,0,0.07023616,70.23615961,117.9519769
4610,SegregatedCycleLane,0,0,0.16289507,162.8950679,272.7961439
4611,Shared Foot and Cycle Path Road Adjacent,1,0,0.17167472,171.6747205,287.4714662
4612,Shared Foot and Cycle Path Road Adjacent,0,0,0.35476977,354.7697667,594.456832
4613,Shared Foot and Cycle Path Road Adjacent,0,0,0.39242378,392.4238257,657.0686942
4614,Painted Cycle Lane,0,0,0.18733754,187.3375385,314.0974237
4615,Shared Foot and Cycle Path Road Adjacent,1,0,0.36844953,368.449527,617.7349094
4616,Painted Cycle Lane,0,0,0.08606284,86.06283839,144.0807999
4617,Shared Foot and Cycle Path Road Adjacent,0,0,0.03738738,37.38738492,62.7306539
4618,BusLane,0,0,0.24373787,243.7378745,407.7839073
4619,Shared Foot and Cycle Path Road Adjacent,0,0,0.02752891,27.52891314,46.14238181
4620,Shared Foot and Cycle Path Road Adjacent,0,0,0.06662679,66.62678879,111.7382226
4621,Painted Cycle Lane,0,0,0.23129387,231.293874,388.12345
4622,Shared Foot and Cycle Path Road Adjacent,0,0,0.0181151,18.11510061,30.39025006
4623,Painted Cycle Lane,0,0,0.09014453,90.14452972,151.1345234
4624,Painted Cycle Lane,0,0,0.04861552,48.61552026,81.38715121
4625,Shared Foot and Cycle Path Road Adjacent,0,0,0.88403277,884.0327654,1481.29824
4626,Painted Cycle Lane,0,0,0.05023211,50.23210692,84.09188332
4627,Shared Foot and Cycle Path Road Adjacent,0,0,0.71951461,719.5146149,1206.37839
4628,Shared Foot and Cycle Path Road Adjacent,0,0,0.72394081,723.9408083,1213.760844
4629,Painted Cycle Lane,0,0,0.03280847,32.80846815,54.90669937
4630,Painted Cycle Lane,0,0,0.03111416,31.11416453,52.06789971
4631,BusLane,0,0,0.92525553,925.2555338,1549.421123
4632,Painted Cycle Lane,0,0,0.26204679,262.0467895,439.0234723
4633,Painted Cycle Lane,0,0,0.2535575,253.5575044,424.7567033
4634,Shared Foot and Cycle Path Road Adjacent,0,0,0.23681169,236.8116866,397.0219697
4635,Shared Foot and Cycle Path Road Adjacent,0,0,0.15232783,152.3278281,255.0362622
4636,Shared Foot and Cycle Path Road Adjacent,0,0,0.29705657,297.0565735,497.4741433
4637,Shared Foot and Cycle Path Road Adjacent,0,0,0.65355894,653.5589375,1094.231864
4638,Shared Foot and Cycle Path Road Adjacent,0,0,0.01940493,19.4049268,32.49022475
4639,Shared Foot and Cycle Path Road Adjacent,0,0,0.02744304,27.44303638,45.94652518
4640,Shared Foot and Cycle Path Road Adjacent,0,0,0.0186443,18.64429855,31.25679177
4641,Shared Foot and Cycle Path Road Adjacent,0,0,0.87548998,875.4899822,1467.820007
4642,Shared Foot and Cycle Path Road Adjacent,1,0,0.18705353,187.0535285,313.6515717
4643,Shared Foot and Cycle Path Road Adjacent,1,0,0.06475212,64.752115,108.4711446
4644,Shared Foot and Cycle Path Road Adjacent,0,0,0.21488665,214.886667,360.5100997
4645,Shared Foot and Cycle Path Road Adjacent,0,0,0.37326907,373.2690849,624.9375441
4646,Shared Foot and Cycle Path Road Adjacent,0,0,0.37220751,372.2075067,623.6473885
4647,Shared Foot and Cycle Path Road Adjacent,0,0,0.07679466,76.79466245,128.6533181
4648,Shared Foot and Cycle Path Road Adjacent,0,0,0.02417108,24.17108069,40.45173252
4649,Shared Foot and Cycle Path Road Adjacent,0,0,0.01770564,17.70564102,29.66957917
4650,Shared Foot and Cycle Path Road Adjacent,0,0,0.0184707,18.47070167,30.91869394
4651,Painted Cycle Lane,0,0,0.05359491,53.59490571,89.73200694
4652,Painted Cycle Lane,0,0,0.05569597,55.69596721,93.27101559
4653,Painted Cycle Lane,0,0,0.03343874,33.43873951,56.01338661
4654,Shared Foot and Cycle Path Road Adjacent,0,0,0.0383696,38.36960064,64.29557135
4655,Shared Foot and Cycle Path Road Adjacent,0,0,0.04812545,48.12545047,80.65877791
4656,Shared Foot and Cycle Path Road Adjacent,0,0,0.02624871,26.24870604,44.00057306
4657,Shared Foot and Cycle Path Road Adjacent,0,0,0.08902083,89.02082882,149.1576098
4658,Shared Foot and Cycle Path Road Adjacent,1,0,0.01391452,13.91452283,23.31651357
4659,Shared Foot and Cycle Path Road Adjacent,0,0,0.01733391,17.33390902,29.05637946
4660,Shared Foot and Cycle Path Road Adjacent,0,0,0.25557794,255.5779422,428.1626595
4661,Shared Foot and Cycle Path Road Adjacent,0,0,0.63489985,634.8998455,1063.131236
4662,Shared Foot and Cycle Path Road Adjacent,0,0,0.08412694,84.12694307,140.8594367
4663,Shared Foot and Cycle Path Road Adjacent,0,0,0.01134353,11.34353185,19.03797041
4664,Shared Foot and Cycle Path Road Adjacent,0,0,0.01568821,15.6882067,26.29991145
4665,Shared Foot and Cycle Path Road Adjacent,0,0,0.01545828,15.45827743,25.94729927
4666,Shared Foot and Cycle Path Road Adjacent,0,0,0.02310236,23.10236241,38.72793533
4667,Painted Cycle Lane,0,0,0.07883333,78.8333279,132.2410822
4668,Shared Foot and Cycle Path Road Adjacent,0,0,0.35451753,354.517527,594.5380452
4669,Painted Cycle Lane,0,0,0.13795212,137.9521167,231.4442497
4670,Painted Cycle Lane,0,0,0.13279678,132.7967808,222.769432
4671,Shared Foot and Cycle Path Road Adjacent,0,0,0.42199414,421.9941405,707.7261787
4672,Shared Foot and Cycle Path Road Adjacent,0,0,0.03042361,30.4236081,50.93472312
4673,BusLane,0,0,0.44187569,441.8756933,741.0836678
4674,BusLane,0,0,0.41461012,414.610117,695.3315998
4675,Shared Foot and Cycle Path Road Adjacent,0,0,0.01946174,19.46173863,32.61582549
4676,BusLane,0,0,0.59965361,599.6536107,1006.755686
4677,BusLane,0,0,0.21407838,214.0783775,359.1852712
4678,BusLane,0,0,0.13027434,130.2743401,218.4855742
4679,BusLane,0,0,1.46788966,1467.889648,2456.637189
4680,Painted Cycle Lane,0,0,0.86256335,862.5633515,1444.397032
4681,Painted Cycle Lane,0,0,0.02481747,24.81747161,41.54964903
4682,Shared Foot and Cycle Path Road Adjacent,0,0,0.00751326,7.513295424,12.57952799
4683,Painted Cycle Lane,0,0,0.04663014,46.63014481,78.18993196
4684,Painted Cycle Lane,0,0,0.05242314,52.42314397,87.8476013
4685,Painted Cycle Lane,0,0,0.23690959,236.9095923,397.3586489
4686,Painted Cycle Lane,0,0,0.09622063,96.2206282,161.0584157
4687,Painted Cycle Lane,0,0,1.0461809,1046.180897,1756.637116
4688,Painted Cycle Lane,0,0,0.0771044,77.10439902,129.4847632
4689,Painted Cycle Lane,0,0,0.00947092,9.470920919,15.90526063
4690,Painted Cycle Lane,0,0,0.01532391,15.32390701,25.73467637
4691,Painted Cycle Lane,0,0,0.0198023,19.80229852,33.17666356
4692,Painted Cycle Lane,0,0,0.02042019,20.42018868,34.28956821
4693,Painted Cycle Lane,0,0,0.01677362,16.77362217,28.11088226
4694,Painted Cycle Lane,0,0,0.01544145,15.44144727,25.89148601
4695,Painted Cycle Lane,0,0,0.10158466,101.5846555,170.2587914
4696,Painted Cycle Lane,0,0,0.18588683,185.8868299,311.6421784
4697,Painted Cycle Lane,0,0,0.85250459,852.504591,1430.474121
4698,Painted Cycle Lane,0,0,0.92774467,927.7446735,1555.910268
4699,Painted Cycle Lane,0,0,0.00928422,9.284218541,15.57011693
4700,Painted Cycle Lane,0,0,0.80678739,806.7873903,1350.847223
4701,Painted Cycle Lane,0,0,0.6294995,629.4995023,1053.998726
4702,Painted Cycle Lane,0,0,0.22902117,229.021172,384.2686011
4703,Painted Cycle Lane,0,0,0.03428892,34.288918,57.48906218
4704,Painted Cycle Lane,0,0,0.0245815,24.58150319,41.21253982
4705,Painted Cycle Lane,0,0,0.09344074,93.44074207,156.3733605
4706,BusLane,0,0,0.05825647,58.25647298,97.48014715
4707,Shared Foot and Cycle Path Road Adjacent,0,0,0.02007575,20.07574613,33.65092278
4708,Shared Foot and Cycle Path Road Adjacent,0,0,0.01280289,12.80289071,21.43434734
4709,Shared Foot and Cycle Path Road Adjacent,0,0,0.03534828,35.34828069,59.24114817
4710,Painted Cycle Lane,0,0,0.24175205,241.7520454,404.7699699
4711,Painted Cycle Lane,0,0,0.24718927,247.1892668,413.8697578
4712,Footway level Cycle Track,0,0,0.76229174,762.2917355,1280.106238
4713,Footway level Cycle Track,0,0,0.44244354,442.4435368,741.700227
4714,Footway level Cycle Track,0,0,0.90769136,907.6913579,1522.809192
4715,Shared Foot and Cycle Path Road Adjacent,1,0,0.06324794,63.24794267,106.0729045
4716,Painted Cycle Lane,0,0,0.11090067,110.9006669,185.9980891
4717,Painted Cycle Lane,0,0,0.06580756,65.80755629,110.344315
4718,Painted Cycle Lane,0,0,0.05501676,55.01675589,92.26217759
4719,Painted Cycle Lane,0,0,0.15302314,153.0231415,256.8951045
4720,SegregatedCycleLane,0,0,0.42565786,425.6578593,715.017347
4721,Painted Cycle Lane,0,0,0.0545526,54.55260101,91.67443118
4722,SegregatedCycleLane,0,0,0.40053436,400.5343601,672.2078563
4723,Painted Cycle Lane,0,0,0.05955929,59.5592912,100.0713196
4724,Shared Foot and Cycle Path Road Adjacent,1,0,0.48599516,485.9951637,816.8018378
4725,Painted Cycle Lane,0,0,0.05228769,52.28768878,87.87483677
4726,Painted Cycle Lane,0,0,0.05348702,53.48701953,89.89030131
4727,Shared Foot and Cycle Path Road Adjacent,1,0,1.58882267,1588.822672,2665.573075
4728,Shared Foot and Cycle Path Road Adjacent,1,0,0.24835886,248.3588585,416.5745816
4729,Shared Foot and Cycle Path Road Adjacent,1,0,0.23022881,230.2288111,386.1146321
4730,Painted Cycle Lane,0,0,0.16249841,162.4984057,272.5337675
4731,Shared Foot and Cycle Path Road Adjacent,1,0,0.5965026,596.5026031,1000.40932
4732,SegregatedCycleLane,0,0,0.25627503,256.2750251,429.7510417
4733,Shared Foot and Cycle Path Road Adjacent,1,0,0.20488458,204.8845758,343.5359755
4734,SegregatedCycleLane,0,0,0.14755343,147.5534317,247.4065956
4735,SegregatedCycleLane,0,0,0.94362371,943.6237111,1583.631712
4736,SegregatedCycleLane,0,0,0.49940665,499.4066536,839.3347737
4737,Painted Cycle Lane,0,0,0.04340857,43.40857217,72.93882933
4738,SegregatedCycleLane,0,0,0.71279766,712.7976599,1197.030186
4739,Painted Cycle Lane,0,0,0.01882616,18.8261604,31.51729701
4740,Painted Cycle Lane,0,0,0.01375186,13.75185705,23.02113319
4741,Painted Cycle Lane,0,0,0.04731015,47.31014946,79.38221946
4742,Painted Cycle Lane,0,0,0.02060114,20.60114267,34.56747082
4743,Painted Cycle Lane,0,0,0.02054687,20.54687211,34.39671585
4744,Painted Cycle Lane,0,0,0.01370256,13.70255701,22.93897342
4745,Painted Cycle Lane,0,0,0.01435525,14.35524853,24.08769065
4746,Painted Cycle Lane,0,0,0.01396136,13.96136404,23.42679433
4747,Painted Cycle Lane,0,0,0.07099338,70.99338187,119.1177916
4748,SegregatedCycleLane,0,0,0.16634937,166.3493857,279.0816011
4749,SegregatedCycleLane,0,0,0.19376335,193.7633435,325.0708326
4750,Painted Cycle Lane,0,0,0.01172798,11.72798359,19.67659706
4751,SegregatedCycleLane,1,0,0.25154822,251.5482237,422.050981
4752,Shared Foot and Cycle Path Road Adjacent,1,0,0.21197377,211.9737718,354.9069864
4753,SegregatedCycleLane,0,0,0.38496537,384.9653658,644.1718459
4754,SegregatedCycleLane,0,1,0.37782895,377.8289458,632.1960977
4755,SegregatedCycleLane,0,0,2.41483483,2414.834835,4041.180406
4756,Painted Cycle Lane,0,0,0.15887846,158.8784591,265.8548906
4757,SegregatedCycleLane,0,0,2.42121767,2421.217673,4051.83943
4758,SegregatedCycleLane,1,1,0.47163153,471.6315322,789.1491696
4759,SegregatedCycleLane,1,1,0.01399865,13.99864525,23.42331757
4760,SegregatedCycleLane,1,0,0.2000745,200.0744971,334.9702593
4761,Painted Cycle Lane,0,0,0.07382321,73.82321126,123.6568808
4762,SegregatedCycleLane,0,0,0.7338067,733.8066983,1231.015895
4763,SegregatedCycleLane,0,0,0.71442754,714.4275416,1198.458153
4764,SegregatedCycleLane,0,0,0.05234512,52.34511596,87.7587552
4765,SegregatedCycleLane,0,0,0.91280186,912.8018603,1533.105517
4766,SegregatedCycleLane,0,0,0.90017339,900.1733928,1511.867156
4767,SegregatedCycleLane,0,0,0.65840221,658.4022073,1103.580959
4768,Shared Foot and Cycle Path Road Adjacent,0,0,0.30361053,303.6105265,509.0060476
4769,SegregatedCycleLane,0,0,0.55322838,553.2283787,927.4421093
4770,SegregatedCycleLane,0,0,0.65131928,651.3192846,1091.71624
4771,SegregatedCycleLane,0,0,0.00943044,9.430439255,15.83310697
4772,SegregatedCycleLane,1,0,0.28095168,280.9516751,471.0157874
4773,SegregatedCycleLane,0,0,0.02177997,21.77997245,36.53011992
4774,Shared Foot and Cycle Path Road Adjacent,0,0,0.0501412,50.14120278,84.17141028
4775,Footway level Cycle Track,0,0,0.25788198,257.8819823,432.012314
4776,Shared Foot and Cycle Path Road Adjacent,0,0,0.2441755,244.1754956,409.1584463
4777,Shared Foot and Cycle Path Road Adjacent,0,0,0.01524571,15.24570564,25.5933169
4778,Shared Foot and Cycle Path Road Adjacent,0,0,0.14511691,145.1169142,243.5465133
4779,Shared Foot and Cycle Path Road Adjacent,0,0,0.0645198,64.51980026,108.2244084
4780,Shared Foot and Cycle Path Road Adjacent,0,0,0.01252759,12.52758774,21.00646874
4781,Shared Foot and Cycle Path Road Adjacent,0,0,0.0318859,31.88590406,53.4955695
4782,Footway level Cycle Track,0,0,0.13630453,136.3045331,228.3991828
4783,Shared Foot and Cycle Path Road Adjacent,0,0,0.02954814,29.54814062,49.57389202
4784,Shared Foot and Cycle Path Road Adjacent,0,0,0.02496255,24.96255392,41.82014776
4785,Shared Foot and Cycle Path Road Adjacent,0,0,0.0185964,18.59639632,31.15629071
4786,Footway level Cycle Track,0,0,0.05971697,59.71697163,100.0541952
4787,Footway level Cycle Track,0,0,0.05138063,51.38062724,86.08475005
4788,Shared Foot and Cycle Path Road Adjacent,0,0,0.54084866,540.8486557,907.0034604
4789,Shared Foot and Cycle Path Road Adjacent,0,0,0.02586694,25.866941,43.37097775
4790,Shared Foot and Cycle Path Road Adjacent,0,0,0.03345494,33.4549378,56.10479713
4791,Shared Foot and Cycle Path Road Adjacent,0,0,0.01230908,12.30907974,20.6548415
4792,Shared Foot and Cycle Path Road Adjacent,0,0,0.55796393,557.963928,936.3303238
4793,Shared Foot and Cycle Path Road Adjacent,0,0,0.03458096,34.58095514,58.00736121
4794,Shared Foot and Cycle Path Road Adjacent,0,0,0.42741133,427.4113308,717.2833653
4795,Shared Foot and Cycle Path Road Adjacent,0,0,0.02414676,24.14676488,40.51584318
4796,Shared Foot and Cycle Path Road Adjacent,0,0,0.01426472,14.26472299,23.89449726
4797,Shared Foot and Cycle Path Road Adjacent,0,0,0.01463247,14.63247133,24.5117511
4798,Shared Foot and Cycle Path Road Adjacent,0,0,0.01058963,10.58962744,17.76420353
4799,Shared Foot and Cycle Path Road Adjacent,0,0,0.00445422,4.454217261,7.458762071
4800,Shared Foot and Cycle Path Road Adjacent,0,0,0.01092099,10.9209884,18.29117751
4801,Shared Foot and Cycle Path Road Adjacent,0,0,0.00745212,7.45211557,12.49881259
4802,Shared Foot and Cycle Path Road Adjacent,0,0,0.00595741,5.957407426,9.988184052
4803,Shared Foot and Cycle Path Road Adjacent,0,0,0.00619914,6.199143242,10.38388823
4804,Shared Foot and Cycle Path Road Adjacent,0,0,0.01102285,11.02284695,18.4647148
4805,Shared Foot and Cycle Path Road Adjacent,0,0,0.01051003,10.510032,17.62652789
4806,Footway level Cycle Track,0,0,0.01189195,11.89191932,19.92242753
4807,Footway level Cycle Track,0,0,0.0095865,9.586530925,16.07844642
4808,Footway level Cycle Track,0,0,0.01516764,15.16765608,25.38905352
4809,TrafficFree,1,0,0.04488229,44.88232941,75.0879994
4810,TrafficFree,1,0,0.04278032,42.78034734,71.5893995
4811,TrafficFree,1,0,0.00982723,9.827234187,16.4464749
4812,TrafficFree,1,0,0.0383284,38.32840093,64.13958266
4813,TrafficFree,1,0,0.04242456,42.42454332,70.97103854
4814,TrafficFree,1,0,0.03212663,32.12662258,53.74384102
4815,TrafficFree,1,0,0.00599523,5.995170245,10.0479703
4816,TrafficFree,1,0,0.2176205,217.6204904,364.4199987
4817,Footway level Cycle Track,0,0,0.14952126,149.5212345,250.3012794
4818,Footway level Cycle Track,0,0,0.04178658,41.78652701,69.95730377
4819,Shared Foot and Cycle Path Road Adjacent,0,0,0.01211664,12.11666655,20.32514592
4820,Painted Cycle Lane,0,0,0.1337685,133.7685427,224.3167515
4821,Shared Foot and Cycle Path Road Adjacent,0,0,0.06662598,66.62600316,111.5774911
4822,Painted Cycle Lane,0,0,0.25876762,258.7676082,433.059313
4823,Painted Cycle Lane,0,0,0.25121922,251.2192091,420.426008
4824,Painted Cycle Lane,0,0,0.03233356,32.3335768,54.227667
4825,SegregatedCycleLane,0,0,0.39188538,391.8853445,656.3933625
