FID,BIKE,Shape_Leng,DIR
0,SEPARATE_TRAIL,89.59523455,Forward
1,SEPARATE_TRAIL,261.8917071,Bi-Directional
2,SEPARATE_TRAIL,85.0446746,Forward
3,SEPARATE_TRAIL,325.4116647,Forward
4,SEPARATE_TRAIL,128.6664324,Forward
5,SEPARATE_TRAIL,470.25056,Bi-Directional
6,SEPARATE_TRAIL,133.3214478,Bi-Directional
7,SEPARATE_TRAIL,104.8893595,Bi-Directional
8,SEPARATE_TRAIL,71.38391982,Bi-Directional
9,SEPARATE_TRAIL,72.26622862,Forward
10,SEPARATE_TRAIL,108.1586778,Forward
11,SEPARATE_TRAIL,232.0828327,Forward
12,SEPARATE_TRAIL,63.41742962,Forward
13,SEPARATE_TRAIL,701.9962917,Forward
14,SEPARATE_TRAIL,86.39205897,Forward
15,SEPARATE_TRAIL,39.45950767,Bi-Directional
16,SEPARATE_TRAIL,287.2457006,Forward
17,SEPARATE_TRAIL,84.62822474,Forward
18,SEPARATE_TRAIL,68.86022144,Forward
19,SEPARATE_TRAIL,131.9613428,Forward
20,SEPARATE_TRAIL,72.74805199,Forward
21,BIKE_FRIENDLY_PEDESTRIAN_PATH,358.8340358,Forward
22,SEPARATE_TRAIL,126.2058297,Forward
23,SEPARATE_TRAIL,81.73185481,Forward
24,SHARED_ROAD,347.5145012,Bi-Directional
25,SEPARATE_TRAIL,239.8901113,Reverse
26,SEPARATE_TRAIL,119.3355529,Reverse
27,SEPARATE_TRAIL,16.23046293,Forward
28,SEPARATE_TRAIL,64.1755295,Bi-Directional
29,SEPARATE_TRAIL,159.113324,Forward
30,SEPARATE_TRAIL,304.9999308,Forward
31,SEPARATE_TRAIL,169.5160873,Forward
32,SEPARATE_TRAIL,291.0222307,Forward
33,SEPARATE_TRAIL,76.61358706,Forward
34,SEPARATE_TRAIL,68.46437145,Forward
35,SEPARATE_TRAIL,112.5257166,Forward
36,SEPARATE_TRAIL,70.53364893,Forward
37,SEPARATE_TRAIL,196.669905,Forward
38,SEPARATE_TRAIL,79.41630615,Forward
39,SEPARATE_TRAIL,91.46561735,Forward
40,SEPARATE_TRAIL,456.4586834,Forward
41,SEPARATE_TRAIL,102.977916,Forward
42,SEPARATE_TRAIL,180.1274214,Forward
43,SEPARATE_TRAIL,152.7224212,Forward
44,SEPARATE_TRAIL,125.452466,Forward
45,SEPARATE_TRAIL,125.2006098,Forward
46,SEPARATE_TRAIL,167.2324087,Forward
47,SEPARATE_TRAIL,181.2671964,Forward
48,SEPARATE_TRAIL,239.5770356,Forward
49,SEPARATE_TRAIL,2009.585713,Forward
50,SEPARATE_TRAIL,191.9267468,Forward
51,SEPARATE_TRAIL,704.4415486,Bi-Directional
52,SEPARATE_TRAIL,682.9879979,Bi-Directional
53,SEPARATE_TRAIL,313.5749957,Forward
54,SEPARATE_TRAIL,362.6587231,Forward
55,NON_TRAFFIC_TRAIL,741.2185094,Bi-Directional
56,SEPARATE_TRAIL,80.19272745,Forward
57,SEPARATE_TRAIL,124.0801195,Forward
58,SEPARATE_TRAIL,190.7698768,Forward
59,SEPARATE_TRAIL,87.49430263,Forward
60,SEPARATE_TRAIL,128.07294,Forward
61,SEPARATE_TRAIL,181.0292426,Forward
62,BIKE_FRIENDLY_PEDESTRIAN_PATH,979.7669978,Forward
63,SEPARATE_TRAIL,43.29813402,Forward
64,SEPARATE_TRAIL,44.30169559,Forward
65,SEPARATE_TRAIL,47.29465079,Forward
66,BIKE_FRIENDLY_PEDESTRIAN_PATH,121.8889163,Forward
67,SEPARATE_TRAIL,51.44841691,Forward
68,SEPARATE_TRAIL,33.96062067,Forward
69,SEPARATE_TRAIL,116.2365342,Forward
70,SEPARATE_TRAIL,40.27448897,Forward
71,SEPARATE_TRAIL,50.65931965,Forward
72,SEPARATE_TRAIL,42.56294262,Forward
73,SEPARATE_TRAIL,32.60578833,Forward
74,SEPARATE_TRAIL,888.9960392,Forward
75,SEPARATE_TRAIL,901.5873517,Forward
76,SEPARATE_TRAIL,40.13595509,Forward
77,SEPARATE_TRAIL,44.38671268,Forward
78,SEPARATE_TRAIL,47.84348697,Forward
79,SEPARATE_TRAIL,9.101856847,Forward
80,SEPARATE_TRAIL,83.66133083,Forward
81,SEPARATE_TRAIL,78.55671738,Forward
82,SEPARATE_TRAIL,132.0141301,Forward
83,SEPARATE_TRAIL,909.7294838,Bi-Directional
84,SEPARATE_TRAIL,42.52682715,Forward
85,SEPARATE_TRAIL,422.3533219,Forward
86,SEPARATE_TRAIL,265.1281405,Forward
87,SEPARATE_TRAIL,186.6171922,Forward
88,SEPARATE_TRAIL,232.9612633,Forward
89,SEPARATE_TRAIL,155.1245466,Forward
90,SEPARATE_TRAIL,185.1792771,Forward
91,SEPARATE_TRAIL,499.7871079,Forward
92,SEPARATE_TRAIL,244.670896,Forward
93,SEPARATE_TRAIL,120.9402948,Forward
94,SEPARATE_TRAIL,358.0099292,Forward
95,SEPARATE_TRAIL,207.3986654,Forward
96,SEPARATE_TRAIL,88.47765337,Forward
97,SEPARATE_TRAIL,65.06994052,Forward
98,SEPARATE_TRAIL,152.7520811,Forward
99,SEPARATE_TRAIL,337.5080133,Forward
100,SEPARATE_TRAIL,323.7774673,Forward
101,SEPARATE_TRAIL,717.7096572,Forward
102,SEPARATE_TRAIL,103.7815984,Forward
103,SEPARATE_TRAIL,1058.791534,Forward
104,NON_TRAFFIC_TRAIL,1225.83621,Bi-Directional
105,NON_TRAFFIC_TRAIL,106.2520112,Bi-Directional
106,NON_TRAFFIC_TRAIL,496.9573286,Bi-Directional
107,NON_TRAFFIC_TRAIL,1513.71511,Bi-Directional
108,NON_TRAFFIC_TRAIL,940.9692429,Bi-Directional
109,NON_TRAFFIC_TRAIL,1468.153719,Bi-Directional
110,NON_TRAFFIC_TRAIL,260.7404236,Bi-Directional
111,NON_TRAFFIC_TRAIL,469.9621097,Bi-Directional
112,NON_TRAFFIC_TRAIL,1761.075093,Bi-Directional
113,NON_TRAFFIC_TRAIL,164.6567799,Bi-Directional
114,NON_TRAFFIC_TRAIL,63.83742931,Bi-Directional
115,NON_TRAFFIC_TRAIL,63.96787238,Bi-Directional
116,SEPARATE_TRAIL,135.4495928,Forward
117,SEPARATE_TRAIL,683.577276,Forward
118,SEPARATE_TRAIL,149.2042871,Forward
119,SEPARATE_TRAIL,829.7540721,Forward
120,SEPARATE_TRAIL,63.23896492,Forward
121,SEPARATE_TRAIL,36.35079241,Forward
122,SEPARATE_TRAIL,1555.949359,Forward
123,SEPARATE_TRAIL,1848.538158,Forward
124,SEPARATE_TRAIL,219.8134693,Forward
125,SEPARATE_TRAIL,1907.597865,Forward
126,SEPARATE_TRAIL,1805.386086,Forward
127,NON_TRAFFIC_TRAIL,1804.273464,Bi-Directional
128,BIKE_LANE,72.9124777,Bi-Directional
129,SEPARATE_TRAIL,132.8272379,Forward
130,SEPARATE_TRAIL,403.4367561,Forward
131,SEPARATE_TRAIL,291.9438465,Forward
132,SEPARATE_TRAIL,110.2970139,Forward
133,SEPARATE_TRAIL,615.7138057,Forward
134,SEPARATE_TRAIL,45.79743288,Forward
135,BIKE_FRIENDLY_PEDESTRIAN_PATH,192.5973861,Forward
136,BIKE_FRIENDLY_PEDESTRIAN_PATH,37.21447683,Forward
137,SEPARATE_TRAIL,51.5377763,Forward
138,NON_TRAFFIC_TRAIL,653.3749649,Bi-Directional
139,BIKE_FRIENDLY_PEDESTRIAN_PATH,235.9314686,Bi-Directional
140,BIKE_FRIENDLY_PEDESTRIAN_PATH,647.1961635,Forward
141,NON_TRAFFIC_TRAIL,530.4135363,Bi-Directional
142,BIKE_FRIENDLY_PEDESTRIAN_PATH,121.986249,Forward
143,BIKE_FRIENDLY_PEDESTRIAN_PATH,73.47011417,Forward
144,BIKE_FRIENDLY_PEDESTRIAN_PATH,301.7986869,Forward
145,SEPARATE_TRAIL,69.21516242,Forward
146,BIKE_FRIENDLY_PEDESTRIAN_PATH,220.0155615,Forward
147,BIKE_FRIENDLY_PEDESTRIAN_PATH,874.2998828,Bi-Directional
148,BIKE_FRIENDLY_PEDESTRIAN_PATH,523.5833766,Bi-Directional
149,BIKE_FRIENDLY_PEDESTRIAN_PATH,29.67503028,Bi-Directional
150,SEPARATE_TRAIL,16.4223023,Forward
151,BIKE_FRIENDLY_PEDESTRIAN_PATH,511.2474556,Forward
152,BIKE_FRIENDLY_PEDESTRIAN_PATH,373.4801783,Forward
153,BIKE_FRIENDLY_PEDESTRIAN_PATH,320.8407562,Forward
154,BIKE_FRIENDLY_PEDESTRIAN_PATH,51.40139285,Forward
155,BIKE_FRIENDLY_PEDESTRIAN_PATH,359.2810922,Forward
156,BIKE_FRIENDLY_PEDESTRIAN_PATH,297.0836395,Forward
157,BIKE_FRIENDLY_PEDESTRIAN_PATH,49.32662027,Forward
158,SEPARATE_TRAIL,368.4717233,Forward
159,SEPARATE_TRAIL,53.49856103,Forward
160,SEPARATE_TRAIL,57.79181387,Forward
161,BIKE_FRIENDLY_PEDESTRIAN_PATH,25.83717377,Forward
162,BIKE_FRIENDLY_PEDESTRIAN_PATH,34.39699257,Forward
163,BIKE_FRIENDLY_PEDESTRIAN_PATH,41.75300318,Forward
164,BIKE_FRIENDLY_PEDESTRIAN_PATH,31.29312958,Forward
165,BIKE_FRIENDLY_PEDESTRIAN_PATH,477.4009482,Forward
166,SEPARATE_TRAIL,76.85251339,Forward
167,BIKE_FRIENDLY_PEDESTRIAN_PATH,73.92989828,Forward
168,BIKE_FRIENDLY_PEDESTRIAN_PATH,109.1361375,Forward
169,SEPARATE_TRAIL,39.63544703,Forward
170,BIKE_FRIENDLY_PEDESTRIAN_PATH,41.88739466,Forward
171,SEPARATE_TRAIL,45.20597019,Forward
172,SEPARATE_TRAIL,268.9333716,Forward
173,SEPARATE_TRAIL,101.4931056,Forward
174,BIKE_FRIENDLY_PEDESTRIAN_PATH,288.8068983,Forward
175,SEPARATE_TRAIL,110.3808709,Forward
176,SEPARATE_TRAIL,400.3511918,Forward
177,SEPARATE_TRAIL,186.8607991,Forward
178,SEPARATE_TRAIL,98.64041312,Forward
179,SEPARATE_TRAIL,26.3043548,Forward
180,SEPARATE_TRAIL,162.1517847,Forward
181,SEPARATE_TRAIL,289.042558,Forward
182,SEPARATE_TRAIL,101.5307417,Forward
183,BIKE_FRIENDLY_PEDESTRIAN_PATH,121.7468706,Forward
184,SEPARATE_TRAIL,132.5162441,Forward
185,SEPARATE_TRAIL,130.2035268,Forward
186,SEPARATE_TRAIL,112.021671,Forward
187,BIKE_FRIENDLY_PEDESTRIAN_PATH,41.63932679,Forward
188,SEPARATE_TRAIL,68.76029879,Forward
189,SEPARATE_TRAIL,132.4050117,Forward
190,SEPARATE_TRAIL,38.9335625,Forward
191,SEPARATE_TRAIL,68.96879566,Forward
192,BIKE_FRIENDLY_PEDESTRIAN_PATH,123.6867667,Forward
193,BIKE_FRIENDLY_PEDESTRIAN_PATH,50.8526621,Forward
194,SEPARATE_TRAIL,447.2384687,Forward
195,BIKE_FRIENDLY_PEDESTRIAN_PATH,82.62360896,Forward
196,SEPARATE_TRAIL,227.2456078,Forward
197,BIKE_FRIENDLY_PEDESTRIAN_PATH,65.67303408,Forward
198,SEPARATE_TRAIL,300.1668105,Forward
199,BIKE_FRIENDLY_PEDESTRIAN_PATH,19.58899132,Forward
200,SEPARATE_TRAIL,25.17791771,Forward
201,BIKE_FRIENDLY_PEDESTRIAN_PATH,19.52268408,Forward
202,BIKE_FRIENDLY_PEDESTRIAN_PATH,127.0303565,Forward
203,SEPARATE_TRAIL,147.4889512,Forward
204,SEPARATE_TRAIL,291.2784756,Forward
205,BIKE_FRIENDLY_PEDESTRIAN_PATH,37.84714488,Forward
206,SEPARATE_TRAIL,60.63168214,Forward
207,SEPARATE_TRAIL,136.2014387,Forward
208,BIKE_FRIENDLY_PEDESTRIAN_PATH,191.0410987,Forward
209,BIKE_FRIENDLY_PEDESTRIAN_PATH,84.79676557,Forward
210,BIKE_FRIENDLY_PEDESTRIAN_PATH,79.61946835,Forward
211,BIKE_FRIENDLY_PEDESTRIAN_PATH,179.1161243,Forward
212,BIKE_FRIENDLY_PEDESTRIAN_PATH,45.31504837,Forward
213,BIKE_FRIENDLY_PEDESTRIAN_PATH,55.90077022,Forward
214,SEPARATE_TRAIL,146.7683041,Forward
215,SEPARATE_TRAIL,56.03295468,Forward
216,SEPARATE_TRAIL,85.3028916,Forward
217,BIKE_FRIENDLY_PEDESTRIAN_PATH,1027.217674,Forward
218,SEPARATE_TRAIL,587.4290761,Forward
219,BIKE_FRIENDLY_PEDESTRIAN_PATH,21.37622291,Forward
220,BIKE_FRIENDLY_PEDESTRIAN_PATH,50.90567411,Forward
221,BIKE_FRIENDLY_PEDESTRIAN_PATH,136.2827291,Forward
222,BIKE_FRIENDLY_PEDESTRIAN_PATH,48.22500098,Forward
223,SEPARATE_TRAIL,87.48885497,Forward
224,SEPARATE_TRAIL,143.22609,Forward
225,SEPARATE_TRAIL,62.49314442,Forward
226,SEPARATE_TRAIL,40.10239927,Forward
227,BIKE_FRIENDLY_PEDESTRIAN_PATH,29.54094799,Forward
228,SEPARATE_TRAIL,130.5764195,Forward
229,BIKE_FRIENDLY_PEDESTRIAN_PATH,59.31341118,Forward
230,SEPARATE_TRAIL,95.75532543,Forward
231,BIKE_FRIENDLY_PEDESTRIAN_PATH,38.68677734,Forward
232,NON_TRAFFIC_TRAIL,237.417744,Bi-Directional
233,BIKE_FRIENDLY_PEDESTRIAN_PATH,283.7622736,Forward
234,SEPARATE_TRAIL,20.79433508,Forward
235,BIKE_FRIENDLY_PEDESTRIAN_PATH,61.55716088,Forward
236,BIKE_FRIENDLY_PEDESTRIAN_PATH,194.0477452,Forward
237,BIKE_FRIENDLY_PEDESTRIAN_PATH,48.75901079,Forward
238,BIKE_FRIENDLY_PEDESTRIAN_PATH,28.546445,Forward
239,BIKE_FRIENDLY_PEDESTRIAN_PATH,85.38911604,Forward
240,BIKE_FRIENDLY_PEDESTRIAN_PATH,117.6241315,Forward
241,BIKE_FRIENDLY_PEDESTRIAN_PATH,29.91037491,Forward
242,SEPARATE_TRAIL,352.8665961,Forward
243,BIKE_FRIENDLY_PEDESTRIAN_PATH,57.5975037,Forward
244,SEPARATE_TRAIL,93.02281116,Forward
245,SEPARATE_TRAIL,558.9699096,Forward
246,SEPARATE_TRAIL,42.77184439,Forward
247,BIKE_FRIENDLY_PEDESTRIAN_PATH,336.0461362,Forward
248,SEPARATE_TRAIL,312.3793432,Forward
249,BIKE_FRIENDLY_PEDESTRIAN_PATH,38.80409452,Forward
250,SEPARATE_TRAIL,111.6968282,Forward
251,SEPARATE_TRAIL,239.0810112,Forward
252,BIKE_FRIENDLY_PEDESTRIAN_PATH,61.40648927,Forward
253,SEPARATE_TRAIL,240.9543155,Forward
254,BIKE_FRIENDLY_PEDESTRIAN_PATH,26.29388984,Forward
255,SEPARATE_TRAIL,130.4756473,Forward
256,BIKE_FRIENDLY_PEDESTRIAN_PATH,614.3240899,Bi-Directional
257,BIKE_FRIENDLY_PEDESTRIAN_PATH,28.25839463,Forward
258,BIKE_FRIENDLY_PEDESTRIAN_PATH,19.88916249,Forward
259,SEPARATE_TRAIL,86.43341876,Forward
260,SEPARATE_TRAIL,50.28934284,Forward
261,BIKE_FRIENDLY_PEDESTRIAN_PATH,18.37669315,Forward
262,BIKE_FRIENDLY_PEDESTRIAN_PATH,127.9427076,Forward
263,BIKE_FRIENDLY_PEDESTRIAN_PATH,30.56671453,Forward
264,SEPARATE_TRAIL,129.0125354,Forward
265,BIKE_FRIENDLY_PEDESTRIAN_PATH,55.79832962,Forward
266,SEPARATE_TRAIL,148.0720134,Forward
267,BIKE_FRIENDLY_PEDESTRIAN_PATH,101.5102005,Forward
268,BIKE_FRIENDLY_PEDESTRIAN_PATH,94.21271009,Forward
269,BIKE_FRIENDLY_PEDESTRIAN_PATH,106.0236757,Forward
270,BIKE_FRIENDLY_PEDESTRIAN_PATH,149.291515,Forward
271,BIKE_FRIENDLY_PEDESTRIAN_PATH,47.42409389,Forward
272,SEPARATE_TRAIL,29.24599596,Forward
273,BIKE_FRIENDLY_PEDESTRIAN_PATH,31.84041493,Forward
274,BIKE_FRIENDLY_PEDESTRIAN_PATH,206.6174842,Forward
275,BIKE_FRIENDLY_PEDESTRIAN_PATH,31.74802848,Forward
276,SEPARATE_TRAIL,152.9013167,Forward
277,BIKE_FRIENDLY_PEDESTRIAN_PATH,27.38035034,Forward
278,BIKE_FRIENDLY_PEDESTRIAN_PATH,30.75205416,Forward
279,SEPARATE_TRAIL,67.41560071,Forward
280,SEPARATE_TRAIL,65.90271401,Forward
281,SEPARATE_TRAIL,272.429378,Forward
282,SEPARATE_TRAIL,109.3833584,Forward
283,SEPARATE_TRAIL,121.9628269,Forward
284,BIKE_FRIENDLY_PEDESTRIAN_PATH,68.82202401,Forward
285,BIKE_FRIENDLY_PEDESTRIAN_PATH,264.8375862,Forward
286,BIKE_FRIENDLY_PEDESTRIAN_PATH,32.19794081,Forward
287,BIKE_FRIENDLY_PEDESTRIAN_PATH,25.96253289,Forward
288,BIKE_FRIENDLY_PEDESTRIAN_PATH,45.77827212,Forward
289,BIKE_FRIENDLY_PEDESTRIAN_PATH,44.98935506,Forward
290,BIKE_FRIENDLY_PEDESTRIAN_PATH,58.63698351,Forward
291,SEPARATE_TRAIL,459.7145863,Forward
292,BIKE_FRIENDLY_PEDESTRIAN_PATH,509.9663063,Forward
293,SEPARATE_TRAIL,71.76559532,Forward
294,BIKE_FRIENDLY_PEDESTRIAN_PATH,41.824913,Forward
295,BIKE_FRIENDLY_PEDESTRIAN_PATH,30.75941379,Forward
296,SEPARATE_TRAIL,70.43634434,Forward
297,SEPARATE_TRAIL,156.6150357,Forward
298,BIKE_FRIENDLY_PEDESTRIAN_PATH,71.65749898,Forward
299,SEPARATE_TRAIL,98.26712338,Forward
300,SEPARATE_TRAIL,77.65440516,Forward
301,BIKE_FRIENDLY_PEDESTRIAN_PATH,40.03886209,Forward
302,BIKE_FRIENDLY_PEDESTRIAN_PATH,180.8426152,Forward
303,BIKE_FRIENDLY_PEDESTRIAN_PATH,22.09663795,Forward
304,SEPARATE_TRAIL,245.3378934,Forward
305,SEPARATE_TRAIL,76.21598258,Forward
306,SEPARATE_TRAIL,312.579992,Forward
307,SEPARATE_TRAIL,195.2468132,Forward
308,SEPARATE_TRAIL,140.1175146,Forward
309,BIKE_FRIENDLY_PEDESTRIAN_PATH,78.83367522,Forward
310,BIKE_FRIENDLY_PEDESTRIAN_PATH,179.6376804,Forward
311,BIKE_FRIENDLY_PEDESTRIAN_PATH,375.3215027,Forward
312,BIKE_FRIENDLY_PEDESTRIAN_PATH,36.90902507,Forward
313,SEPARATE_TRAIL,117.4550696,Forward
314,BIKE_FRIENDLY_PEDESTRIAN_PATH,77.46474958,Forward
315,BIKE_FRIENDLY_PEDESTRIAN_PATH,321.8084971,Forward
316,SEPARATE_TRAIL,106.5294894,Forward
317,SEPARATE_TRAIL,250.711963,Forward
318,BIKE_FRIENDLY_PEDESTRIAN_PATH,374.6353689,Forward
319,SEPARATE_TRAIL,180.3727745,Forward
320,BIKE_FRIENDLY_PEDESTRIAN_PATH,18.59430133,Forward
321,BIKE_FRIENDLY_PEDESTRIAN_PATH,300.7239472,Forward
322,NON_TRAFFIC_TRAIL,25.70992026,Bi-Directional
323,BIKE_FRIENDLY_PEDESTRIAN_PATH,261.9976045,Forward
324,SEPARATE_TRAIL,107.3504591,Forward
325,BIKE_FRIENDLY_PEDESTRIAN_PATH,246.3376466,Bi-Directional
326,BIKE_FRIENDLY_PEDESTRIAN_PATH,90.37787139,Forward
327,BIKE_FRIENDLY_PEDESTRIAN_PATH,55.62181365,Forward
328,SEPARATE_TRAIL,59.74924614,Forward
329,SEPARATE_TRAIL,42.35442987,Forward
330,BIKE_FRIENDLY_PEDESTRIAN_PATH,271.1874975,Forward
331,BIKE_FRIENDLY_PEDESTRIAN_PATH,94.535605,Bi-Directional
332,SEPARATE_TRAIL,288.382968,Forward
333,BIKE_FRIENDLY_PEDESTRIAN_PATH,61.78759701,Forward
334,BIKE_FRIENDLY_PEDESTRIAN_PATH,88.31038773,Forward
335,SEPARATE_TRAIL,48.18247223,Bi-Directional
336,BIKE_FRIENDLY_PEDESTRIAN_PATH,598.9771318,Bi-Directional
337,SEPARATE_TRAIL,78.42738768,Forward
338,BIKE_FRIENDLY_PEDESTRIAN_PATH,55.99783762,Bi-Directional
339,BIKE_FRIENDLY_PEDESTRIAN_PATH,210.7004901,Bi-Directional
340,BIKE_FRIENDLY_PEDESTRIAN_PATH,121.7443074,Bi-Directional
341,SEPARATE_TRAIL,142.8901568,Forward
342,BIKE_FRIENDLY_PEDESTRIAN_PATH,37.63324911,Forward
343,BIKE_FRIENDLY_PEDESTRIAN_PATH,256.8188373,Forward
344,SHARED_ROAD,514.3866607,Bi-Directional
345,BIKE_FRIENDLY_PEDESTRIAN_PATH,109.2760004,Forward
346,BIKE_FRIENDLY_PEDESTRIAN_PATH,128.7800595,Forward
347,SEPARATE_TRAIL,112.3929297,Forward
348,BIKE_FRIENDLY_PEDESTRIAN_PATH,42.5554891,Forward
349,BIKE_FRIENDLY_PEDESTRIAN_PATH,693.3009131,Forward
350,BIKE_FRIENDLY_PEDESTRIAN_PATH,23.0167806,Forward
351,BIKE_FRIENDLY_PEDESTRIAN_PATH,16.41116479,Forward
352,BIKE_FRIENDLY_PEDESTRIAN_PATH,8.929237371,Forward
353,SEPARATE_TRAIL,173.6972195,Forward
354,BIKE_FRIENDLY_PEDESTRIAN_PATH,105.1814096,Forward
355,BIKE_FRIENDLY_PEDESTRIAN_PATH,219.007937,Forward
356,BIKE_FRIENDLY_PEDESTRIAN_PATH,31.28048449,Forward
357,BIKE_FRIENDLY_PEDESTRIAN_PATH,15.01682671,Forward
358,BIKE_FRIENDLY_PEDESTRIAN_PATH,26.66284009,Forward
359,BIKE_FRIENDLY_PEDESTRIAN_PATH,89.37065487,Forward
360,SEPARATE_TRAIL,162.580626,Forward
361,BIKE_FRIENDLY_PEDESTRIAN_PATH,115.7034593,Forward
362,BIKE_FRIENDLY_PEDESTRIAN_PATH,68.71459094,Forward
363,SEPARATE_TRAIL,141.2618934,Forward
364,BIKE_FRIENDLY_PEDESTRIAN_PATH,439.3075051,Forward
365,BIKE_FRIENDLY_PEDESTRIAN_PATH,93.89639087,Forward
366,SEPARATE_TRAIL,116.591178,Bi-Directional
367,BIKE_FRIENDLY_PEDESTRIAN_PATH,126.8128864,Forward
368,SEPARATE_TRAIL,483.0039294,Forward
369,SEPARATE_TRAIL,113.1752191,Bi-Directional
370,BIKE_FRIENDLY_PEDESTRIAN_PATH,240.7994616,Forward
371,SEPARATE_TRAIL,95.01726379,Forward
372,SEPARATE_TRAIL,273.1590759,Forward
373,SEPARATE_TRAIL,322.0181576,Forward
374,BIKE_FRIENDLY_PEDESTRIAN_PATH,146.6119301,Forward
375,BIKE_FRIENDLY_PEDESTRIAN_PATH,41.88754596,Forward
376,BIKE_FRIENDLY_PEDESTRIAN_PATH,39.1562796,Forward
377,BIKE_FRIENDLY_PEDESTRIAN_PATH,49.04395192,Forward
378,BIKE_FRIENDLY_PEDESTRIAN_PATH,199.7421338,Forward
379,BIKE_FRIENDLY_PEDESTRIAN_PATH,12.94325181,Forward
380,BIKE_FRIENDLY_PEDESTRIAN_PATH,735.8859568,Forward
381,BIKE_FRIENDLY_PEDESTRIAN_PATH,90.24145366,Forward
382,BIKE_FRIENDLY_PEDESTRIAN_PATH,481.4770719,Bi-Directional
383,SEPARATE_TRAIL,26.4489083,Bi-Directional
384,BIKE_FRIENDLY_PEDESTRIAN_PATH,52.16020655,Forward
385,BIKE_FRIENDLY_PEDESTRIAN_PATH,478.5439069,Forward
386,SEPARATE_TRAIL,813.0210993,Forward
387,SEPARATE_TRAIL,64.3057487,Forward
388,SEPARATE_TRAIL,24.81204971,Forward
389,SEPARATE_TRAIL,12.7781043,Forward
390,BIKE_FRIENDLY_PEDESTRIAN_PATH,159.9466258,Forward
391,SEPARATE_TRAIL,56.07851919,Bi-Directional
392,SHARED_ROAD,315.3430858,Bi-Directional
393,BIKE_FRIENDLY_PEDESTRIAN_PATH,683.8069877,Forward
394,BIKE_FRIENDLY_PEDESTRIAN_PATH,476.0821322,Forward
395,BIKE_FRIENDLY_PEDESTRIAN_PATH,65.66691137,Forward
396,BIKE_FRIENDLY_PEDESTRIAN_PATH,23.67222941,Forward
397,BIKE_FRIENDLY_PEDESTRIAN_PATH,119.4659166,Forward
398,SEPARATE_TRAIL,187.6245027,Forward
399,SEPARATE_TRAIL,24.83843829,Forward
400,BIKE_FRIENDLY_PEDESTRIAN_PATH,159.5519587,Forward
401,SEPARATE_TRAIL,134.5127883,Forward
402,SEPARATE_TRAIL,245.1257715,Forward
403,BIKE_FRIENDLY_PEDESTRIAN_PATH,63.58481632,Forward
404,BIKE_FRIENDLY_PEDESTRIAN_PATH,196.1814382,Forward
405,BIKE_FRIENDLY_PEDESTRIAN_PATH,57.60524749,Forward
406,BIKE_FRIENDLY_PEDESTRIAN_PATH,260.3479424,Forward
407,BIKE_FRIENDLY_PEDESTRIAN_PATH,262.9265522,Forward
408,SEPARATE_TRAIL,99.20081873,Forward
409,BIKE_FRIENDLY_PEDESTRIAN_PATH,46.57366267,Forward
410,BIKE_FRIENDLY_PEDESTRIAN_PATH,144.2234059,Forward
411,BIKE_FRIENDLY_PEDESTRIAN_PATH,54.52597384,Forward
412,BIKE_FRIENDLY_PEDESTRIAN_PATH,166.4851122,Forward
413,BIKE_FRIENDLY_PEDESTRIAN_PATH,200.7511739,Forward
414,BIKE_FRIENDLY_PEDESTRIAN_PATH,240.2197472,Forward
415,BIKE_FRIENDLY_PEDESTRIAN_PATH,43.38237351,Forward
416,BIKE_FRIENDLY_PEDESTRIAN_PATH,236.4396148,Forward
417,SEPARATE_TRAIL,107.5411364,Forward
418,BIKE_FRIENDLY_PEDESTRIAN_PATH,18.43281738,Forward
419,BIKE_FRIENDLY_PEDESTRIAN_PATH,196.1861387,Forward
420,SEPARATE_TRAIL,60.2600819,Forward
421,BIKE_FRIENDLY_PEDESTRIAN_PATH,87.52220856,Forward
422,BIKE_FRIENDLY_PEDESTRIAN_PATH,105.7644279,Forward
423,SEPARATE_TRAIL,259.5515591,Forward
424,BIKE_FRIENDLY_PEDESTRIAN_PATH,41.10264933,Forward
425,BIKE_FRIENDLY_PEDESTRIAN_PATH,40.18867263,Forward
426,BIKE_FRIENDLY_PEDESTRIAN_PATH,141.7989303,Forward
427,BIKE_FRIENDLY_PEDESTRIAN_PATH,15.59505733,Forward
428,BIKE_FRIENDLY_PEDESTRIAN_PATH,279.5238496,Forward
429,BIKE_FRIENDLY_PEDESTRIAN_PATH,16.55801263,Forward
430,BIKE_FRIENDLY_PEDESTRIAN_PATH,80.86539822,Forward
431,BIKE_FRIENDLY_PEDESTRIAN_PATH,53.76370102,Forward
432,BIKE_FRIENDLY_PEDESTRIAN_PATH,391.2406925,Forward
433,BIKE_FRIENDLY_PEDESTRIAN_PATH,222.5134601,Forward
434,BIKE_FRIENDLY_PEDESTRIAN_PATH,71.2451233,Forward
435,BIKE_FRIENDLY_PEDESTRIAN_PATH,86.50732589,Forward
436,BIKE_FRIENDLY_PEDESTRIAN_PATH,78.43082158,Forward
437,SEPARATE_TRAIL,377.3489789,Forward
438,BIKE_FRIENDLY_PEDESTRIAN_PATH,42.80993213,Forward
439,BIKE_FRIENDLY_PEDESTRIAN_PATH,13.31428959,Forward
440,BIKE_FRIENDLY_PEDESTRIAN_PATH,17.42026962,Forward
441,BIKE_FRIENDLY_PEDESTRIAN_PATH,236.1816217,Forward
442,BIKE_FRIENDLY_PEDESTRIAN_PATH,51.19335404,Forward
443,SEPARATE_TRAIL,19.8481195,Forward
444,BIKE_FRIENDLY_PEDESTRIAN_PATH,211.6063357,Forward
445,BIKE_FRIENDLY_PEDESTRIAN_PATH,110.956699,Forward
446,BIKE_FRIENDLY_PEDESTRIAN_PATH,88.33295573,Forward
447,BIKE_FRIENDLY_PEDESTRIAN_PATH,101.3419787,Forward
448,BIKE_FRIENDLY_PEDESTRIAN_PATH,90.82317246,Forward
449,SEPARATE_TRAIL,280.6708738,Forward
450,BIKE_FRIENDLY_PEDESTRIAN_PATH,69.06605291,Forward
451,BIKE_FRIENDLY_PEDESTRIAN_PATH,44.97761647,Forward
452,BIKE_FRIENDLY_PEDESTRIAN_PATH,43.31632627,Forward
453,BIKE_FRIENDLY_PEDESTRIAN_PATH,91.77520307,Forward
454,BIKE_FRIENDLY_PEDESTRIAN_PATH,89.86563425,Forward
455,BIKE_FRIENDLY_PEDESTRIAN_PATH,36.30959295,Forward
456,BIKE_FRIENDLY_PEDESTRIAN_PATH,418.9512493,Forward
457,BIKE_FRIENDLY_PEDESTRIAN_PATH,52.62729116,Forward
458,SEPARATE_TRAIL,395.0232842,Forward
459,BIKE_FRIENDLY_PEDESTRIAN_PATH,131.0731795,Forward
460,BIKE_FRIENDLY_PEDESTRIAN_PATH,115.0529487,Forward
461,BIKE_FRIENDLY_PEDESTRIAN_PATH,92.56504665,Forward
462,BIKE_FRIENDLY_PEDESTRIAN_PATH,99.0470649,Forward
463,BIKE_FRIENDLY_PEDESTRIAN_PATH,474.8152997,Forward
464,BIKE_FRIENDLY_PEDESTRIAN_PATH,101.305386,Forward
465,BIKE_FRIENDLY_PEDESTRIAN_PATH,97.52052788,Forward
466,BIKE_FRIENDLY_PEDESTRIAN_PATH,131.0923051,Forward
467,BIKE_FRIENDLY_PEDESTRIAN_PATH,99.4791177,Forward
468,BIKE_FRIENDLY_PEDESTRIAN_PATH,96.23611786,Forward
469,BIKE_FRIENDLY_PEDESTRIAN_PATH,314.6408017,Forward
470,BIKE_FRIENDLY_PEDESTRIAN_PATH,1457.743195,Forward
471,SEPARATE_TRAIL,179.3327064,Forward
472,SEPARATE_TRAIL,123.8713257,Forward
473,BIKE_FRIENDLY_PEDESTRIAN_PATH,331.8367289,Forward
474,BIKE_FRIENDLY_PEDESTRIAN_PATH,94.82011795,Forward
475,NON_TRAFFIC_TRAIL,32.55764119,Bi-Directional
476,NON_TRAFFIC_TRAIL,64.19501538,Bi-Directional
477,NON_TRAFFIC_TRAIL,205.2535703,Bi-Directional
478,BIKE_FRIENDLY_PEDESTRIAN_PATH,718.8652405,Forward
479,SEPARATE_TRAIL,129.5015706,Forward
480,SEPARATE_TRAIL,90.26138765,Forward
481,BIKE_FRIENDLY_PEDESTRIAN_PATH,555.7643345,Forward
482,BIKE_FRIENDLY_PEDESTRIAN_PATH,321.3097049,Forward
483,NON_TRAFFIC_TRAIL,15.78267761,Bi-Directional
484,NON_TRAFFIC_TRAIL,20.75368274,Bi-Directional
485,BIKE_FRIENDLY_PEDESTRIAN_PATH,84.59527462,Forward
486,BIKE_FRIENDLY_PEDESTRIAN_PATH,214.8751367,Forward
487,NON_TRAFFIC_TRAIL,129.0761691,Bi-Directional
488,NON_TRAFFIC_TRAIL,34.70942815,Bi-Directional
489,BIKE_FRIENDLY_PEDESTRIAN_PATH,75.26830504,Forward
490,BIKE_FRIENDLY_PEDESTRIAN_PATH,647.8522061,Forward
491,NON_TRAFFIC_TRAIL,69.59141336,Bi-Directional
492,BIKE_FRIENDLY_PEDESTRIAN_PATH,563.5467198,Forward
493,BIKE_FRIENDLY_PEDESTRIAN_PATH,783.5129577,Forward
494,SEPARATE_TRAIL,63.68164855,Forward
495,NON_TRAFFIC_TRAIL,62.64830101,Bi-Directional
496,NON_TRAFFIC_TRAIL,64.66065264,Bi-Directional
497,NON_TRAFFIC_TRAIL,29,Bi-Directional
498,BIKE_FRIENDLY_PEDESTRIAN_PATH,236.5593491,Forward
499,BIKE_FRIENDLY_PEDESTRIAN_PATH,125.367738,Forward
500,BIKE_FRIENDLY_PEDESTRIAN_PATH,793.1841249,Forward
501,NON_TRAFFIC_TRAIL,30.52867504,Bi-Directional
502,NON_TRAFFIC_TRAIL,9.433981132,Bi-Directional
503,BIKE_FRIENDLY_PEDESTRIAN_PATH,79.03664685,Forward
504,BIKE_FRIENDLY_PEDESTRIAN_PATH,83.54518018,Forward
505,NON_TRAFFIC_TRAIL,28.14392992,Bi-Directional
506,NON_TRAFFIC_TRAIL,44.68780594,Bi-Directional
507,NON_TRAFFIC_TRAIL,571.6403697,Bi-Directional
508,BIKE_FRIENDLY_PEDESTRIAN_PATH,339.6733786,Forward
509,BIKE_FRIENDLY_PEDESTRIAN_PATH,152.7944254,Forward
510,SEPARATE_TRAIL,237.494611,Forward
511,SEPARATE_TRAIL,152.3074283,Forward
512,SEPARATE_TRAIL,1028.891684,Forward
513,BIKE_FRIENDLY_PEDESTRIAN_PATH,1445.130133,Forward
514,NON_TRAFFIC_TRAIL,875.0438875,Bi-Directional
515,NON_TRAFFIC_TRAIL,54.92741536,Bi-Directional
516,NON_TRAFFIC_TRAIL,124.8396696,Bi-Directional
517,SEPARATE_TRAIL,501.886936,Forward
518,BIKE_FRIENDLY_PEDESTRIAN_PATH,433.278102,Forward
519,BIKE_FRIENDLY_PEDESTRIAN_PATH,322.4350943,Forward
520,BIKE_FRIENDLY_PEDESTRIAN_PATH,760.3174022,Forward
521,BIKE_FRIENDLY_PEDESTRIAN_PATH,702.4281756,Forward
522,BIKE_FRIENDLY_PEDESTRIAN_PATH,1272.966472,Forward
523,BIKE_FRIENDLY_PEDESTRIAN_PATH,295.2271507,Forward
524,SEPARATE_TRAIL,487.2187073,Forward
525,NON_TRAFFIC_TRAIL,31.6270334,Bi-Directional
526,BIKE_FRIENDLY_PEDESTRIAN_PATH,1149.700675,Forward
527,NON_TRAFFIC_TRAIL,69.35416354,Bi-Directional
528,NON_TRAFFIC_TRAIL,407.5266521,Bi-Directional
529,BIKE_FRIENDLY_PEDESTRIAN_PATH,446.8699147,Forward
530,BIKE_FRIENDLY_PEDESTRIAN_PATH,238.9644133,Forward
531,NON_TRAFFIC_TRAIL,82.04221023,Bi-Directional
532,NON_TRAFFIC_TRAIL,25.3179778,Bi-Directional
533,BIKE_FRIENDLY_PEDESTRIAN_PATH,388.0861098,Forward
534,SEPARATE_TRAIL,553.2060959,Forward
535,BIKE_FRIENDLY_PEDESTRIAN_PATH,1181.499079,Forward
536,NON_TRAFFIC_TRAIL,183.7503145,Bi-Directional
537,NON_TRAFFIC_TRAIL,252.399108,Bi-Directional
538,BIKE_FRIENDLY_PEDESTRIAN_PATH,313.6848584,Forward
539,NON_TRAFFIC_TRAIL,52.17278984,Bi-Directional
540,SEPARATE_TRAIL,1157.273238,Forward
541,NON_TRAFFIC_TRAIL,67.89698079,Bi-Directional
542,NON_TRAFFIC_TRAIL,23.06466177,Bi-Directional
543,NON_TRAFFIC_TRAIL,68.65857558,Bi-Directional
544,NON_TRAFFIC_TRAIL,38.90158425,Bi-Directional
545,SEPARATE_TRAIL,51.15094653,Forward
546,BIKE_FRIENDLY_PEDESTRIAN_PATH,126.4696259,Forward
547,BIKE_FRIENDLY_PEDESTRIAN_PATH,303.0531441,Forward
548,BIKE_FRIENDLY_PEDESTRIAN_PATH,45.31008037,Forward
549,BIKE_FRIENDLY_PEDESTRIAN_PATH,451.3759632,Forward
550,BIKE_FRIENDLY_PEDESTRIAN_PATH,376.5196091,Forward
551,NON_TRAFFIC_TRAIL,14.84882547,Bi-Directional
552,NON_TRAFFIC_TRAIL,12.36931688,Bi-Directional
553,NON_TRAFFIC_TRAIL,419.9279669,Bi-Directional
554,NON_TRAFFIC_TRAIL,486.048327,Bi-Directional
555,BIKE_FRIENDLY_PEDESTRIAN_PATH,680.9019029,Forward
556,BIKE_FRIENDLY_PEDESTRIAN_PATH,140.7050719,Forward
557,NON_TRAFFIC_TRAIL,39.62198619,Bi-Directional
558,NON_TRAFFIC_TRAIL,42.34075192,Bi-Directional
559,NON_TRAFFIC_TRAIL,21.18033989,Bi-Directional
560,NON_TRAFFIC_TRAIL,42.90343608,Bi-Directional
561,NON_TRAFFIC_TRAIL,91.86925174,Bi-Directional
562,BIKE_FRIENDLY_PEDESTRIAN_PATH,889.995584,Forward
563,SEPARATE_TRAIL,1764.78831,Forward
564,BIKE_FRIENDLY_PEDESTRIAN_PATH,1444.353599,Forward
565,BIKE_FRIENDLY_PEDESTRIAN_PATH,973.8134216,Forward
566,NON_TRAFFIC_TRAIL,98.61014615,Bi-Directional
567,SEPARATE_TRAIL,441.8684949,Forward
568,NON_TRAFFIC_TRAIL,177.8377117,Bi-Directional
569,NON_TRAFFIC_TRAIL,206.7349572,Bi-Directional
570,NON_TRAFFIC_TRAIL,209.3633658,Bi-Directional
571,NON_TRAFFIC_TRAIL,36.77815978,Bi-Directional
572,NON_TRAFFIC_TRAIL,205.7324588,Bi-Directional
573,NON_TRAFFIC_TRAIL,35.09729402,Bi-Directional
574,NON_TRAFFIC_TRAIL,17.08800749,Bi-Directional
575,NON_TRAFFIC_TRAIL,25.49509757,Bi-Directional
576,BIKE_FRIENDLY_PEDESTRIAN_PATH,426.4973136,Forward
577,BIKE_FRIENDLY_PEDESTRIAN_PATH,200.7617097,Forward
578,SEPARATE_TRAIL,678.1050514,Forward
579,NON_TRAFFIC_TRAIL,37.57658846,Bi-Directional
580,BIKE_FRIENDLY_PEDESTRIAN_PATH,163.0196195,Forward
581,BIKE_FRIENDLY_PEDESTRIAN_PATH,239.761622,Forward
582,NON_TRAFFIC_TRAIL,52.1037478,Bi-Directional
583,NON_TRAFFIC_TRAIL,96.45705333,Bi-Directional
584,NON_TRAFFIC_TRAIL,71.02112362,Bi-Directional
585,NON_TRAFFIC_TRAIL,59.16924877,Bi-Directional
586,NON_TRAFFIC_TRAIL,569.9758301,Bi-Directional
587,NON_TRAFFIC_TRAIL,58.69250766,Bi-Directional
588,BIKE_FRIENDLY_PEDESTRIAN_PATH,40.77701721,Forward
589,NON_TRAFFIC_TRAIL,109.5295443,Bi-Directional
590,BIKE_FRIENDLY_PEDESTRIAN_PATH,399.5784383,Forward
591,BIKE_FRIENDLY_PEDESTRIAN_PATH,11.18296335,Forward
592,BIKE_FRIENDLY_PEDESTRIAN_PATH,364.038165,Forward
593,BIKE_FRIENDLY_PEDESTRIAN_PATH,1006.308487,Forward
594,NON_TRAFFIC_TRAIL,116.4882321,Bi-Directional
595,NON_TRAFFIC_TRAIL,654.6920342,Bi-Directional
596,NON_TRAFFIC_TRAIL,156.9840756,Bi-Directional
597,BIKE_FRIENDLY_PEDESTRIAN_PATH,691.3393671,Forward
598,NON_TRAFFIC_TRAIL,79.78989071,Bi-Directional
599,NON_TRAFFIC_TRAIL,85.93957641,Bi-Directional
600,NON_TRAFFIC_TRAIL,11.04536102,Bi-Directional
601,NON_TRAFFIC_TRAIL,59.17721738,Bi-Directional
602,NON_TRAFFIC_TRAIL,142.6306894,Bi-Directional
603,BIKE_FRIENDLY_PEDESTRIAN_PATH,909.5398779,Forward
604,NON_TRAFFIC_TRAIL,369.9635805,Bi-Directional
605,NON_TRAFFIC_TRAIL,95.64039581,Bi-Directional
606,BIKE_FRIENDLY_PEDESTRIAN_PATH,410.336761,Forward
607,BIKE_FRIENDLY_PEDESTRIAN_PATH,2112.398644,Forward
608,NON_TRAFFIC_TRAIL,12.64911064,Bi-Directional
609,NON_TRAFFIC_TRAIL,284.2923061,Bi-Directional
610,NON_TRAFFIC_TRAIL,148.3205777,Bi-Directional
611,NON_TRAFFIC_TRAIL,10.44030651,Bi-Directional
612,NON_TRAFFIC_TRAIL,148.9437272,Bi-Directional
613,SEPARATE_TRAIL,104.3406596,Forward
614,NON_TRAFFIC_TRAIL,206.6728602,Bi-Directional
615,NON_TRAFFIC_TRAIL,35.69530844,Bi-Directional
616,NON_TRAFFIC_TRAIL,18.38123214,Bi-Directional
617,BIKE_FRIENDLY_PEDESTRIAN_PATH,783.2456137,Forward
618,NON_TRAFFIC_TRAIL,72.76944016,Bi-Directional
619,SEPARATE_TRAIL,449.4884259,Forward
620,BIKE_FRIENDLY_PEDESTRIAN_PATH,160.8360966,Forward
621,NON_TRAFFIC_TRAIL,17.9852897,Bi-Directional
622,BIKE_FRIENDLY_PEDESTRIAN_PATH,235.8596219,Forward
623,NON_TRAFFIC_TRAIL,40.63613451,Bi-Directional
624,NON_TRAFFIC_TRAIL,532.0462283,Bi-Directional
625,BIKE_FRIENDLY_PEDESTRIAN_PATH,685.3550112,Forward
626,NON_TRAFFIC_TRAIL,59.67905631,Bi-Directional
627,NON_TRAFFIC_TRAIL,15.23154621,Bi-Directional
628,NON_TRAFFIC_TRAIL,8.246211251,Bi-Directional
629,NON_TRAFFIC_TRAIL,80.93887201,Bi-Directional
630,BIKE_FRIENDLY_PEDESTRIAN_PATH,193.5711241,Forward
631,BIKE_FRIENDLY_PEDESTRIAN_PATH,15.41786865,Forward
632,BIKE_FRIENDLY_PEDESTRIAN_PATH,18.41074915,Forward
633,BIKE_FRIENDLY_PEDESTRIAN_PATH,25.08229643,Forward
634,BIKE_FRIENDLY_PEDESTRIAN_PATH,122.0970577,Forward
635,NON_TRAFFIC_TRAIL,20.57486756,Bi-Directional
636,SEPARATE_TRAIL,262.5501824,Forward
637,NON_TRAFFIC_TRAIL,15.03329638,Bi-Directional
638,NON_TRAFFIC_TRAIL,13.03840481,Bi-Directional
639,NON_TRAFFIC_TRAIL,52.13707273,Bi-Directional
640,NON_TRAFFIC_TRAIL,29.73213749,Bi-Directional
641,NON_TRAFFIC_TRAIL,55.15432893,Bi-Directional
642,NON_TRAFFIC_TRAIL,323.8612639,Bi-Directional
643,BIKE_FRIENDLY_PEDESTRIAN_PATH,797.8317279,Forward
644,BIKE_FRIENDLY_PEDESTRIAN_PATH,61.98722184,Bi-Directional
645,BIKE_FRIENDLY_PEDESTRIAN_PATH,506.0257323,Forward
646,NON_TRAFFIC_TRAIL,15.5241747,Bi-Directional
647,NON_TRAFFIC_TRAIL,20.24845673,Bi-Directional
648,NON_TRAFFIC_TRAIL,14.76482306,Bi-Directional
649,BIKE_FRIENDLY_PEDESTRIAN_PATH,130.8408293,Forward
650,SEPARATE_TRAIL,1647.264055,Forward
651,NON_TRAFFIC_TRAIL,22.84731932,Bi-Directional
652,NON_TRAFFIC_TRAIL,12.16552506,Bi-Directional
653,NON_TRAFFIC_TRAIL,81.54492223,Bi-Directional
654,NON_TRAFFIC_TRAIL,29.2338181,Bi-Directional
655,SEPARATE_TRAIL,12.1586084,Forward
656,NON_TRAFFIC_TRAIL,17.02938637,Bi-Directional
657,BIKE_FRIENDLY_PEDESTRIAN_PATH,523.6505895,Forward
658,NON_TRAFFIC_TRAIL,193.6574889,Bi-Directional
659,NON_TRAFFIC_TRAIL,10.29563014,Bi-Directional
660,NON_TRAFFIC_TRAIL,20.61552813,Bi-Directional
661,BIKE_FRIENDLY_PEDESTRIAN_PATH,1034.443812,Forward
662,NON_TRAFFIC_TRAIL,276.0905649,Bi-Directional
663,NON_TRAFFIC_TRAIL,8.94427191,Bi-Directional
664,NON_TRAFFIC_TRAIL,31.90611227,Bi-Directional
665,NON_TRAFFIC_TRAIL,78.18567644,Bi-Directional
666,BIKE_FRIENDLY_PEDESTRIAN_PATH,125.2416307,Forward
667,NON_TRAFFIC_TRAIL,179.3309914,Bi-Directional
668,SEPARATE_TRAIL,427.6657272,Forward
669,NON_TRAFFIC_TRAIL,165.7699546,Bi-Directional
670,BIKE_FRIENDLY_PEDESTRIAN_PATH,19.77041473,Forward
671,SEPARATE_TRAIL,147.5185138,Forward
672,NON_TRAFFIC_TRAIL,89.47066558,Bi-Directional
673,NON_TRAFFIC_TRAIL,20.59126028,Bi-Directional
674,NON_TRAFFIC_TRAIL,51.35645485,Bi-Directional
675,NON_TRAFFIC_TRAIL,97.34561298,Bi-Directional
676,NON_TRAFFIC_TRAIL,87.46274713,Bi-Directional
677,NON_TRAFFIC_TRAIL,10.19803903,Bi-Directional
678,NON_TRAFFIC_TRAIL,69.26484259,Bi-Directional
679,NON_TRAFFIC_TRAIL,208.913127,Bi-Directional
680,NON_TRAFFIC_TRAIL,35.6931366,Bi-Directional
681,NON_TRAFFIC_TRAIL,157.2802273,Bi-Directional
682,NON_TRAFFIC_TRAIL,49.64876635,Bi-Directional
683,NON_TRAFFIC_TRAIL,53.03772242,Bi-Directional
684,NON_TRAFFIC_TRAIL,34.43691933,Bi-Directional
685,NON_TRAFFIC_TRAIL,28.65309756,Bi-Directional
686,SEPARATE_TRAIL,536.3676498,Forward
687,SEPARATE_TRAIL,497.9448991,Forward
688,BIKE_FRIENDLY_PEDESTRIAN_PATH,200.5737212,Forward
689,BIKE_FRIENDLY_PEDESTRIAN_PATH,490.5234149,Forward
690,NON_TRAFFIC_TRAIL,60.14149982,Bi-Directional
691,NON_TRAFFIC_TRAIL,10.63014581,Bi-Directional
692,BIKE_FRIENDLY_PEDESTRIAN_PATH,380.9473073,Forward
693,BIKE_FRIENDLY_PEDESTRIAN_PATH,1923.74262,Forward
694,NON_TRAFFIC_TRAIL,58.07753438,Bi-Directional
695,SEPARATE_TRAIL,85.4787664,Forward
696,NON_TRAFFIC_TRAIL,101.719571,Bi-Directional
697,NON_TRAFFIC_TRAIL,112.6408,Bi-Directional
698,NON_TRAFFIC_TRAIL,14.2126704,Bi-Directional
699,SEPARATE_TRAIL,155.9714709,Forward
700,NON_TRAFFIC_TRAIL,27.05868476,Bi-Directional
701,NON_TRAFFIC_TRAIL,19.7279262,Bi-Directional
702,BIKE_FRIENDLY_PEDESTRIAN_PATH,91.90967649,Forward
703,NON_TRAFFIC_TRAIL,49.23177,Bi-Directional
704,NON_TRAFFIC_TRAIL,49.98647021,Bi-Directional
705,BIKE_FRIENDLY_PEDESTRIAN_PATH,703.1744762,Forward
706,NON_TRAFFIC_TRAIL,42.72059035,Bi-Directional
707,NON_TRAFFIC_TRAIL,1232.381268,Bi-Directional
708,BIKE_FRIENDLY_PEDESTRIAN_PATH,59.97464611,Forward
709,BIKE_FRIENDLY_PEDESTRIAN_PATH,333.0522395,Forward
710,BIKE_FRIENDLY_PEDESTRIAN_PATH,406.7250178,Forward
711,BIKE_FRIENDLY_PEDESTRIAN_PATH,258.9506432,Forward
712,NON_TRAFFIC_TRAIL,25.20937271,Bi-Directional
713,NON_TRAFFIC_TRAIL,333.7025612,Bi-Directional
714,SEPARATE_TRAIL,153.3534658,Forward
715,BIKE_FRIENDLY_PEDESTRIAN_PATH,1869.330206,Forward
716,NON_TRAFFIC_TRAIL,105.7062733,Bi-Directional
717,NON_TRAFFIC_TRAIL,29.15475947,Bi-Directional
718,SEPARATE_TRAIL,524.2573412,Forward
719,BIKE_FRIENDLY_PEDESTRIAN_PATH,148.3123308,Forward
720,SHARED_ROAD,328.2348731,Bi-Directional
721,NON_TRAFFIC_TRAIL,18.95589028,Bi-Directional
722,NON_TRAFFIC_TRAIL,35.22782991,Bi-Directional
723,SEPARATE_TRAIL,90.47140393,Forward
724,BIKE_FRIENDLY_PEDESTRIAN_PATH,255.0682356,Forward
725,NON_TRAFFIC_TRAIL,56.01417167,Bi-Directional
726,NON_TRAFFIC_TRAIL,17.19374331,Bi-Directional
727,SEPARATE_TRAIL,224.0325398,Forward
728,NON_TRAFFIC_TRAIL,11.66190379,Bi-Directional
729,NON_TRAFFIC_TRAIL,16.1245155,Bi-Directional
730,NON_TRAFFIC_TRAIL,20.36404899,Bi-Directional
731,NON_TRAFFIC_TRAIL,62.82518232,Bi-Directional
732,NON_TRAFFIC_TRAIL,7.615773106,Bi-Directional
733,NON_TRAFFIC_TRAIL,58.03447251,Bi-Directional
734,NON_TRAFFIC_TRAIL,12,Bi-Directional
735,SEPARATE_TRAIL,247.6347691,Forward
736,SEPARATE_TRAIL,171.8833952,Forward
737,NON_TRAFFIC_TRAIL,31.40063694,Bi-Directional
738,BIKE_FRIENDLY_PEDESTRIAN_PATH,71.34053764,Forward
739,BIKE_FRIENDLY_PEDESTRIAN_PATH,38.08603358,Forward
740,BIKE_FRIENDLY_PEDESTRIAN_PATH,64.26171925,Forward
741,SEPARATE_TRAIL,19.84808709,Forward
742,NON_TRAFFIC_TRAIL,26.92582404,Bi-Directional
743,NON_TRAFFIC_TRAIL,72.97345479,Bi-Directional
744,BIKE_FRIENDLY_PEDESTRIAN_PATH,11.12096226,Forward
745,BIKE_FRIENDLY_PEDESTRIAN_PATH,773.6881904,Forward
746,BIKE_FRIENDLY_PEDESTRIAN_PATH,143.037273,Forward
747,BIKE_FRIENDLY_PEDESTRIAN_PATH,112.3957253,Forward
748,SEPARATE_TRAIL,289.6648522,Forward
749,BIKE_FRIENDLY_PEDESTRIAN_PATH,128.578005,Forward
750,BIKE_FRIENDLY_PEDESTRIAN_PATH,135.8605077,Forward
751,NON_TRAFFIC_TRAIL,58.04576318,Bi-Directional
752,BIKE_FRIENDLY_PEDESTRIAN_PATH,93.87463881,Forward
753,BIKE_FRIENDLY_PEDESTRIAN_PATH,88.43435917,Forward
754,BIKE_FRIENDLY_PEDESTRIAN_PATH,115.1613433,Forward
755,BIKE_FRIENDLY_PEDESTRIAN_PATH,148.0066636,Forward
756,NON_TRAFFIC_TRAIL,223.3893871,Bi-Directional
757,BIKE_FRIENDLY_PEDESTRIAN_PATH,169.8159663,Forward
758,BIKE_FRIENDLY_PEDESTRIAN_PATH,70.55520091,Forward
759,BIKE_FRIENDLY_PEDESTRIAN_PATH,74.21811557,Forward
760,BIKE_FRIENDLY_PEDESTRIAN_PATH,80.10602346,Forward
761,BIKE_FRIENDLY_PEDESTRIAN_PATH,117.0134804,Forward
762,BIKE_FRIENDLY_PEDESTRIAN_PATH,107.4806387,Forward
763,NON_TRAFFIC_TRAIL,98.84451234,Bi-Directional
764,NON_TRAFFIC_TRAIL,107.9458925,Bi-Directional
765,BIKE_FRIENDLY_PEDESTRIAN_PATH,90.5441654,Forward
766,BIKE_FRIENDLY_PEDESTRIAN_PATH,109.1765989,Forward
767,SEPARATE_TRAIL,84.35456134,Forward
768,SEPARATE_TRAIL,90.24068237,Forward
769,BIKE_FRIENDLY_PEDESTRIAN_PATH,60.58171777,Forward
770,BIKE_FRIENDLY_PEDESTRIAN_PATH,404.9055637,Forward
771,BIKE_FRIENDLY_PEDESTRIAN_PATH,624.9471141,Forward
772,SHARED_ROAD,223.8316259,Bi-Directional
773,BIKE_FRIENDLY_PEDESTRIAN_PATH,68.25491802,Forward
774,BIKE_FRIENDLY_PEDESTRIAN_PATH,81.82028926,Forward
775,BIKE_FRIENDLY_PEDESTRIAN_PATH,71.34693962,Forward
776,BIKE_FRIENDLY_PEDESTRIAN_PATH,184.746429,Forward
777,BIKE_FRIENDLY_PEDESTRIAN_PATH,85.24377625,Forward
778,BIKE_FRIENDLY_PEDESTRIAN_PATH,210.4563505,Forward
779,BIKE_FRIENDLY_PEDESTRIAN_PATH,231.8911106,Forward
780,BIKE_FRIENDLY_PEDESTRIAN_PATH,16.85365779,Forward
781,NON_TRAFFIC_TRAIL,221.9051987,Bi-Directional
782,BIKE_FRIENDLY_PEDESTRIAN_PATH,320.0496003,Forward
783,SEPARATE_TRAIL,178.6846248,Forward
784,BIKE_FRIENDLY_PEDESTRIAN_PATH,1.846412629,Forward
785,BIKE_FRIENDLY_PEDESTRIAN_PATH,88.05460586,Forward
786,BIKE_FRIENDLY_PEDESTRIAN_PATH,138.6926165,Forward
787,NON_TRAFFIC_TRAIL,5.830951895,Bi-Directional
788,NON_TRAFFIC_TRAIL,84.40295816,Bi-Directional
789,NON_TRAFFIC_TRAIL,849.7316408,Bi-Directional
790,BIKE_FRIENDLY_PEDESTRIAN_PATH,179.3416775,Forward
791,BIKE_FRIENDLY_PEDESTRIAN_PATH,61.5144173,Forward
792,NON_TRAFFIC_TRAIL,1640.04431,Bi-Directional
793,SEPARATE_TRAIL,46.54677556,Forward
794,BIKE_FRIENDLY_PEDESTRIAN_PATH,107.7944291,Forward
795,BIKE_FRIENDLY_PEDESTRIAN_PATH,24.10665112,Forward
796,BIKE_FRIENDLY_PEDESTRIAN_PATH,75.6488942,Forward
797,BIKE_FRIENDLY_PEDESTRIAN_PATH,135.4020694,Forward
798,SEPARATE_TRAIL,85.78096569,Forward
799,BIKE_FRIENDLY_PEDESTRIAN_PATH,105.1215244,Forward
800,BIKE_FRIENDLY_PEDESTRIAN_PATH,121.7351036,Forward
801,SEPARATE_TRAIL,127.7597845,Forward
802,NON_TRAFFIC_TRAIL,253.8378248,Bi-Directional
803,NON_TRAFFIC_TRAIL,244.2202505,Bi-Directional
804,BIKE_FRIENDLY_PEDESTRIAN_PATH,33.32285082,Forward
805,BIKE_FRIENDLY_PEDESTRIAN_PATH,64.10985102,Forward
806,NON_TRAFFIC_TRAIL,25.44030651,Bi-Directional
807,BIKE_FRIENDLY_PEDESTRIAN_PATH,163.6394978,Forward
808,BIKE_FRIENDLY_PEDESTRIAN_PATH,51.09937388,Forward
809,NON_TRAFFIC_TRAIL,29.25880817,Bi-Directional
810,NON_TRAFFIC_TRAIL,400.7156015,Bi-Directional
811,NON_TRAFFIC_TRAIL,36.4234865,Bi-Directional
812,NON_TRAFFIC_TRAIL,71.82007426,Bi-Directional
813,NON_TRAFFIC_TRAIL,19.41648784,Bi-Directional
814,NON_TRAFFIC_TRAIL,63.48887459,Bi-Directional
815,NON_TRAFFIC_TRAIL,98.50888285,Bi-Directional
816,NON_TRAFFIC_TRAIL,18.24828759,Bi-Directional
817,BIKE_FRIENDLY_PEDESTRIAN_PATH,114.5123681,Forward
818,NON_TRAFFIC_TRAIL,71.0070419,Bi-Directional
819,NON_TRAFFIC_TRAIL,4394.424861,Bi-Directional
820,NON_TRAFFIC_TRAIL,39.32156872,Bi-Directional
821,NON_TRAFFIC_TRAIL,20.42128469,Bi-Directional
822,NON_TRAFFIC_TRAIL,39.32408296,Bi-Directional
823,NON_TRAFFIC_TRAIL,296.2265123,Bi-Directional
824,NON_TRAFFIC_TRAIL,382.077739,Bi-Directional
825,NON_TRAFFIC_TRAIL,20.51828453,Bi-Directional
826,NON_TRAFFIC_TRAIL,28.74717008,Bi-Directional
827,NON_TRAFFIC_TRAIL,39.56008089,Bi-Directional
828,NON_TRAFFIC_TRAIL,546.1943127,Bi-Directional
829,NON_TRAFFIC_TRAIL,66.93138263,Bi-Directional
830,NON_TRAFFIC_TRAIL,519.4672425,Bi-Directional
831,NON_TRAFFIC_TRAIL,537.6213709,Bi-Directional
832,NON_TRAFFIC_TRAIL,330.6076981,Bi-Directional
833,NON_TRAFFIC_TRAIL,45.05267156,Bi-Directional
834,NON_TRAFFIC_TRAIL,8.928201513,Bi-Directional
835,NON_TRAFFIC_TRAIL,30.2654919,Bi-Directional
836,NON_TRAFFIC_TRAIL,70.31516266,Bi-Directional
837,NON_TRAFFIC_TRAIL,120.6015163,Bi-Directional
838,NON_TRAFFIC_TRAIL,48.40477056,Bi-Directional
839,NON_TRAFFIC_TRAIL,13.60147051,Bi-Directional
840,NON_TRAFFIC_TRAIL,162.2429767,Bi-Directional
841,NON_TRAFFIC_TRAIL,28.44292531,Bi-Directional
842,NON_TRAFFIC_TRAIL,66.48308055,Bi-Directional
843,NON_TRAFFIC_TRAIL,24.51530134,Bi-Directional
844,NON_TRAFFIC_TRAIL,332.4839252,Bi-Directional
845,NON_TRAFFIC_TRAIL,70.71067812,Bi-Directional
846,NON_TRAFFIC_TRAIL,29.73244464,Bi-Directional
847,NON_TRAFFIC_TRAIL,82.15703032,Bi-Directional
848,NON_TRAFFIC_TRAIL,107.418529,Bi-Directional
849,NON_TRAFFIC_TRAIL,117.0752294,Bi-Directional
850,NON_TRAFFIC_TRAIL,60.19452487,Bi-Directional
851,NON_TRAFFIC_TRAIL,13.45362405,Bi-Directional
852,NON_TRAFFIC_TRAIL,142.2408376,Bi-Directional
853,NON_TRAFFIC_TRAIL,563.5279649,Bi-Directional
854,NON_TRAFFIC_TRAIL,26.2488095,Bi-Directional
855,NON_TRAFFIC_TRAIL,31.6227766,Bi-Directional
856,NON_TRAFFIC_TRAIL,173.5203348,Bi-Directional
857,NON_TRAFFIC_TRAIL,72.47194296,Bi-Directional
858,NON_TRAFFIC_TRAIL,566.1186146,Bi-Directional
859,NON_TRAFFIC_TRAIL,107.7915665,Bi-Directional
860,NON_TRAFFIC_TRAIL,123.8376937,Bi-Directional
861,NON_TRAFFIC_TRAIL,182.9548403,Bi-Directional
862,NON_TRAFFIC_TRAIL,93.27818242,Bi-Directional
863,NON_TRAFFIC_TRAIL,100.7309903,Bi-Directional
864,NON_TRAFFIC_TRAIL,219.9598454,Bi-Directional
865,NON_TRAFFIC_TRAIL,61.88461437,Bi-Directional
866,NON_TRAFFIC_TRAIL,666.0937932,Bi-Directional
867,NON_TRAFFIC_TRAIL,29.38712038,Bi-Directional
868,NON_TRAFFIC_TRAIL,713.1359372,Bi-Directional
869,NON_TRAFFIC_TRAIL,61.87509151,Bi-Directional
870,NON_TRAFFIC_TRAIL,592.1445355,Bi-Directional
871,NON_TRAFFIC_TRAIL,33.54101966,Bi-Directional
872,NON_TRAFFIC_TRAIL,44.47885147,Bi-Directional
873,NON_TRAFFIC_TRAIL,120.7912892,Bi-Directional
874,NON_TRAFFIC_TRAIL,35.35533906,Bi-Directional
875,NON_TRAFFIC_TRAIL,244.7832692,Bi-Directional
876,NON_TRAFFIC_TRAIL,16.76305461,Bi-Directional
877,NON_TRAFFIC_TRAIL,27.58622845,Bi-Directional
878,NON_TRAFFIC_TRAIL,92.19312769,Bi-Directional
879,NON_TRAFFIC_TRAIL,32.87809222,Bi-Directional
880,NON_TRAFFIC_TRAIL,30.7069799,Bi-Directional
881,NON_TRAFFIC_TRAIL,102.2861818,Bi-Directional
882,BIKE_FRIENDLY_PEDESTRIAN_PATH,108.4458074,Forward
883,NON_TRAFFIC_TRAIL,1338.632187,Bi-Directional
884,NON_TRAFFIC_TRAIL,108.833641,Bi-Directional
885,NON_TRAFFIC_TRAIL,1866.869383,Bi-Directional
886,NON_TRAFFIC_TRAIL,64.82123324,Bi-Directional
887,NON_TRAFFIC_TRAIL,28.20773281,Bi-Directional
888,NON_TRAFFIC_TRAIL,968.1536869,Bi-Directional
889,NON_TRAFFIC_TRAIL,17.56021978,Bi-Directional
890,NON_TRAFFIC_TRAIL,429.3160156,Bi-Directional
891,NON_TRAFFIC_TRAIL,1461.821745,Bi-Directional
892,NON_TRAFFIC_TRAIL,169.6558271,Bi-Directional
893,NON_TRAFFIC_TRAIL,57.80138407,Bi-Directional
894,NON_TRAFFIC_TRAIL,71.27333174,Bi-Directional
895,NON_TRAFFIC_TRAIL,76.38256505,Bi-Directional
896,NON_TRAFFIC_TRAIL,34.98571137,Bi-Directional
897,NON_TRAFFIC_TRAIL,43.61630674,Bi-Directional
898,NON_TRAFFIC_TRAIL,107.9254338,Bi-Directional
899,NON_TRAFFIC_TRAIL,528.1984777,Bi-Directional
900,NON_TRAFFIC_TRAIL,47.6753989,Bi-Directional
901,NON_TRAFFIC_TRAIL,69.20158358,Bi-Directional
902,NON_TRAFFIC_TRAIL,100.1905236,Bi-Directional
903,NON_TRAFFIC_TRAIL,53.73200242,Bi-Directional
904,NON_TRAFFIC_TRAIL,13,Bi-Directional
905,NON_TRAFFIC_TRAIL,159.0610412,Bi-Directional
906,NON_TRAFFIC_TRAIL,71.56773408,Bi-Directional
907,NON_TRAFFIC_TRAIL,399.339241,Bi-Directional
908,NON_TRAFFIC_TRAIL,392.4856412,Bi-Directional
909,NON_TRAFFIC_TRAIL,59.08609487,Bi-Directional
910,NON_TRAFFIC_TRAIL,70.30728051,Bi-Directional
911,NON_TRAFFIC_TRAIL,53.85164807,Bi-Directional
912,NON_TRAFFIC_TRAIL,38.1902685,Bi-Directional
913,NON_TRAFFIC_TRAIL,135.0249249,Bi-Directional
914,NON_TRAFFIC_TRAIL,13.92838828,Bi-Directional
915,NON_TRAFFIC_TRAIL,13.64120157,Bi-Directional
916,NON_TRAFFIC_TRAIL,41.10960958,Bi-Directional
917,NON_TRAFFIC_TRAIL,44.33760507,Bi-Directional
918,NON_TRAFFIC_TRAIL,112.0896189,Bi-Directional
919,NON_TRAFFIC_TRAIL,181.2767751,Bi-Directional
920,NON_TRAFFIC_TRAIL,44.98190242,Bi-Directional
921,NON_TRAFFIC_TRAIL,23.44334883,Bi-Directional
922,NON_TRAFFIC_TRAIL,23.08679276,Bi-Directional
923,NON_TRAFFIC_TRAIL,33.24154028,Bi-Directional
924,NON_TRAFFIC_TRAIL,674.8134988,Bi-Directional
925,NON_TRAFFIC_TRAIL,81.67442654,Bi-Directional
926,NON_TRAFFIC_TRAIL,45.28128497,Bi-Directional
927,NON_TRAFFIC_TRAIL,22.20360331,Bi-Directional
928,NON_TRAFFIC_TRAIL,141.6580086,Bi-Directional
929,NON_TRAFFIC_TRAIL,15.87250742,Bi-Directional
930,NON_TRAFFIC_TRAIL,308.6563192,Bi-Directional
931,NON_TRAFFIC_TRAIL,574.0932208,Bi-Directional
932,NON_TRAFFIC_TRAIL,436.3478133,Bi-Directional
933,NON_TRAFFIC_TRAIL,80.39767227,Bi-Directional
934,NON_TRAFFIC_TRAIL,128.4665847,Bi-Directional
935,NON_TRAFFIC_TRAIL,239.8817337,Bi-Directional
936,NON_TRAFFIC_TRAIL,97.5807358,Bi-Directional
937,NON_TRAFFIC_TRAIL,27.47919732,Bi-Directional
938,NON_TRAFFIC_TRAIL,70.06814664,Bi-Directional
939,NON_TRAFFIC_TRAIL,103.1440633,Bi-Directional
940,NON_TRAFFIC_TRAIL,93.42658569,Bi-Directional
941,NON_TRAFFIC_TRAIL,126.3328367,Bi-Directional
942,NON_TRAFFIC_TRAIL,369.1367076,Bi-Directional
943,BIKE_FRIENDLY_PEDESTRIAN_PATH,111.9226811,Forward
944,NON_TRAFFIC_TRAIL,533.3942402,Bi-Directional
945,NON_TRAFFIC_TRAIL,534.514418,Bi-Directional
946,NON_TRAFFIC_TRAIL,149.3825194,Bi-Directional
947,NON_TRAFFIC_TRAIL,349.2899098,Bi-Directional
948,NON_TRAFFIC_TRAIL,53.91791569,Bi-Directional
949,NON_TRAFFIC_TRAIL,107.9667736,Bi-Directional
950,NON_TRAFFIC_TRAIL,322.7499373,Bi-Directional
951,NON_TRAFFIC_TRAIL,20,Bi-Directional
952,NON_TRAFFIC_TRAIL,12.20655562,Bi-Directional
953,NON_TRAFFIC_TRAIL,112.261023,Bi-Directional
954,NON_TRAFFIC_TRAIL,14.56021978,Bi-Directional
955,NON_TRAFFIC_TRAIL,36.41054352,Bi-Directional
956,NON_TRAFFIC_TRAIL,198.468545,Bi-Directional
957,NON_TRAFFIC_TRAIL,70,Bi-Directional
958,NON_TRAFFIC_TRAIL,38.42010728,Bi-Directional
959,NON_TRAFFIC_TRAIL,31.06444913,Bi-Directional
960,NON_TRAFFIC_TRAIL,47.61405097,Bi-Directional
961,NON_TRAFFIC_TRAIL,7.280109889,Bi-Directional
962,NON_TRAFFIC_TRAIL,12.73505726,Bi-Directional
963,SEPARATE_TRAIL,85.07299046,Forward
964,BIKE_FRIENDLY_PEDESTRIAN_PATH,33.72064303,Forward
965,NON_TRAFFIC_TRAIL,32.52964612,Bi-Directional
966,NON_TRAFFIC_TRAIL,125.782039,Bi-Directional
967,NON_TRAFFIC_TRAIL,62.76036198,Bi-Directional
968,NON_TRAFFIC_TRAIL,243.391856,Bi-Directional
969,NON_TRAFFIC_TRAIL,26.35941564,Bi-Directional
970,NON_TRAFFIC_TRAIL,68.9492567,Bi-Directional
971,NON_TRAFFIC_TRAIL,2804.664296,Bi-Directional
972,NON_TRAFFIC_TRAIL,133.993473,Bi-Directional
973,NON_TRAFFIC_TRAIL,22,Bi-Directional
974,NON_TRAFFIC_TRAIL,1113.283705,Bi-Directional
975,NON_TRAFFIC_TRAIL,404.8567807,Bi-Directional
976,NON_TRAFFIC_TRAIL,34.47345961,Bi-Directional
977,NON_TRAFFIC_TRAIL,87.45568536,Bi-Directional
978,BIKE_FRIENDLY_PEDESTRIAN_PATH,29.43164396,Forward
979,BIKE_FRIENDLY_PEDESTRIAN_PATH,772.9619616,Forward
980,BIKE_FRIENDLY_PEDESTRIAN_PATH,17.8564635,Forward
981,BIKE_FRIENDLY_PEDESTRIAN_PATH,56.27703009,Forward
982,BIKE_FRIENDLY_PEDESTRIAN_PATH,81.44467285,Forward
983,BIKE_FRIENDLY_PEDESTRIAN_PATH,41.8634577,Forward
984,BIKE_FRIENDLY_PEDESTRIAN_PATH,150.2417464,Forward
985,BIKE_FRIENDLY_PEDESTRIAN_PATH,462.0945566,Forward
986,BIKE_FRIENDLY_PEDESTRIAN_PATH,576.2427106,Forward
987,SEPARATE_TRAIL,78.89481885,Forward
988,BIKE_FRIENDLY_PEDESTRIAN_PATH,13.39140183,Forward
989,BIKE_FRIENDLY_PEDESTRIAN_PATH,80.99859273,Forward
990,BIKE_FRIENDLY_PEDESTRIAN_PATH,80.54379578,Forward
991,BIKE_FRIENDLY_PEDESTRIAN_PATH,298.6896244,Forward
992,SEPARATE_TRAIL,598.3655572,Bi-Directional
993,BIKE_FRIENDLY_PEDESTRIAN_PATH,85.98722177,Forward
994,SEPARATE_TRAIL,484.5260423,Bi-Directional
995,SEPARATE_TRAIL,263.3364441,Bi-Directional
996,BIKE_FRIENDLY_PEDESTRIAN_PATH,155.836268,Forward
997,BIKE_FRIENDLY_PEDESTRIAN_PATH,340.693843,Forward
998,BIKE_FRIENDLY_PEDESTRIAN_PATH,173.3409047,Forward
999,SEPARATE_TRAIL,99.0799192,Forward
1000,BIKE_FRIENDLY_PEDESTRIAN_PATH,75.50489098,Forward
1001,SEPARATE_TRAIL,134.1139716,Forward
1002,BIKE_FRIENDLY_PEDESTRIAN_PATH,26.28817247,Forward
1003,BIKE_FRIENDLY_PEDESTRIAN_PATH,21.45071539,Forward
1004,BIKE_FRIENDLY_PEDESTRIAN_PATH,89.64341521,Bi-Directional
1005,BIKE_FRIENDLY_PEDESTRIAN_PATH,21.85211092,Forward
1006,BIKE_FRIENDLY_PEDESTRIAN_PATH,43.16591969,Forward
1007,BIKE_FRIENDLY_PEDESTRIAN_PATH,229.4810832,Bi-Directional
1008,BIKE_FRIENDLY_PEDESTRIAN_PATH,90.51278225,Forward
1009,SEPARATE_TRAIL,292.0527917,Bi-Directional
1010,BIKE_FRIENDLY_PEDESTRIAN_PATH,138.485989,Forward
1011,NON_TRAFFIC_TRAIL,59.07622195,Bi-Directional
1012,SEPARATE_TRAIL,36.74842227,Forward
1013,BIKE_FRIENDLY_PEDESTRIAN_PATH,70.26502284,Forward
1014,NON_TRAFFIC_TRAIL,114.1421416,Bi-Directional
1015,NON_TRAFFIC_TRAIL,74.72536389,Bi-Directional
1016,SEPARATE_TRAIL,49.9747542,Forward
1017,BIKE_FRIENDLY_PEDESTRIAN_PATH,50.63513709,Forward
1018,SEPARATE_TRAIL,517.470513,Bi-Directional
1019,NON_TRAFFIC_TRAIL,40.91330694,Bi-Directional
1020,NON_TRAFFIC_TRAIL,64.90999731,Bi-Directional
1021,NON_TRAFFIC_TRAIL,9.403124237,Bi-Directional
1022,NON_TRAFFIC_TRAIL,12.52996409,Bi-Directional
1023,NON_TRAFFIC_TRAIL,28.28427125,Bi-Directional
1024,NON_TRAFFIC_TRAIL,34.28127458,Bi-Directional
1025,NON_TRAFFIC_TRAIL,44.76160725,Bi-Directional
1026,NON_TRAFFIC_TRAIL,48.94881731,Bi-Directional
1027,NON_TRAFFIC_TRAIL,21.1896201,Bi-Directional
1028,NON_TRAFFIC_TRAIL,21.20929961,Bi-Directional
1029,NON_TRAFFIC_TRAIL,15.29705854,Bi-Directional
1030,NON_TRAFFIC_TRAIL,35.11409973,Bi-Directional
1031,NON_TRAFFIC_TRAIL,17.135372,Bi-Directional
1032,NON_TRAFFIC_TRAIL,28.90218113,Bi-Directional
1033,BIKE_FRIENDLY_PEDESTRIAN_PATH,36.49205314,Forward
1034,BIKE_FRIENDLY_PEDESTRIAN_PATH,322.650693,Forward
1035,BIKE_FRIENDLY_PEDESTRIAN_PATH,140.2437739,Forward
1036,BIKE_FRIENDLY_PEDESTRIAN_PATH,120.0968279,Forward
1037,BIKE_FRIENDLY_PEDESTRIAN_PATH,115.9488794,Forward
1038,SEPARATE_TRAIL,333.397308,Forward
1039,BIKE_FRIENDLY_PEDESTRIAN_PATH,232.9476972,Forward
1040,BIKE_FRIENDLY_PEDESTRIAN_PATH,53.79590384,Forward
1041,BIKE_FRIENDLY_PEDESTRIAN_PATH,179.2520132,Forward
1042,BIKE_FRIENDLY_PEDESTRIAN_PATH,158.6818093,Forward
1043,BIKE_FRIENDLY_PEDESTRIAN_PATH,385.5827504,Forward
1044,BIKE_FRIENDLY_PEDESTRIAN_PATH,61.19810239,Forward
1045,SEPARATE_TRAIL,263.1789978,Forward
1046,BIKE_FRIENDLY_PEDESTRIAN_PATH,90.37767251,Forward
1047,SEPARATE_TRAIL,61.21068007,Forward
1048,BIKE_FRIENDLY_PEDESTRIAN_PATH,0.075140007,Forward
1049,BIKE_FRIENDLY_PEDESTRIAN_PATH,245.2376248,Forward
1050,BIKE_FRIENDLY_PEDESTRIAN_PATH,260.8231872,Forward
1051,BIKE_FRIENDLY_PEDESTRIAN_PATH,15.40379556,Forward
1052,BIKE_FRIENDLY_PEDESTRIAN_PATH,72.15012162,Forward
1053,BIKE_FRIENDLY_PEDESTRIAN_PATH,21.39399948,Forward
1054,BIKE_FRIENDLY_PEDESTRIAN_PATH,123.7858861,Forward
1055,BIKE_FRIENDLY_PEDESTRIAN_PATH,60.08904415,Forward
1056,BIKE_FRIENDLY_PEDESTRIAN_PATH,51.85785547,Forward
1057,BIKE_FRIENDLY_PEDESTRIAN_PATH,66.85379693,Forward
1058,NON_TRAFFIC_TRAIL,30.3644529,Bi-Directional
1059,NON_TRAFFIC_TRAIL,140.1614024,Bi-Directional
1060,BIKE_FRIENDLY_PEDESTRIAN_PATH,69.82775827,Bi-Directional
1061,BIKE_FRIENDLY_PEDESTRIAN_PATH,314.0025414,Bi-Directional
1062,BIKE_FRIENDLY_PEDESTRIAN_PATH,271.5830194,Bi-Directional
1063,BIKE_FRIENDLY_PEDESTRIAN_PATH,157.6854709,Forward
1064,BIKE_FRIENDLY_PEDESTRIAN_PATH,24.19641638,Forward
1065,BIKE_FRIENDLY_PEDESTRIAN_PATH,128.2268966,Forward
1066,BIKE_FRIENDLY_PEDESTRIAN_PATH,296.1897397,Forward
1067,BIKE_FRIENDLY_PEDESTRIAN_PATH,41.03339827,Forward
1068,NON_TRAFFIC_TRAIL,42.64478388,Bi-Directional
1069,NON_TRAFFIC_TRAIL,493.2995278,Bi-Directional
1070,NON_TRAFFIC_TRAIL,179.8525379,Bi-Directional
1071,NON_TRAFFIC_TRAIL,555.6504062,Bi-Directional
1072,NON_TRAFFIC_TRAIL,545.8453577,Bi-Directional
1073,BIKE_FRIENDLY_PEDESTRIAN_PATH,62.72507398,Forward
1074,BIKE_FRIENDLY_PEDESTRIAN_PATH,65.93606957,Forward
1075,BIKE_FRIENDLY_PEDESTRIAN_PATH,109.4797488,Forward
1076,SEPARATE_TRAIL,126.2292039,Forward
1077,BIKE_FRIENDLY_PEDESTRIAN_PATH,277.5667914,Forward
1078,SEPARATE_TRAIL,273.2667007,Forward
1079,NON_TRAFFIC_TRAIL,32.06243908,Bi-Directional
1080,BIKE_FRIENDLY_PEDESTRIAN_PATH,494.3605704,Forward
1081,SEPARATE_TRAIL,86.08755439,Forward
1082,NON_TRAFFIC_TRAIL,70.26378868,Bi-Directional
1083,BIKE_FRIENDLY_PEDESTRIAN_PATH,534.3781182,Bi-Directional
1084,NON_TRAFFIC_TRAIL,322.3051801,Bi-Directional
1085,NON_TRAFFIC_TRAIL,59.56763712,Bi-Directional
1086,NON_TRAFFIC_TRAIL,126.2570881,Bi-Directional
1087,NON_TRAFFIC_TRAIL,7.071067812,Bi-Directional
1088,NON_TRAFFIC_TRAIL,72.55026914,Bi-Directional
1089,BIKE_FRIENDLY_PEDESTRIAN_PATH,56.23969138,Forward
1090,BIKE_FRIENDLY_PEDESTRIAN_PATH,280.6292945,Forward
1091,NON_TRAFFIC_TRAIL,72.35639862,Bi-Directional
1092,BIKE_FRIENDLY_PEDESTRIAN_PATH,27.67026918,Forward
1093,BIKE_FRIENDLY_PEDESTRIAN_PATH,38.45190787,Forward
1094,NON_TRAFFIC_TRAIL,124.5897959,Bi-Directional
1095,NON_TRAFFIC_TRAIL,252.5012777,Bi-Directional
1096,BIKE_FRIENDLY_PEDESTRIAN_PATH,252.8348339,Forward
1097,NON_TRAFFIC_TRAIL,17.25052593,Bi-Directional
1098,NON_TRAFFIC_TRAIL,71.64635393,Bi-Directional
1099,NON_TRAFFIC_TRAIL,6.516759416,Bi-Directional
1100,NON_TRAFFIC_TRAIL,8.062257748,Bi-Directional
1101,BIKE_FRIENDLY_PEDESTRIAN_PATH,83.68795618,Forward
1102,SEPARATE_TRAIL,77.76214154,Forward
1103,NON_TRAFFIC_TRAIL,40.31128874,Bi-Directional
1104,NON_TRAFFIC_TRAIL,36.05551275,Bi-Directional
1105,BIKE_FRIENDLY_PEDESTRIAN_PATH,1215.08338,Forward
1106,NON_TRAFFIC_TRAIL,86.72548386,Bi-Directional
1107,NON_TRAFFIC_TRAIL,393.645603,Bi-Directional
1108,NON_TRAFFIC_TRAIL,115.0504295,Bi-Directional
1109,NON_TRAFFIC_TRAIL,118.2708755,Bi-Directional
1110,BIKE_FRIENDLY_PEDESTRIAN_PATH,71.05868842,Forward
1111,NON_TRAFFIC_TRAIL,33.06055051,Bi-Directional
1112,BIKE_FRIENDLY_PEDESTRIAN_PATH,248.8785196,Forward
1113,NON_TRAFFIC_TRAIL,143.0563718,Bi-Directional
1114,SEPARATE_TRAIL,38.92590523,Forward
1115,BIKE_FRIENDLY_PEDESTRIAN_PATH,336.7761624,Forward
1116,NON_TRAFFIC_TRAIL,36.89173349,Bi-Directional
1117,NON_TRAFFIC_TRAIL,779.7744521,Bi-Directional
1118,BIKE_FRIENDLY_PEDESTRIAN_PATH,114.272174,Forward
1119,NON_TRAFFIC_TRAIL,796.0760538,Bi-Directional
1120,NON_TRAFFIC_TRAIL,73.73601562,Bi-Directional
1121,BIKE_FRIENDLY_PEDESTRIAN_PATH,120.8409083,Forward
1122,BIKE_FRIENDLY_PEDESTRIAN_PATH,794.0626185,Forward
1123,NON_TRAFFIC_TRAIL,22.03190006,Bi-Directional
1124,NON_TRAFFIC_TRAIL,78.30482553,Bi-Directional
1125,BIKE_FRIENDLY_PEDESTRIAN_PATH,319.9930271,Forward
1126,NON_TRAFFIC_TRAIL,44.4939096,Bi-Directional
1127,NON_TRAFFIC_TRAIL,13.50947508,Bi-Directional
1128,BIKE_FRIENDLY_PEDESTRIAN_PATH,370.10702,Forward
1129,BIKE_FRIENDLY_PEDESTRIAN_PATH,204.798007,Forward
1130,NON_TRAFFIC_TRAIL,56.36742988,Bi-Directional
1131,BIKE_FRIENDLY_PEDESTRIAN_PATH,32.81925352,Forward
1132,NON_TRAFFIC_TRAIL,20.54476379,Bi-Directional
1133,NON_TRAFFIC_TRAIL,10,Bi-Directional
1134,NON_TRAFFIC_TRAIL,146.1207454,Bi-Directional
1135,SEPARATE_TRAIL,225.5357172,Forward
1136,SEPARATE_TRAIL,339.066834,Forward
1137,NON_TRAFFIC_TRAIL,18.02775638,Bi-Directional
1138,NON_TRAFFIC_TRAIL,24.18677324,Bi-Directional
1139,NON_TRAFFIC_TRAIL,39.11521443,Bi-Directional
1140,BIKE_FRIENDLY_PEDESTRIAN_PATH,553.0091947,Forward
1141,SHARED_ROAD,400.6703539,Bi-Directional
1142,SEPARATE_TRAIL,105.0607252,Forward
1143,SEPARATE_TRAIL,346.5819291,Forward
1144,BIKE_FRIENDLY_PEDESTRIAN_PATH,738.102488,Forward
1145,BIKE_FRIENDLY_PEDESTRIAN_PATH,499.3985645,Forward
1146,BIKE_FRIENDLY_PEDESTRIAN_PATH,296.7165632,Forward
1147,NON_TRAFFIC_TRAIL,71.29913835,Bi-Directional
1148,BIKE_FRIENDLY_PEDESTRIAN_PATH,138.6873388,Forward
1149,NON_TRAFFIC_TRAIL,173.4704483,Bi-Directional
1150,NON_TRAFFIC_TRAIL,451.4318346,Bi-Directional
1151,BIKE_FRIENDLY_PEDESTRIAN_PATH,63.13369775,Forward
1152,NON_TRAFFIC_TRAIL,302.2058934,Bi-Directional
1153,NON_TRAFFIC_TRAIL,215.2179396,Bi-Directional
1154,NON_TRAFFIC_TRAIL,20.6061757,Bi-Directional
1155,NON_TRAFFIC_TRAIL,76.16321619,Bi-Directional
1156,BIKE_FRIENDLY_PEDESTRIAN_PATH,118.8654348,Forward
1157,BIKE_FRIENDLY_PEDESTRIAN_PATH,635.3627473,Forward
1158,NON_TRAFFIC_TRAIL,130.4265731,Bi-Directional
1159,NON_TRAFFIC_TRAIL,23.02172887,Bi-Directional
1160,NON_TRAFFIC_TRAIL,101.0068107,Bi-Directional
1161,BIKE_FRIENDLY_PEDESTRIAN_PATH,34.17123029,Forward
1162,NON_TRAFFIC_TRAIL,357.2870645,Bi-Directional
1163,BIKE_FRIENDLY_PEDESTRIAN_PATH,666.6610259,Forward
1164,NON_TRAFFIC_TRAIL,343.1727914,Bi-Directional
1165,BIKE_FRIENDLY_PEDESTRIAN_PATH,114.2334497,Forward
1166,BIKE_FRIENDLY_PEDESTRIAN_PATH,585.3658475,Forward
1167,SEPARATE_TRAIL,112.6852987,Forward
1168,NON_TRAFFIC_TRAIL,117.3023925,Bi-Directional
1169,NON_TRAFFIC_TRAIL,45.67676065,Bi-Directional
1170,NON_TRAFFIC_TRAIL,53.48831648,Bi-Directional
1171,BIKE_FRIENDLY_PEDESTRIAN_PATH,250.2736814,Forward
1172,NON_TRAFFIC_TRAIL,409.9940519,Bi-Directional
1173,BIKE_FRIENDLY_PEDESTRIAN_PATH,26.2661539,Forward
1174,BIKE_FRIENDLY_PEDESTRIAN_PATH,120.7590788,Forward
1175,NON_TRAFFIC_TRAIL,22.02271555,Bi-Directional
1176,NON_TRAFFIC_TRAIL,556.8513106,Bi-Directional
1177,NON_TRAFFIC_TRAIL,80.99382693,Bi-Directional
1178,NON_TRAFFIC_TRAIL,234.8949815,Bi-Directional
1179,NON_TRAFFIC_TRAIL,35.90264614,Bi-Directional
1180,NON_TRAFFIC_TRAIL,73.24616031,Bi-Directional
1181,NON_TRAFFIC_TRAIL,154.006972,Bi-Directional
1182,BIKE_FRIENDLY_PEDESTRIAN_PATH,154.9196611,Forward
1183,NON_TRAFFIC_TRAIL,69.73287692,Bi-Directional
1184,NON_TRAFFIC_TRAIL,994.3862429,Bi-Directional
1185,NON_TRAFFIC_TRAIL,150.3135377,Bi-Directional
1186,BIKE_FRIENDLY_PEDESTRIAN_PATH,81.35392085,Forward
1187,NON_TRAFFIC_TRAIL,85.00588215,Bi-Directional
1188,NON_TRAFFIC_TRAIL,94.85497375,Bi-Directional
1189,NON_TRAFFIC_TRAIL,14.88840561,Bi-Directional
1190,NON_TRAFFIC_TRAIL,109.7718829,Bi-Directional
1191,NON_TRAFFIC_TRAIL,73.18035757,Bi-Directional
1192,NON_TRAFFIC_TRAIL,371.326286,Bi-Directional
1193,NON_TRAFFIC_TRAIL,111.8023672,Bi-Directional
1194,BIKE_FRIENDLY_PEDESTRIAN_PATH,64.35512076,Forward
1195,BIKE_FRIENDLY_PEDESTRIAN_PATH,16.1758861,Forward
1196,BIKE_FRIENDLY_PEDESTRIAN_PATH,14.74596376,Forward
1197,BIKE_FRIENDLY_PEDESTRIAN_PATH,41.93656064,Forward
1198,SEPARATE_TRAIL,63.00292009,Forward
1199,NON_TRAFFIC_TRAIL,35.51056181,Bi-Directional
1200,NON_TRAFFIC_TRAIL,21.84032967,Bi-Directional
1201,NON_TRAFFIC_TRAIL,38.33879023,Bi-Directional
1202,NON_TRAFFIC_TRAIL,31.24972157,Bi-Directional
1203,NON_TRAFFIC_TRAIL,6.32455532,Bi-Directional
1204,NON_TRAFFIC_TRAIL,37.16566197,Bi-Directional
1205,BIKE_FRIENDLY_PEDESTRIAN_PATH,422.2142531,Forward
1206,BIKE_FRIENDLY_PEDESTRIAN_PATH,132.1105939,Forward
1207,BIKE_FRIENDLY_PEDESTRIAN_PATH,52.09275095,Forward
1208,BIKE_FRIENDLY_PEDESTRIAN_PATH,427.647909,Forward
1209,NON_TRAFFIC_TRAIL,115.2254186,Bi-Directional
1210,NON_TRAFFIC_TRAIL,372.225821,Bi-Directional
1211,BIKE_FRIENDLY_PEDESTRIAN_PATH,82.5558369,Forward
1212,BIKE_FRIENDLY_PEDESTRIAN_PATH,23.53732701,Forward
1213,BIKE_FRIENDLY_PEDESTRIAN_PATH,36.05637509,Forward
1214,NON_TRAFFIC_TRAIL,56.97955038,Bi-Directional
1215,SHARED_ROAD,76.00730479,Bi-Directional
1216,BIKE_FRIENDLY_PEDESTRIAN_PATH,227.8412298,Forward
1217,BIKE_FRIENDLY_PEDESTRIAN_PATH,129.7350118,Forward
1218,NON_TRAFFIC_TRAIL,11.18033989,Bi-Directional
1219,NON_TRAFFIC_TRAIL,144.3403542,Bi-Directional
1220,SHARED_ROAD,238.8601119,Bi-Directional
1221,NON_TRAFFIC_TRAIL,109.3663596,Bi-Directional
1222,NON_TRAFFIC_TRAIL,92.37733167,Bi-Directional
1223,BIKE_FRIENDLY_PEDESTRIAN_PATH,49.82610029,Bi-Directional
1224,BIKE_FRIENDLY_PEDESTRIAN_PATH,201.2414122,Forward
1225,BIKE_FRIENDLY_PEDESTRIAN_PATH,90.06846461,Forward
1226,BIKE_FRIENDLY_PEDESTRIAN_PATH,211.1434109,Bi-Directional
1227,BIKE_FRIENDLY_PEDESTRIAN_PATH,187.9059048,Forward
1228,BIKE_FRIENDLY_PEDESTRIAN_PATH,116.1398064,Forward
1229,BIKE_FRIENDLY_PEDESTRIAN_PATH,172.1439273,Forward
1230,BIKE_FRIENDLY_PEDESTRIAN_PATH,147.7880311,Forward
1231,BIKE_FRIENDLY_PEDESTRIAN_PATH,365.9356016,Forward
1232,BIKE_FRIENDLY_PEDESTRIAN_PATH,319.4668127,Forward
1233,BIKE_FRIENDLY_PEDESTRIAN_PATH,102.4592527,Forward
1234,BIKE_FRIENDLY_PEDESTRIAN_PATH,80.7200947,Forward
1235,BIKE_FRIENDLY_PEDESTRIAN_PATH,129.8418096,Bi-Directional
1236,BIKE_FRIENDLY_PEDESTRIAN_PATH,100.0898209,Forward
1237,BIKE_FRIENDLY_PEDESTRIAN_PATH,24.60818269,Forward
1238,BIKE_FRIENDLY_PEDESTRIAN_PATH,317.2034058,Forward
1239,BIKE_FRIENDLY_PEDESTRIAN_PATH,46.17760579,Forward
1240,BIKE_FRIENDLY_PEDESTRIAN_PATH,159.7666998,Forward
1241,BIKE_FRIENDLY_PEDESTRIAN_PATH,328.9113252,Forward
1242,BIKE_FRIENDLY_PEDESTRIAN_PATH,263.9277706,Forward
1243,NON_TRAFFIC_TRAIL,54.05349765,Bi-Directional
1244,BIKE_FRIENDLY_PEDESTRIAN_PATH,117.7260488,Forward
1245,BIKE_FRIENDLY_PEDESTRIAN_PATH,1102.795787,Forward
1246,NON_TRAFFIC_TRAIL,249.739473,Bi-Directional
1247,NON_TRAFFIC_TRAIL,25.01503701,Bi-Directional
1248,NON_TRAFFIC_TRAIL,32.40345962,Bi-Directional
1249,BIKE_FRIENDLY_PEDESTRIAN_PATH,60.79268187,Forward
1250,NON_TRAFFIC_TRAIL,445.008382,Bi-Directional
1251,BIKE_FRIENDLY_PEDESTRIAN_PATH,110.0969499,Forward
1252,SEPARATE_TRAIL,101.3033795,Forward
1253,BIKE_FRIENDLY_PEDESTRIAN_PATH,293.6232179,Forward
1254,NON_TRAFFIC_TRAIL,331.8834796,Bi-Directional
1255,BIKE_FRIENDLY_PEDESTRIAN_PATH,280.331177,Forward
1256,BIKE_FRIENDLY_PEDESTRIAN_PATH,366.5774388,Forward
1257,NON_TRAFFIC_TRAIL,262.32794,Bi-Directional
1258,NON_TRAFFIC_TRAIL,19.84943324,Bi-Directional
1259,NON_TRAFFIC_TRAIL,315.5825271,Bi-Directional
1260,NON_TRAFFIC_TRAIL,16.96482992,Bi-Directional
1261,NON_TRAFFIC_TRAIL,7.627021711,Bi-Directional
1262,NON_TRAFFIC_TRAIL,7,Bi-Directional
1263,NON_TRAFFIC_TRAIL,115.8933602,Bi-Directional
1264,NON_TRAFFIC_TRAIL,18.02191243,Bi-Directional
1265,NON_TRAFFIC_TRAIL,167.3474608,Bi-Directional
1266,BIKE_FRIENDLY_PEDESTRIAN_PATH,112.3541545,Forward
1267,BIKE_FRIENDLY_PEDESTRIAN_PATH,183.2528988,Forward
1268,BIKE_FRIENDLY_PEDESTRIAN_PATH,134.5122417,Forward
1269,SEPARATE_TRAIL,429.1847924,Forward
1270,SEPARATE_TRAIL,1441.579072,Bi-Directional
1271,SHARED_ROAD,1510.60886,Bi-Directional
1272,SEPARATE_TRAIL,690.9390232,Bi-Directional
1273,SEPARATE_TRAIL,743.7167538,Forward
1274,SEPARATE_TRAIL,651.4810925,Forward
1275,NON_TRAFFIC_TRAIL,450.0012368,Bi-Directional
1276,NON_TRAFFIC_TRAIL,112.8585201,Bi-Directional
1277,SEPARATE_TRAIL,748.3521825,Forward
1278,SEPARATE_TRAIL,259.0776602,Forward
1279,SEPARATE_TRAIL,252.8831579,Forward
1280,SEPARATE_TRAIL,91.89250864,Forward
1281,SEPARATE_TRAIL,97.03865628,Forward
1282,SEPARATE_TRAIL,57.78871316,Forward
1283,SEPARATE_TRAIL,71.25440996,Forward
1284,SEPARATE_TRAIL,185.5690283,Forward
1285,SEPARATE_TRAIL,274.6735441,Forward
1286,SEPARATE_TRAIL,246.5482612,Forward
1287,SEPARATE_TRAIL,444.2840188,Bi-Directional
1288,BIKE_FRIENDLY_PEDESTRIAN_PATH,672.7160171,Bi-Directional
1289,SEPARATE_TRAIL,325.9777258,Bi-Directional
1290,SEPARATE_TRAIL,309.3200285,Forward
1291,SEPARATE_TRAIL,118.7679866,Forward
1292,SEPARATE_TRAIL,170.7843004,Forward
1293,SEPARATE_TRAIL,146.5223738,Forward
1294,SEPARATE_TRAIL,285.2606839,Forward
1295,SEPARATE_TRAIL,260.1443411,Forward
1296,SEPARATE_TRAIL,185.5061289,Forward
1297,SEPARATE_TRAIL,237.1941521,Bi-Directional
1298,SEPARATE_TRAIL,112.772533,Forward
1299,SEPARATE_TRAIL,95.74730084,Forward
1300,SEPARATE_TRAIL,250.2091627,Forward
1301,SEPARATE_TRAIL,1023.861274,Forward
1302,SEPARATE_TRAIL,214.379523,Forward
1303,SEPARATE_TRAIL,174.4704964,Forward
1304,SEPARATE_TRAIL,32.35510448,Forward
1305,SEPARATE_TRAIL,105.3830437,Forward
1306,SEPARATE_TRAIL,117.1807888,Bi-Directional
1307,SEPARATE_TRAIL,366.8746434,Bi-Directional
1308,SEPARATE_TRAIL,242.4536696,Forward
1309,SEPARATE_TRAIL,379.1577313,Forward
1310,SEPARATE_TRAIL,357.1699055,Forward
1311,SEPARATE_TRAIL,184.8055468,Forward
1312,SEPARATE_TRAIL,68.88430195,Forward
1313,SEPARATE_TRAIL,205.8438434,Forward
1314,NON_TRAFFIC_TRAIL,1036.027268,Bi-Directional
1315,BIKE_FRIENDLY_PEDESTRIAN_PATH,964.4842704,Forward
1316,SEPARATE_TRAIL,72.35820265,Forward
1317,SEPARATE_TRAIL,812.2374144,Forward
1318,SEPARATE_TRAIL,269.7091453,Forward
1319,SEPARATE_TRAIL,549.7452374,Forward
1320,SEPARATE_TRAIL,543.021389,Forward
1321,SEPARATE_TRAIL,45.94216443,Forward
1322,SEPARATE_TRAIL,149.2469732,Forward
1323,SEPARATE_TRAIL,230.7020909,Forward
1324,NON_TRAFFIC_TRAIL,360.3258998,Bi-Directional
1325,SEPARATE_TRAIL,38.99008554,Forward
1326,NON_TRAFFIC_TRAIL,329.7516762,Bi-Directional
1327,NON_TRAFFIC_TRAIL,269.5235952,Bi-Directional
1328,NON_TRAFFIC_TRAIL,262.364204,Bi-Directional
1329,SEPARATE_TRAIL,445.2905687,Forward
1330,SEPARATE_TRAIL,85.04690329,Forward
1331,SEPARATE_TRAIL,1996.137293,Forward
1332,NON_TRAFFIC_TRAIL,477.2754317,Bi-Directional
1333,NON_TRAFFIC_TRAIL,277.6914754,Bi-Directional
1334,NON_TRAFFIC_TRAIL,34.15151503,Bi-Directional
1335,SHARED_ROAD,336.0223679,Bi-Directional
1336,NON_TRAFFIC_TRAIL,134.7675391,Bi-Directional
1337,BIKE_FRIENDLY_PEDESTRIAN_PATH,965.9599138,Forward
1338,BIKE_FRIENDLY_PEDESTRIAN_PATH,696.3648236,Forward
1339,SEPARATE_TRAIL,235.4104265,Bi-Directional
1340,SEPARATE_TRAIL,695.469021,Bi-Directional
1341,SEPARATE_TRAIL,1334.915268,Bi-Directional
1342,SEPARATE_TRAIL,370.3396634,Forward
1343,SEPARATE_TRAIL,407.6485167,Forward
1344,BIKE_FRIENDLY_PEDESTRIAN_PATH,121.9989962,Forward
1345,SEPARATE_TRAIL,128.8642016,Forward
1346,BIKE_FRIENDLY_PEDESTRIAN_PATH,276.2257443,Forward
1347,SEPARATE_TRAIL,138.6450379,Forward
1348,SEPARATE_TRAIL,299.4696482,Forward
1349,SEPARATE_TRAIL,53.19346637,Forward
1350,SEPARATE_TRAIL,469.251178,Forward
1351,BIKE_FRIENDLY_PEDESTRIAN_PATH,62.66023563,Forward
1352,NON_TRAFFIC_TRAIL,31.34638442,Bi-Directional
1353,SEPARATE_TRAIL,89.15969316,Forward
1354,BIKE_FRIENDLY_PEDESTRIAN_PATH,178.4053632,Forward
1355,BIKE_FRIENDLY_PEDESTRIAN_PATH,166.3851174,Forward
1356,SEPARATE_TRAIL,191.949574,Forward
1357,SEPARATE_TRAIL,189.6590327,Forward
1358,NON_TRAFFIC_TRAIL,2355.781751,Bi-Directional
1359,NON_TRAFFIC_TRAIL,324.0123586,Bi-Directional
1360,NON_TRAFFIC_TRAIL,598.3333771,Bi-Directional
1361,NON_TRAFFIC_TRAIL,27.30809138,Bi-Directional
1362,NON_TRAFFIC_TRAIL,51.38156257,Bi-Directional
1363,NON_TRAFFIC_TRAIL,84.68444309,Bi-Directional
1364,NON_TRAFFIC_TRAIL,397.2356247,Bi-Directional
1365,NON_TRAFFIC_TRAIL,927.2171443,Bi-Directional
1366,NON_TRAFFIC_TRAIL,864.7748873,Bi-Directional
1367,NON_TRAFFIC_TRAIL,741.2563309,Bi-Directional
1368,NON_TRAFFIC_TRAIL,927.2230218,Bi-Directional
1369,BIKE_FRIENDLY_PEDESTRIAN_PATH,319.0681009,Forward
1370,SEPARATE_TRAIL,59.11067049,Forward
1371,BIKE_FRIENDLY_PEDESTRIAN_PATH,145.8822139,Forward
1372,SEPARATE_TRAIL,53.6027715,Forward
1373,SEPARATE_TRAIL,107.8127208,Forward
1374,SEPARATE_TRAIL,44.7502863,Forward
1375,SEPARATE_TRAIL,232.9606501,Forward
1376,SEPARATE_TRAIL,43.51778765,Forward
1377,SEPARATE_TRAIL,141.3320135,Forward
1378,NON_TRAFFIC_TRAIL,206.64348,Bi-Directional
1379,SEPARATE_TRAIL,620.1511058,Forward
1380,SEPARATE_TRAIL,595.9042815,Forward
1381,SEPARATE_TRAIL,141.4266555,Forward
1382,BIKE_FRIENDLY_PEDESTRIAN_PATH,150.2156639,Forward
1383,BIKE_FRIENDLY_PEDESTRIAN_PATH,376.3190135,Forward
1384,SEPARATE_TRAIL,24.66895668,Forward
1385,BIKE_FRIENDLY_PEDESTRIAN_PATH,388.9623563,Bi-Directional
1386,SEPARATE_TRAIL,134.6998497,Forward
1387,SEPARATE_TRAIL,94.39400134,Forward
1388,SEPARATE_TRAIL,466.642974,Forward
1389,SEPARATE_TRAIL,51.54014775,Forward
1390,SEPARATE_TRAIL,328.6183053,Forward
1391,SEPARATE_TRAIL,69.04873803,Forward
1392,SEPARATE_TRAIL,148.4856096,Forward
1393,SEPARATE_TRAIL,303.1059622,Forward
1394,NON_TRAFFIC_TRAIL,348.4560643,Bi-Directional
1395,BIKE_FRIENDLY_PEDESTRIAN_PATH,842.5694793,Forward
1396,NON_TRAFFIC_TRAIL,5350.027363,Bi-Directional
1397,NON_TRAFFIC_TRAIL,819.2522372,Bi-Directional
1398,BIKE_FRIENDLY_PEDESTRIAN_PATH,202.4910128,Bi-Directional
1399,NON_TRAFFIC_TRAIL,433.5910427,Bi-Directional
1400,NON_TRAFFIC_TRAIL,638.4568996,Bi-Directional
1401,SEPARATE_TRAIL,287.1625459,Forward
1402,SHARED_ROAD,100.1068316,Bi-Directional
1403,NON_TRAFFIC_TRAIL,129.5844816,Bi-Directional
1404,SHARED_ROAD,93.18136403,Bi-Directional
1405,NON_TRAFFIC_TRAIL,71.00197119,Bi-Directional
1406,SHARED_ROAD,77.59505589,Bi-Directional
1407,NON_TRAFFIC_TRAIL,157.1515146,Bi-Directional
1408,SEPARATE_TRAIL,554.2842348,Forward
1409,SEPARATE_TRAIL,89.1145532,Forward
1410,SEPARATE_TRAIL,1684.552144,Forward
1411,SEPARATE_TRAIL,1140.488379,Forward
1412,SEPARATE_TRAIL,520.0541723,Forward
1413,SEPARATE_TRAIL,504.4541278,Forward
1414,SEPARATE_TRAIL,321.6783121,Forward
1415,SEPARATE_TRAIL,169.4352985,Forward
1416,SEPARATE_TRAIL,145.8027588,Forward
1417,BIKE_FRIENDLY_PEDESTRIAN_PATH,124.50945,Forward
1418,BIKE_FRIENDLY_PEDESTRIAN_PATH,62.95337027,Forward
1419,BIKE_FRIENDLY_PEDESTRIAN_PATH,156.6380998,Forward
1420,SEPARATE_TRAIL,91.99993864,Forward
1421,SEPARATE_TRAIL,552.6732109,Forward
1422,SEPARATE_TRAIL,170.1597327,Forward
1423,SEPARATE_TRAIL,320.9960081,Forward
1424,SEPARATE_TRAIL,92.26063337,Forward
1425,SEPARATE_TRAIL,163.0907124,Forward
1426,SEPARATE_TRAIL,135.0344851,Forward
1427,SEPARATE_TRAIL,53.50245239,Forward
1428,SEPARATE_TRAIL,227.1059843,Forward
1429,SEPARATE_TRAIL,980.4326386,Forward
1430,SEPARATE_TRAIL,563.4013802,Forward
1431,BIKE_FRIENDLY_PEDESTRIAN_PATH,463.3463906,Forward
1432,SEPARATE_TRAIL,603.1358715,Forward
1433,SHARED_ROAD,202.608846,Bi-Directional
1434,SHARED_ROAD,162.76173,Bi-Directional
1435,SEPARATE_TRAIL,428.574386,Forward
1436,SEPARATE_TRAIL,380.878317,Forward
1437,SEPARATE_TRAIL,489.6104961,Forward
1438,SEPARATE_TRAIL,532.1163504,Forward
1439,SEPARATE_TRAIL,705.916722,Forward
1440,SEPARATE_TRAIL,154.189787,Forward
1441,SEPARATE_TRAIL,133.1872015,Bi-Directional
1442,SEPARATE_TRAIL,312.2752641,Forward
1443,BIKE_FRIENDLY_PEDESTRIAN_PATH,106.7656914,Forward
1444,SEPARATE_TRAIL,324.46699,Forward
1445,SEPARATE_TRAIL,457.5838255,Forward
1446,SEPARATE_TRAIL,95.7794723,Forward
1447,SEPARATE_TRAIL,105.8155082,Forward
1448,SEPARATE_TRAIL,861.0393723,Forward
1449,SEPARATE_TRAIL,23.91238079,Forward
1450,BIKE_FRIENDLY_PEDESTRIAN_PATH,194.9027611,Forward
1451,BIKE_FRIENDLY_PEDESTRIAN_PATH,71.8537607,Forward
1452,BIKE_FRIENDLY_PEDESTRIAN_PATH,51.21497221,Forward
1453,SHARED_ROAD,394.7344342,Bi-Directional
1454,SHARED_ROAD,88.76038827,Bi-Directional
1455,BIKE_FRIENDLY_PEDESTRIAN_PATH,490.3879336,Forward
1456,SEPARATE_TRAIL,526.4428424,Bi-Directional
1457,NON_TRAFFIC_TRAIL,342.9814852,Bi-Directional
1458,SEPARATE_TRAIL,201.8367274,Forward
1459,SEPARATE_TRAIL,56.79575461,Forward
1460,NON_TRAFFIC_TRAIL,256.537153,Bi-Directional
1461,SEPARATE_TRAIL,138.4331336,Bi-Directional
1462,SEPARATE_TRAIL,9.12019626,Bi-Directional
1463,SEPARATE_TRAIL,11.37247309,Forward
1464,BIKE_FRIENDLY_PEDESTRIAN_PATH,131.9045296,Forward
1465,BIKE_FRIENDLY_PEDESTRIAN_PATH,109.8527012,Forward
1466,SEPARATE_TRAIL,524.4643729,Forward
1467,SEPARATE_TRAIL,61.5777081,Forward
1468,SEPARATE_TRAIL,752.9239913,Forward
1469,SEPARATE_TRAIL,69.13496725,Forward
1470,SEPARATE_TRAIL,0.121529338,Forward
1471,SEPARATE_TRAIL,298.75237,Forward
1472,BIKE_FRIENDLY_PEDESTRIAN_PATH,737.9067467,Forward
1473,BIKE_FRIENDLY_PEDESTRIAN_PATH,132.5311477,Forward
1474,BIKE_FRIENDLY_PEDESTRIAN_PATH,297.5580245,Forward
1475,BIKE_FRIENDLY_PEDESTRIAN_PATH,373.5317052,Forward
1476,BIKE_FRIENDLY_PEDESTRIAN_PATH,263.4160219,Forward
1477,BIKE_FRIENDLY_PEDESTRIAN_PATH,492.0215907,Forward
1478,BIKE_FRIENDLY_PEDESTRIAN_PATH,362.7844829,Forward
1479,BIKE_FRIENDLY_PEDESTRIAN_PATH,621.5491654,Forward
1480,BIKE_FRIENDLY_PEDESTRIAN_PATH,45.79433303,Forward
1481,BIKE_FRIENDLY_PEDESTRIAN_PATH,366.202959,Forward
1482,BIKE_FRIENDLY_PEDESTRIAN_PATH,18.53626721,Forward
1483,SHARED_ROAD,1656.652871,Bi-Directional
1484,BIKE_FRIENDLY_PEDESTRIAN_PATH,11.44779643,Forward
1485,SHARED_ROAD,1706.182178,Bi-Directional
1486,SHARED_ROAD,163.6775886,Bi-Directional
1487,SEPARATE_TRAIL,146.245327,Forward
1488,SEPARATE_TRAIL,435.8289033,Forward
1489,SHARED_ROAD,17.57282088,Bi-Directional
1490,SEPARATE_TRAIL,150.8897844,Forward
1491,SHARED_ROAD,18.69190869,Bi-Directional
1492,SEPARATE_TRAIL,78.18206864,Forward
1493,SHARED_ROAD,216.3367738,Bi-Directional
1494,SHARED_ROAD,1610.534534,Bi-Directional
1495,NON_TRAFFIC_TRAIL,360.2469512,Bi-Directional
1496,SEPARATE_TRAIL,26.24460489,Forward
1497,BIKE_FRIENDLY_PEDESTRIAN_PATH,745.0558244,Forward
1498,BIKE_FRIENDLY_PEDESTRIAN_PATH,266.1938591,Forward
1499,SEPARATE_TRAIL,47.99412062,Forward
1500,BIKE_FRIENDLY_PEDESTRIAN_PATH,122.2498889,Forward
1501,BIKE_FRIENDLY_PEDESTRIAN_PATH,83.3371548,Bi-Directional
1502,BIKE_FRIENDLY_PEDESTRIAN_PATH,186.1929371,Bi-Directional
1503,BIKE_FRIENDLY_PEDESTRIAN_PATH,157.5946538,Forward
1504,BIKE_FRIENDLY_PEDESTRIAN_PATH,377.7444118,Forward
1505,BIKE_FRIENDLY_PEDESTRIAN_PATH,2214.825846,Forward
1506,BIKE_FRIENDLY_PEDESTRIAN_PATH,78.99673374,Forward
1507,BIKE_FRIENDLY_PEDESTRIAN_PATH,390.4717301,Forward
1508,NON_TRAFFIC_TRAIL,96.25916382,Bi-Directional
1509,BIKE_FRIENDLY_PEDESTRIAN_PATH,116.6902338,Forward
1510,BIKE_FRIENDLY_PEDESTRIAN_PATH,231.9890254,Forward
1511,BIKE_FRIENDLY_PEDESTRIAN_PATH,365.7956747,Forward
1512,BIKE_FRIENDLY_PEDESTRIAN_PATH,1233.586918,Forward
1513,BIKE_FRIENDLY_PEDESTRIAN_PATH,401.6622297,Forward
1514,BIKE_FRIENDLY_PEDESTRIAN_PATH,32.58590377,Forward
1515,BIKE_FRIENDLY_PEDESTRIAN_PATH,404.7460879,Forward
1516,BIKE_FRIENDLY_PEDESTRIAN_PATH,143.1998389,Forward
1517,BIKE_FRIENDLY_PEDESTRIAN_PATH,223.2297589,Forward
1518,BIKE_FRIENDLY_PEDESTRIAN_PATH,404.7706957,Forward
1519,BIKE_FRIENDLY_PEDESTRIAN_PATH,786.1327147,Forward
1520,BIKE_FRIENDLY_PEDESTRIAN_PATH,249.0996829,Forward
1521,BIKE_FRIENDLY_PEDESTRIAN_PATH,547.374144,Forward
1522,BIKE_FRIENDLY_PEDESTRIAN_PATH,27.96616246,Forward
1523,BIKE_FRIENDLY_PEDESTRIAN_PATH,150.2936114,Forward
1524,BIKE_FRIENDLY_PEDESTRIAN_PATH,1178.591435,Forward
1525,BIKE_FRIENDLY_PEDESTRIAN_PATH,449.3886269,Forward
1526,BIKE_FRIENDLY_PEDESTRIAN_PATH,1439.912157,Forward
1527,BIKE_FRIENDLY_PEDESTRIAN_PATH,498.151968,Forward
1528,BIKE_FRIENDLY_PEDESTRIAN_PATH,240.5527406,Forward
1529,BIKE_FRIENDLY_PEDESTRIAN_PATH,1159.565602,Forward
1530,BIKE_FRIENDLY_PEDESTRIAN_PATH,493.4317716,Forward
1531,BIKE_FRIENDLY_PEDESTRIAN_PATH,432.1659838,Forward
1532,BIKE_FRIENDLY_PEDESTRIAN_PATH,231.9687122,Forward
1533,BIKE_FRIENDLY_PEDESTRIAN_PATH,155.031033,Forward
1534,BIKE_FRIENDLY_PEDESTRIAN_PATH,26.16791156,Forward
1535,SEPARATE_TRAIL,154.1367724,Forward
1536,BIKE_FRIENDLY_PEDESTRIAN_PATH,364.9240382,Forward
1537,BIKE_FRIENDLY_PEDESTRIAN_PATH,722.0498515,Forward
1538,BIKE_FRIENDLY_PEDESTRIAN_PATH,495.0716284,Bi-Directional
1539,BIKE_FRIENDLY_PEDESTRIAN_PATH,90.23911272,Forward
1540,BIKE_FRIENDLY_PEDESTRIAN_PATH,98.47396787,Forward
1541,BIKE_FRIENDLY_PEDESTRIAN_PATH,672.8912805,Forward
1542,BIKE_FRIENDLY_PEDESTRIAN_PATH,147.7737255,Forward
1543,BIKE_FRIENDLY_PEDESTRIAN_PATH,62.31011652,Forward
1544,BIKE_FRIENDLY_PEDESTRIAN_PATH,21.39804413,Bi-Directional
1545,BIKE_FRIENDLY_PEDESTRIAN_PATH,148.5417177,Forward
1546,BIKE_FRIENDLY_PEDESTRIAN_PATH,764.1391391,Forward
1547,BIKE_FRIENDLY_PEDESTRIAN_PATH,1217.932933,Forward
1548,BIKE_FRIENDLY_PEDESTRIAN_PATH,1142.49988,Forward
1549,BIKE_FRIENDLY_PEDESTRIAN_PATH,376.2621931,Forward
1550,BIKE_FRIENDLY_PEDESTRIAN_PATH,407.1628778,Forward
1551,BIKE_FRIENDLY_PEDESTRIAN_PATH,153.8084316,Forward
1552,BIKE_FRIENDLY_PEDESTRIAN_PATH,215.8372241,Forward
1553,BIKE_FRIENDLY_PEDESTRIAN_PATH,91.67516324,Forward
1554,SEPARATE_TRAIL,26.30250964,Forward
1555,SEPARATE_TRAIL,21.24565203,Forward
1556,BIKE_FRIENDLY_PEDESTRIAN_PATH,208.7007721,Bi-Directional
1557,BIKE_FRIENDLY_PEDESTRIAN_PATH,536.7108291,Forward
1558,BIKE_FRIENDLY_PEDESTRIAN_PATH,532.7868395,Forward
1559,BIKE_FRIENDLY_PEDESTRIAN_PATH,195.7347882,Forward
1560,BIKE_FRIENDLY_PEDESTRIAN_PATH,387.6228585,Forward
1561,BIKE_FRIENDLY_PEDESTRIAN_PATH,370.074456,Forward
1562,BIKE_FRIENDLY_PEDESTRIAN_PATH,215.9981301,Forward
1563,BIKE_FRIENDLY_PEDESTRIAN_PATH,116.1733142,Forward
1564,BIKE_FRIENDLY_PEDESTRIAN_PATH,218.4812251,Forward
1565,BIKE_FRIENDLY_PEDESTRIAN_PATH,102.207901,Forward
1566,BIKE_FRIENDLY_PEDESTRIAN_PATH,400.9580498,Forward
1567,BIKE_FRIENDLY_PEDESTRIAN_PATH,489.8203946,Forward
1568,BIKE_FRIENDLY_PEDESTRIAN_PATH,846.5363507,Forward
1569,BIKE_FRIENDLY_PEDESTRIAN_PATH,856.5767827,Forward
1570,BIKE_FRIENDLY_PEDESTRIAN_PATH,92.06368156,Forward
1571,BIKE_FRIENDLY_PEDESTRIAN_PATH,747.7862676,Forward
1572,BIKE_FRIENDLY_PEDESTRIAN_PATH,270.1078469,Forward
1573,BIKE_FRIENDLY_PEDESTRIAN_PATH,715.4931522,Forward
1574,BIKE_FRIENDLY_PEDESTRIAN_PATH,50.42234201,Forward
1575,BIKE_FRIENDLY_PEDESTRIAN_PATH,1384.31367,Forward
1576,BIKE_FRIENDLY_PEDESTRIAN_PATH,184.2016859,Forward
1577,BIKE_FRIENDLY_PEDESTRIAN_PATH,25.39200113,Forward
1578,BIKE_FRIENDLY_PEDESTRIAN_PATH,679.0220699,Forward
1579,BIKE_FRIENDLY_PEDESTRIAN_PATH,499.5495887,Forward
1580,BIKE_FRIENDLY_PEDESTRIAN_PATH,240.5127493,Forward
1581,BIKE_FRIENDLY_PEDESTRIAN_PATH,17.94533388,Forward
1582,BIKE_FRIENDLY_PEDESTRIAN_PATH,42.54105345,Forward
1583,BIKE_FRIENDLY_PEDESTRIAN_PATH,10.77729505,Forward
1584,BIKE_FRIENDLY_PEDESTRIAN_PATH,23.17692428,Forward
1585,BIKE_FRIENDLY_PEDESTRIAN_PATH,25.66364411,Forward
1586,BIKE_FRIENDLY_PEDESTRIAN_PATH,11.72651895,Forward
1587,BIKE_FRIENDLY_PEDESTRIAN_PATH,11.5631758,Forward
1588,BIKE_FRIENDLY_PEDESTRIAN_PATH,295.9190683,Forward
1589,BIKE_FRIENDLY_PEDESTRIAN_PATH,399.7099569,Forward
1590,BIKE_FRIENDLY_PEDESTRIAN_PATH,141.8639738,Forward
1591,BIKE_FRIENDLY_PEDESTRIAN_PATH,19.39402316,Forward
1592,BIKE_FRIENDLY_PEDESTRIAN_PATH,14.967265,Forward
1593,BIKE_FRIENDLY_PEDESTRIAN_PATH,17.20501723,Forward
1594,BIKE_FRIENDLY_PEDESTRIAN_PATH,5.765422285,Forward
1595,BIKE_FRIENDLY_PEDESTRIAN_PATH,222.6363159,Forward
1596,BIKE_FRIENDLY_PEDESTRIAN_PATH,241.3352162,Forward
1597,BIKE_FRIENDLY_PEDESTRIAN_PATH,15.66605054,Forward
1598,BIKE_FRIENDLY_PEDESTRIAN_PATH,738.188275,Forward
1599,BIKE_FRIENDLY_PEDESTRIAN_PATH,63.87664888,Forward
1600,BIKE_FRIENDLY_PEDESTRIAN_PATH,236.5448648,Forward
1601,BIKE_FRIENDLY_PEDESTRIAN_PATH,8.730793559,Forward
1602,BIKE_FRIENDLY_PEDESTRIAN_PATH,11.30380876,Forward
1603,BIKE_FRIENDLY_PEDESTRIAN_PATH,74.32679991,Forward
1604,BIKE_FRIENDLY_PEDESTRIAN_PATH,18.87566279,Forward
1605,BIKE_FRIENDLY_PEDESTRIAN_PATH,290.4290535,Forward
1606,BIKE_FRIENDLY_PEDESTRIAN_PATH,397.290185,Forward
1607,BIKE_FRIENDLY_PEDESTRIAN_PATH,430.1954776,Forward
1608,BIKE_FRIENDLY_PEDESTRIAN_PATH,168.5794738,Forward
1609,BIKE_FRIENDLY_PEDESTRIAN_PATH,27.5876807,Forward
1610,BIKE_FRIENDLY_PEDESTRIAN_PATH,447.8314682,Forward
1611,BIKE_FRIENDLY_PEDESTRIAN_PATH,309.2397316,Forward
1612,BIKE_FRIENDLY_PEDESTRIAN_PATH,2095.232352,Forward
1613,BIKE_FRIENDLY_PEDESTRIAN_PATH,1884.943491,Forward
1614,BIKE_FRIENDLY_PEDESTRIAN_PATH,930.8156268,Forward
1615,BIKE_FRIENDLY_PEDESTRIAN_PATH,654.1320919,Forward
1616,BIKE_FRIENDLY_PEDESTRIAN_PATH,407.7361345,Forward
1617,BIKE_FRIENDLY_PEDESTRIAN_PATH,474.5990505,Forward
1618,BIKE_FRIENDLY_PEDESTRIAN_PATH,465.6481824,Forward
1619,BIKE_FRIENDLY_PEDESTRIAN_PATH,322.8785037,Forward
1620,BIKE_FRIENDLY_PEDESTRIAN_PATH,156.7005441,Forward
1621,BIKE_FRIENDLY_PEDESTRIAN_PATH,424.6427289,Forward
1622,BIKE_FRIENDLY_PEDESTRIAN_PATH,776.8724435,Forward
1623,BIKE_FRIENDLY_PEDESTRIAN_PATH,268.4072519,Forward
1624,BIKE_FRIENDLY_PEDESTRIAN_PATH,52.41614951,Forward
1625,BIKE_FRIENDLY_PEDESTRIAN_PATH,52.28053658,Forward
1626,BIKE_FRIENDLY_PEDESTRIAN_PATH,88.99088968,Forward
1627,BIKE_FRIENDLY_PEDESTRIAN_PATH,88.47643055,Forward
1628,BIKE_FRIENDLY_PEDESTRIAN_PATH,26.53115003,Forward
1629,BIKE_FRIENDLY_PEDESTRIAN_PATH,25.12080717,Forward
1630,BIKE_FRIENDLY_PEDESTRIAN_PATH,1698.842578,Forward
1631,BIKE_FRIENDLY_PEDESTRIAN_PATH,1133.534939,Forward
1632,BIKE_FRIENDLY_PEDESTRIAN_PATH,129.501857,Forward
1633,BIKE_FRIENDLY_PEDESTRIAN_PATH,222.5644385,Forward
1634,BIKE_FRIENDLY_PEDESTRIAN_PATH,61.88788496,Bi-Directional
1635,BIKE_FRIENDLY_PEDESTRIAN_PATH,18.06831397,Forward
1636,BIKE_FRIENDLY_PEDESTRIAN_PATH,144.6484978,Forward
1637,BIKE_FRIENDLY_PEDESTRIAN_PATH,205.9167962,Forward
1638,BIKE_FRIENDLY_PEDESTRIAN_PATH,994.0875871,Forward
1639,BIKE_FRIENDLY_PEDESTRIAN_PATH,663.4511092,Forward
1640,BIKE_FRIENDLY_PEDESTRIAN_PATH,265.988173,Forward
1641,BIKE_FRIENDLY_PEDESTRIAN_PATH,228.4499023,Forward
1642,BIKE_FRIENDLY_PEDESTRIAN_PATH,329.7786012,Forward
1643,BIKE_FRIENDLY_PEDESTRIAN_PATH,521.1969671,Forward
1644,BIKE_FRIENDLY_PEDESTRIAN_PATH,110.7459365,Forward
1645,BIKE_FRIENDLY_PEDESTRIAN_PATH,91.74494434,Forward
1646,BIKE_FRIENDLY_PEDESTRIAN_PATH,337.9041832,Forward
1647,BIKE_FRIENDLY_PEDESTRIAN_PATH,741.9602437,Forward
1648,BIKE_FRIENDLY_PEDESTRIAN_PATH,28.30902657,Forward
1649,SEPARATE_TRAIL,275.1335963,Forward
1650,SEPARATE_TRAIL,25.33223554,Forward
1651,BIKE_FRIENDLY_PEDESTRIAN_PATH,151.8550181,Forward
1652,BIKE_FRIENDLY_PEDESTRIAN_PATH,251.350114,Forward
1653,BIKE_FRIENDLY_PEDESTRIAN_PATH,437.8283294,Forward
1654,BIKE_FRIENDLY_PEDESTRIAN_PATH,153.8473115,Forward
1655,SEPARATE_TRAIL,142.1204138,Forward
1656,SEPARATE_TRAIL,344.5183595,Forward
1657,BIKE_FRIENDLY_PEDESTRIAN_PATH,467.6443096,Forward
1658,BIKE_FRIENDLY_PEDESTRIAN_PATH,88.33557371,Forward
1659,SEPARATE_TRAIL,45.41794772,Forward
1660,SEPARATE_TRAIL,193.0947157,Forward
1661,SEPARATE_TRAIL,48.97996863,Forward
1662,SEPARATE_TRAIL,170.8783584,Forward
1663,SEPARATE_TRAIL,183.9249417,Forward
1664,BIKE_FRIENDLY_PEDESTRIAN_PATH,716.8431508,Forward
1665,SEPARATE_TRAIL,208.4674807,Forward
1666,SEPARATE_TRAIL,156.2179278,Forward
1667,BIKE_FRIENDLY_PEDESTRIAN_PATH,319.9051145,Forward
1668,SEPARATE_TRAIL,116.6976156,Forward
1669,BIKE_FRIENDLY_PEDESTRIAN_PATH,193.6588676,Forward
1670,SEPARATE_TRAIL,650.6799015,Forward
1671,BIKE_FRIENDLY_PEDESTRIAN_PATH,10.93184437,Bi-Directional
1672,BIKE_FRIENDLY_PEDESTRIAN_PATH,107.7347039,Forward
1673,SEPARATE_TRAIL,45.74597015,Forward
1674,SEPARATE_TRAIL,5.759851111,Forward
1675,NON_TRAFFIC_TRAIL,19.16250755,Bi-Directional
1676,NON_TRAFFIC_TRAIL,8.818243498,Bi-Directional
1677,SEPARATE_TRAIL,92.49158268,Forward
1678,BIKE_FRIENDLY_PEDESTRIAN_PATH,108.0484799,Forward
1679,SEPARATE_TRAIL,101.694944,Forward
1680,SEPARATE_TRAIL,25.4157226,Forward
1681,SEPARATE_TRAIL,56.65735179,Forward
1682,SEPARATE_TRAIL,42.64241852,Forward
1683,SEPARATE_TRAIL,158.6035535,Forward
1684,SEPARATE_TRAIL,137.8283812,Forward
1685,SEPARATE_TRAIL,795.4524398,Forward
1686,SEPARATE_TRAIL,292.0657273,Forward
1687,BIKE_FRIENDLY_PEDESTRIAN_PATH,435.4945876,Forward
1688,BIKE_FRIENDLY_PEDESTRIAN_PATH,293.8192724,Forward
1689,BIKE_FRIENDLY_PEDESTRIAN_PATH,78.19624983,Forward
1690,SEPARATE_TRAIL,72.99778084,Forward
1691,BIKE_FRIENDLY_PEDESTRIAN_PATH,393.2559427,Forward
1692,SEPARATE_TRAIL,165.120962,Forward
1693,SEPARATE_TRAIL,182.8442629,Forward
1694,SEPARATE_TRAIL,103.8095765,Forward
1695,SEPARATE_TRAIL,105.4785605,Forward
1696,SEPARATE_TRAIL,397.5362907,Forward
1697,SEPARATE_TRAIL,60.7437623,Forward
1698,BIKE_FRIENDLY_PEDESTRIAN_PATH,106.1350883,Forward
1699,BIKE_FRIENDLY_PEDESTRIAN_PATH,775.5532363,Forward
1700,BIKE_FRIENDLY_PEDESTRIAN_PATH,436.5313934,Forward
1701,SEPARATE_TRAIL,60.44838894,Forward
1702,SEPARATE_TRAIL,11.31762338,Forward
1703,BIKE_FRIENDLY_PEDESTRIAN_PATH,152.1339894,Forward
1704,BIKE_FRIENDLY_PEDESTRIAN_PATH,60.63747822,Forward
1705,BIKE_FRIENDLY_PEDESTRIAN_PATH,365.0767646,Forward
1706,BIKE_FRIENDLY_PEDESTRIAN_PATH,89.7060785,Forward
1707,BIKE_FRIENDLY_PEDESTRIAN_PATH,138.6664511,Forward
1708,BIKE_FRIENDLY_PEDESTRIAN_PATH,367.412029,Forward
1709,BIKE_FRIENDLY_PEDESTRIAN_PATH,200.5699462,Bi-Directional
1710,SEPARATE_TRAIL,165.5987497,Forward
1711,BIKE_FRIENDLY_PEDESTRIAN_PATH,74.21562382,Forward
1712,BIKE_FRIENDLY_PEDESTRIAN_PATH,189.2887422,Forward
1713,SEPARATE_TRAIL,60.20795187,Forward
1714,BIKE_FRIENDLY_PEDESTRIAN_PATH,324.7350346,Forward
1715,BIKE_FRIENDLY_PEDESTRIAN_PATH,172.3929403,Forward
1716,BIKE_FRIENDLY_PEDESTRIAN_PATH,56.34687267,Forward
1717,BIKE_FRIENDLY_PEDESTRIAN_PATH,141.0794102,Forward
1718,BIKE_FRIENDLY_PEDESTRIAN_PATH,294.0820053,Forward
1719,BIKE_FRIENDLY_PEDESTRIAN_PATH,206.7839868,Bi-Directional
1720,BIKE_FRIENDLY_PEDESTRIAN_PATH,139.3871968,Forward
1721,BIKE_FRIENDLY_PEDESTRIAN_PATH,168.8876701,Forward
1722,BIKE_FRIENDLY_PEDESTRIAN_PATH,21.16190322,Forward
1723,BIKE_FRIENDLY_PEDESTRIAN_PATH,40.11508463,Forward
1724,BIKE_FRIENDLY_PEDESTRIAN_PATH,117.3901253,Forward
1725,BIKE_FRIENDLY_PEDESTRIAN_PATH,52.83935907,Forward
1726,BIKE_FRIENDLY_PEDESTRIAN_PATH,98.25240149,Forward
1727,SEPARATE_TRAIL,3.726332009,Forward
1728,SEPARATE_TRAIL,107.0637957,Forward
1729,SEPARATE_TRAIL,118.6470341,Forward
1730,SEPARATE_TRAIL,88.91790296,Forward
1731,BIKE_FRIENDLY_PEDESTRIAN_PATH,406.3771522,Forward
1732,BIKE_FRIENDLY_PEDESTRIAN_PATH,98.7630475,Forward
1733,BIKE_FRIENDLY_PEDESTRIAN_PATH,57.93072203,Forward
1734,BIKE_FRIENDLY_PEDESTRIAN_PATH,920.9546346,Forward
1735,BIKE_FRIENDLY_PEDESTRIAN_PATH,1251.930866,Forward
1736,BIKE_FRIENDLY_PEDESTRIAN_PATH,1185.938117,Forward
1737,BIKE_FRIENDLY_PEDESTRIAN_PATH,240.3952302,Forward
1738,BIKE_FRIENDLY_PEDESTRIAN_PATH,502.604073,Bi-Directional
1739,BIKE_FRIENDLY_PEDESTRIAN_PATH,583.6568785,Forward
1740,BIKE_FRIENDLY_PEDESTRIAN_PATH,107.7906093,Forward
1741,BIKE_FRIENDLY_PEDESTRIAN_PATH,20.54893105,Forward
1742,SEPARATE_TRAIL,77.18626843,Forward
1743,SEPARATE_TRAIL,3.785131565,Reverse
1744,SEPARATE_TRAIL,34.91691016,Bi-Directional
1745,BIKE_FRIENDLY_PEDESTRIAN_PATH,20.195751,Forward
1746,BIKE_FRIENDLY_PEDESTRIAN_PATH,126.0265932,Forward
1747,BIKE_FRIENDLY_PEDESTRIAN_PATH,66.13312952,Forward
1748,BIKE_FRIENDLY_PEDESTRIAN_PATH,27.86928161,Forward
1749,NON_TRAFFIC_TRAIL,671.4728215,Bi-Directional
1750,NON_TRAFFIC_TRAIL,37.07641882,Bi-Directional
1751,BIKE_FRIENDLY_PEDESTRIAN_PATH,134.5347747,Bi-Directional
1752,BIKE_FRIENDLY_PEDESTRIAN_PATH,41.14563542,Forward
1753,BIKE_FRIENDLY_PEDESTRIAN_PATH,235.9597636,Forward
1754,BIKE_FRIENDLY_PEDESTRIAN_PATH,823.4963055,Forward
1755,BIKE_FRIENDLY_PEDESTRIAN_PATH,768.5377441,Forward
1756,SEPARATE_TRAIL,117.7777852,Forward
1757,SEPARATE_TRAIL,208.3015028,Forward
1758,SEPARATE_TRAIL,144.0150061,Forward
1759,SEPARATE_TRAIL,585.1013111,Forward
1760,BIKE_FRIENDLY_PEDESTRIAN_PATH,86.81238219,Forward
1761,BIKE_FRIENDLY_PEDESTRIAN_PATH,1341.651441,Forward
1762,SEPARATE_TRAIL,214.4418342,Bi-Directional
1763,SEPARATE_TRAIL,35.12324675,Forward
1764,SEPARATE_TRAIL,73.94302193,Forward
1765,SHARED_ROAD,1306.821316,Bi-Directional
1766,SHARED_ROAD,14.20741374,Bi-Directional
1767,SEPARATE_TRAIL,214.5638899,Forward
1768,SEPARATE_TRAIL,294.7141772,Forward
1769,SEPARATE_TRAIL,1110.887042,Forward
1770,SEPARATE_TRAIL,249.0949969,Forward
1771,SEPARATE_TRAIL,19.34898956,Forward
1772,SEPARATE_TRAIL,478.6977783,Forward
1773,SEPARATE_TRAIL,18.2801339,Forward
1774,SEPARATE_TRAIL,124.5212705,Forward
1775,BIKE_FRIENDLY_PEDESTRIAN_PATH,116.7853525,Forward
1776,BIKE_FRIENDLY_PEDESTRIAN_PATH,26.53295364,Forward
1777,BIKE_FRIENDLY_PEDESTRIAN_PATH,191.5378667,Forward
1778,BIKE_FRIENDLY_PEDESTRIAN_PATH,20.36628806,Forward
1779,SEPARATE_TRAIL,82.60915416,Forward
1780,SEPARATE_TRAIL,22.42877917,Forward
1781,SEPARATE_TRAIL,73.31993149,Forward
1782,SEPARATE_TRAIL,334.3250624,Forward
1783,BIKE_FRIENDLY_PEDESTRIAN_PATH,18.37476184,Forward
1784,BIKE_FRIENDLY_PEDESTRIAN_PATH,15.54473543,Forward
1785,SEPARATE_TRAIL,24.24320844,Bi-Directional
1786,SEPARATE_TRAIL,21.81009985,Bi-Directional
1787,BIKE_FRIENDLY_PEDESTRIAN_PATH,917.0299151,Forward
1788,SEPARATE_TRAIL,1780.976554,Forward
1789,BIKE_FRIENDLY_PEDESTRIAN_PATH,24.52279564,Forward
1790,BIKE_FRIENDLY_PEDESTRIAN_PATH,186.4093035,Forward
1791,BIKE_FRIENDLY_PEDESTRIAN_PATH,15.06244421,Forward
1792,SEPARATE_TRAIL,22.7190387,Forward
1793,SHARED_ROAD,285.2597726,Bi-Directional
1794,BIKE_FRIENDLY_PEDESTRIAN_PATH,342.8778525,Bi-Directional
1795,BIKE_FRIENDLY_PEDESTRIAN_PATH,106.5691788,Bi-Directional
1796,BIKE_FRIENDLY_PEDESTRIAN_PATH,36.51488709,Forward
1797,BIKE_FRIENDLY_PEDESTRIAN_PATH,8.227004345,Forward
1798,SEPARATE_TRAIL,133.7286557,Forward
1799,SEPARATE_TRAIL,12.24388899,Forward
1800,BIKE_FRIENDLY_PEDESTRIAN_PATH,175.2243212,Forward
1801,BIKE_FRIENDLY_PEDESTRIAN_PATH,171.5848371,Forward
1802,BIKE_FRIENDLY_PEDESTRIAN_PATH,43.37256038,Forward
1803,BIKE_FRIENDLY_PEDESTRIAN_PATH,132.7806748,Forward
1804,BIKE_FRIENDLY_PEDESTRIAN_PATH,17.66939346,Forward
1805,BIKE_FRIENDLY_PEDESTRIAN_PATH,632.807187,Forward
1806,BIKE_FRIENDLY_PEDESTRIAN_PATH,109.8090973,Forward
1807,BIKE_FRIENDLY_PEDESTRIAN_PATH,60.64732426,Bi-Directional
1808,BIKE_FRIENDLY_PEDESTRIAN_PATH,24.41331491,Bi-Directional
1809,BIKE_FRIENDLY_PEDESTRIAN_PATH,25.80127652,Bi-Directional
1810,NON_TRAFFIC_TRAIL,239.5378926,Bi-Directional
1811,BIKE_FRIENDLY_PEDESTRIAN_PATH,201.3038211,Forward
1812,BIKE_FRIENDLY_PEDESTRIAN_PATH,108.0241693,Forward
1813,BIKE_FRIENDLY_PEDESTRIAN_PATH,187.2752241,Forward
1814,BIKE_FRIENDLY_PEDESTRIAN_PATH,172.6548148,Bi-Directional
1815,NON_TRAFFIC_TRAIL,75.76645346,Bi-Directional
1816,SHARED_ROAD,147.6385794,Bi-Directional
1817,NON_TRAFFIC_TRAIL,499.9290198,Bi-Directional
1818,NON_TRAFFIC_TRAIL,485.2079403,Bi-Directional
1819,SEPARATE_TRAIL,64.0150979,Forward
1820,BIKE_FRIENDLY_PEDESTRIAN_PATH,500.5749929,Bi-Directional
1821,BIKE_FRIENDLY_PEDESTRIAN_PATH,20.04708155,Bi-Directional
1822,NON_TRAFFIC_TRAIL,47.86720648,Bi-Directional
1823,NON_TRAFFIC_TRAIL,47.40880128,Bi-Directional
1824,BIKE_FRIENDLY_PEDESTRIAN_PATH,1013.559429,Forward
1825,BIKE_FRIENDLY_PEDESTRIAN_PATH,38.02358318,Forward
1826,BIKE_FRIENDLY_PEDESTRIAN_PATH,26.39519797,Forward
1827,NON_TRAFFIC_TRAIL,1222.514764,Bi-Directional
1828,NON_TRAFFIC_TRAIL,60.34756924,Bi-Directional
1829,SEPARATE_TRAIL,434.5059691,Forward
1830,SEPARATE_TRAIL,0.091882207,Forward
1831,SEPARATE_TRAIL,126.2789129,Forward
1832,SEPARATE_TRAIL,98.16538894,Forward
1833,SEPARATE_TRAIL,9.863619412,Bi-Directional
1834,BIKE_FRIENDLY_PEDESTRIAN_PATH,2.324223624,Forward
1835,SEPARATE_TRAIL,82.92689372,Forward
1836,SEPARATE_TRAIL,4.927764317,Forward
1837,NON_TRAFFIC_TRAIL,179.318931,Bi-Directional
1838,NON_TRAFFIC_TRAIL,161.2795794,Bi-Directional
1839,SEPARATE_TRAIL,19.51375723,Forward
1840,BIKE_FRIENDLY_PEDESTRIAN_PATH,78.08476748,Forward
1841,SEPARATE_TRAIL,60.24677346,Forward
1842,BIKE_FRIENDLY_PEDESTRIAN_PATH,101.0192567,Forward
1843,BIKE_FRIENDLY_PEDESTRIAN_PATH,26.74043355,Forward
1844,BIKE_FRIENDLY_PEDESTRIAN_PATH,37.13053268,Forward
1845,BIKE_LANE,108.0769123,Forward
1846,BIKE_LANE,140.0021818,Forward
1847,BIKE_LANE,102.5460731,Forward
1848,BIKE_LANE,169.8652359,Forward
1849,BIKE_LANE,98.13998426,Forward
1850,BIKE_LANE,202.4881181,Forward
1851,BIKE_LANE,325.7041443,Forward
1852,BIKE_LANE,51.70959765,Forward
1853,BIKE_LANE,38.62993709,Forward
1854,BIKE_LANE,59.85643614,Forward
1855,BIKE_LANE,185.2907776,Forward
1856,BIKE_LANE,161.3550411,Forward
1857,BIKE_LANE,53.40027372,Forward
1858,BIKE_LANE,320.4622649,Forward
1859,BIKE_LANE,713.2276254,Forward
1860,BIKE_LANE,41.20789856,Forward
1861,BIKE_LANE,54.90452449,Forward
1862,BIKE_LANE,93.61044865,Forward
1863,BIKE_LANE,49.46690368,Forward
1864,BIKE_LANE,67.19367271,Forward
1865,BIKE_LANE,104.614146,Forward
1866,BIKE_LANE,311.6012446,Forward
1867,BIKE_LANE,36.55710957,Forward
1868,BIKE_LANE,61.64911757,Forward
1869,BIKE_LANE,112.6201853,Forward
1870,BIKE_LANE,270.3236291,Forward
1871,BIKE_LANE,69.16038385,Forward
1872,BIKE_LANE,43.28978839,Forward
1873,BIKE_LANE,52.36527077,Forward
1874,BIKE_LANE,21.60268959,Forward
1875,BIKE_LANE,266.8079841,Forward
1876,BIKE_LANE,63.05439146,Forward
1877,BIKE_LANE,129.7332539,Forward
1878,BIKE_LANE,18.85000342,Forward
1879,BIKE_LANE,84.82544153,Forward
1880,BIKE_LANE,84.82248117,Forward
1881,BIKE_LANE,119.8203892,Forward
1882,BIKE_LANE,100.606447,Forward
1883,BIKE_LANE,253.8933876,Forward
1884,BIKE_FRIENDLY_PEDESTRIAN_PATH,1709.320566,Forward
1885,BIKE_LANE,294.9666939,Forward
1886,BIKE_FRIENDLY_PEDESTRIAN_PATH,1496.362716,Forward
1887,BIKE_LANE,449.2523232,Forward
1888,BIKE_LANE,201.1432706,Forward
1889,BIKE_LANE,75.96059703,Forward
1890,BIKE_FRIENDLY_PEDESTRIAN_PATH,475.5145301,Forward
1891,BIKE_LANE,63.63812269,Forward
1892,BIKE_LANE,356.1230215,Forward
1893,BIKE_LANE,102.5894726,Forward
1894,BIKE_LANE,35.04239979,Forward
1895,BIKE_LANE,35.70068018,Forward
1896,BIKE_LANE,76.89367717,Forward
1897,BIKE_FRIENDLY_PEDESTRIAN_PATH,45.20636743,Forward
1898,BIKE_LANE,62.29873429,Forward
1899,BIKE_FRIENDLY_PEDESTRIAN_PATH,88.9863922,Forward
1900,BIKE_LANE,67.04886371,Forward
1901,BIKE_LANE,83.82742187,Forward
1902,BIKE_LANE,93.2811216,Forward
1903,BIKE_LANE,46.29297677,Forward
1904,BIKE_LANE,117.8670576,Forward
1905,BIKE_LANE,171.4091009,Forward
1906,BIKE_LANE,108.1098628,Forward
1907,BIKE_LANE,106.6542918,Forward
1908,BIKE_LANE,158.185781,Forward
1909,BIKE_LANE,44.08568993,Forward
1910,BIKE_LANE,636.6636032,Forward
1911,BIKE_LANE,218.372443,Forward
1912,BIKE_LANE,959.0427008,Forward
1913,BIKE_LANE,886.4593678,Forward
1914,BIKE_LANE,620.5832478,Forward
1915,BIKE_LANE,632.78852,Forward
1916,BIKE_LANE,367.1506122,Forward
1917,BIKE_LANE,199.5787032,Forward
1918,BIKE_LANE,122.3448398,Forward
1919,BIKE_LANE,115.7186091,Forward
1920,BIKE_LANE,897.4294749,Forward
1921,BIKE_LANE,75.31670868,Forward
1922,BIKE_LANE,571.1294841,Forward
1923,BIKE_FRIENDLY_PEDESTRIAN_PATH,56.30291301,Forward
1924,BIKE_LANE,540.0839292,Forward
1925,BIKE_LANE,70.07580291,Forward
1926,BIKE_LANE,808.8606834,Forward
1927,BIKE_LANE,449.5831911,Forward
1928,BIKE_LANE,52.12420964,Forward
1929,BIKE_LANE,402.6835651,Forward
1930,BIKE_LANE,374.6229046,Forward
1931,BIKE_LANE,414.9271566,Forward
1932,BIKE_LANE,53.24132364,Forward
1933,BIKE_LANE,505.3153169,Forward
1934,BIKE_LANE,280.8297158,Forward
1935,BIKE_LANE,683.5139991,Forward
1936,BIKE_LANE,691.4139998,Forward
1937,BIKE_LANE,186.1424561,Forward
1938,BIKE_LANE,169.5553081,Forward
1939,BIKE_LANE,99.32556826,Forward
1940,BIKE_LANE,264.3379734,Forward
1941,BIKE_FRIENDLY_PEDESTRIAN_PATH,771.1138997,Forward
1942,BIKE_FRIENDLY_PEDESTRIAN_PATH,527.3141099,Forward
1943,BIKE_FRIENDLY_PEDESTRIAN_PATH,82.0150167,Forward
1944,BIKE_LANE,100.0340251,Forward
1945,BIKE_LANE,120.5059946,Forward
1946,BIKE_FRIENDLY_PEDESTRIAN_PATH,98.70254482,Forward
1947,BIKE_FRIENDLY_PEDESTRIAN_PATH,394.2733671,Forward
1948,BIKE_LANE,129.1513346,Forward
1949,BIKE_FRIENDLY_PEDESTRIAN_PATH,141.2078218,Forward
1950,BIKE_FRIENDLY_PEDESTRIAN_PATH,324.9123825,Forward
1951,BIKE_LANE,925.7317325,Forward
1952,BIKE_LANE,20.71461023,Forward
1953,BIKE_LANE,578.7079643,Forward
1954,BIKE_LANE,38.6406763,Forward
1955,BIKE_FRIENDLY_PEDESTRIAN_PATH,3.930741494,Forward
1956,BIKE_LANE,28.58991085,Forward
1957,BIKE_LANE,280.7090676,Forward
1958,BIKE_LANE,34.87096069,Forward
1959,BIKE_LANE,414.8586344,Forward
1960,BIKE_LANE,106.0616995,Forward
1961,BIKE_LANE,10.18393815,Forward
1962,BIKE_FRIENDLY_PEDESTRIAN_PATH,138.5779278,Forward
1963,BIKE_FRIENDLY_PEDESTRIAN_PATH,122.3869022,Forward
1964,BIKE_LANE,27.36411438,Forward
1965,BIKE_LANE,162.8167377,Forward
1966,BIKE_LANE,11.48253596,Forward
1967,BIKE_LANE,175.9571822,Forward
1968,BIKE_LANE,274.908025,Forward
1969,BIKE_LANE,32.38419139,Forward
1970,BIKE_LANE,55.66181481,Forward
1971,BIKE_LANE,37.86271668,Forward
1972,BIKE_LANE,77.98239979,Forward
1973,BIKE_LANE,29.05796796,Forward
1974,BIKE_LANE,177.7427134,Forward
1975,BIKE_LANE,64.56304571,Forward
1976,BIKE_LANE,121.3974625,Forward
1977,BIKE_LANE,369.3356204,Forward
1978,BIKE_LANE,55.66180483,Forward
1979,BIKE_LANE,16.74673208,Forward
1980,BIKE_LANE,403.9772473,Forward
1981,BIKE_LANE,48.96838335,Forward
1982,BIKE_LANE,73.50191964,Forward
1983,BIKE_LANE,130.6329375,Forward
1984,BIKE_LANE,90.49917917,Forward
1985,BIKE_LANE,130.7917782,Forward
1986,BIKE_LANE,182.9380888,Forward
1987,BIKE_FRIENDLY_PEDESTRIAN_PATH,68.70527096,Forward
1988,BIKE_LANE,555.5474294,Forward
1989,BIKE_FRIENDLY_PEDESTRIAN_PATH,60.65129795,Forward
1990,BIKE_LANE,187.7496945,Forward
1991,BIKE_LANE,20.15838414,Forward
1992,BIKE_LANE,22.42726151,Forward
1993,BIKE_LANE,38.74543686,Forward
1994,BIKE_LANE,9.610059817,Forward
1995,BIKE_LANE,26.57893274,Forward
1996,BIKE_LANE,90.32041638,Forward
1997,BIKE_LANE,67.21176946,Forward
1998,BIKE_LANE,36.95915417,Forward
1999,BIKE_LANE,28.1014182,Forward
2000,BIKE_LANE,31.9676057,Forward
2001,BIKE_FRIENDLY_PEDESTRIAN_PATH,891.4367104,Forward
2002,BIKE_LANE,25.16752019,Forward
2003,BIKE_LANE,52.75080253,Forward
2004,BIKE_LANE,42.53567425,Forward
2005,BIKE_LANE,78.08366585,Forward
2006,BIKE_FRIENDLY_PEDESTRIAN_PATH,11.51556156,Forward
2007,BIKE_FRIENDLY_PEDESTRIAN_PATH,250.4184771,Forward
2008,BIKE_LANE,52.67760165,Forward
2009,BIKE_LANE,51.31307728,Forward
2010,BIKE_LANE,20.8118153,Forward
2011,BIKE_LANE,1826.086941,Forward
2012,BIKE_LANE,1939.26431,Forward
2013,BIKE_LANE,176.1818611,Forward
2014,BIKE_LANE,38.08412118,Forward
2015,BIKE_LANE,21.4740856,Forward
2016,BIKE_LANE,39.75545379,Forward
2017,BIKE_LANE,36.32674121,Forward
2018,BIKE_FRIENDLY_PEDESTRIAN_PATH,399.0354129,Forward
2019,BIKE_FRIENDLY_PEDESTRIAN_PATH,430.3171592,Forward
2020,BIKE_LANE,39.47742428,Forward
2021,BIKE_FRIENDLY_PEDESTRIAN_PATH,26.84279226,Forward
2022,BIKE_LANE,46.2686137,Forward
2023,BIKE_LANE,59.51894044,Forward
2024,BIKE_LANE,57.23151584,Forward
2025,BIKE_FRIENDLY_PEDESTRIAN_PATH,57.89024904,Forward
2026,BIKE_FRIENDLY_PEDESTRIAN_PATH,183.3096325,Forward
2027,BIKE_LANE,62.18142922,Forward
2028,BIKE_FRIENDLY_PEDESTRIAN_PATH,51.55809203,Forward
2029,BIKE_LANE,20.15581311,Forward
2030,BIKE_LANE,536.117325,Forward
2031,BIKE_LANE,12.83964303,Forward
2032,BIKE_LANE,124.7094172,Forward
2033,BIKE_LANE,8.659556406,Forward
2034,BIKE_LANE,35.89579647,Forward
2035,BIKE_LANE,9.99165049,Forward
2036,BIKE_LANE,58.60725315,Forward
2037,BIKE_LANE,271.6475072,Forward
2038,BIKE_LANE,19.86927021,Forward
2039,BIKE_LANE,71.77320854,Forward
2040,BIKE_LANE,37.3802353,Forward
2041,BIKE_FRIENDLY_PEDESTRIAN_PATH,26.5385033,Forward
2042,BIKE_LANE,57.91055137,Forward
2043,BIKE_FRIENDLY_PEDESTRIAN_PATH,34.65398854,Bi-Directional
2044,BIKE_FRIENDLY_PEDESTRIAN_PATH,86.88267385,Forward
2045,BIKE_LANE,39.07935863,Forward
2046,BIKE_FRIENDLY_PEDESTRIAN_PATH,8.935747772,Bi-Directional
2047,BIKE_LANE,23.65363343,Forward
2048,BIKE_FRIENDLY_PEDESTRIAN_PATH,441.6330593,Forward
2049,BIKE_LANE,85.81096847,Forward
2050,BIKE_LANE,24.86623967,Forward
2051,BIKE_LANE,158.5101881,Forward
2052,BIKE_LANE,20.17015056,Forward
2053,BIKE_LANE,81.47203725,Forward
2054,BIKE_FRIENDLY_PEDESTRIAN_PATH,201.9210042,Forward
2055,BIKE_FRIENDLY_PEDESTRIAN_PATH,24.27753477,Forward
2056,BIKE_LANE,25.92644222,Forward
2057,BIKE_LANE,75.6563052,Forward
2058,BIKE_LANE,1592.269699,Forward
2059,BIKE_LANE,1548.497919,Forward
2060,BIKE_LANE,166.610762,Forward
2061,BIKE_LANE,31.95335766,Forward
2062,BIKE_LANE,16.46618858,Forward
2063,BIKE_LANE,53.07791953,Forward
2064,BIKE_FRIENDLY_PEDESTRIAN_PATH,179.2345349,Forward
2065,BIKE_LANE,90.90953871,Forward
2066,BIKE_LANE,217.8006559,Forward
2067,BIKE_LANE,124.5674171,Forward
2068,BIKE_LANE,10.60478575,Forward
2069,BIKE_FRIENDLY_PEDESTRIAN_PATH,351.8089278,Forward
2070,BIKE_LANE,29.1416292,Forward
2071,BIKE_LANE,22.01667652,Forward
2072,BIKE_FRIENDLY_PEDESTRIAN_PATH,106.3144673,Forward
2073,BIKE_LANE,30.05753874,Forward
2074,BIKE_FRIENDLY_PEDESTRIAN_PATH,233.8333694,Forward
2075,BIKE_LANE,94.30533993,Forward
2076,BIKE_FRIENDLY_PEDESTRIAN_PATH,81.46975049,Forward
2077,BIKE_LANE,27.17030909,Forward
2078,BIKE_FRIENDLY_PEDESTRIAN_PATH,23.28010051,Forward
2079,BIKE_LANE,74.15609102,Forward
2080,BIKE_LANE,25.85128439,Forward
2081,BIKE_FRIENDLY_PEDESTRIAN_PATH,84.88384916,Forward
2082,BIKE_LANE,92.12057368,Forward
2083,BIKE_FRIENDLY_PEDESTRIAN_PATH,60.6134337,Forward
2084,BIKE_LANE,16.33070027,Forward
2085,BIKE_FRIENDLY_PEDESTRIAN_PATH,388.1070968,Forward
2086,BIKE_FRIENDLY_PEDESTRIAN_PATH,320.6812362,Forward
2087,BIKE_LANE,164.7167676,Forward
2088,BIKE_LANE,65.22093666,Forward
2089,BIKE_FRIENDLY_PEDESTRIAN_PATH,182.1701674,Forward
2090,BIKE_FRIENDLY_PEDESTRIAN_PATH,484.4957974,Forward
2091,BIKE_LANE,91.12170855,Forward
2092,BIKE_FRIENDLY_PEDESTRIAN_PATH,65.44213662,Forward
2093,BIKE_LANE,15.5949762,Forward
2094,BIKE_LANE,24.82250274,Forward
2095,BIKE_LANE,166.0916342,Forward
2096,BIKE_LANE,51.30067169,Forward
2097,BIKE_LANE,60.11648117,Forward
2098,BIKE_LANE,497.0537494,Bi-Directional
2099,BIKE_LANE,253.0347866,Forward
2100,BIKE_LANE,43.32523769,Forward
2101,BIKE_LANE,150.1911939,Forward
2102,BIKE_LANE,88.13583945,Forward
2103,BIKE_LANE,56.77442255,Forward
2104,BIKE_LANE,71.63256595,Forward
2105,BIKE_LANE,35.38515199,Forward
2106,BIKE_LANE,2.225850282,Forward
2107,BIKE_LANE,67.5774139,Forward
2108,BIKE_LANE,157.3178031,Forward
2109,BIKE_LANE,32.72798459,Forward
2110,BIKE_LANE,46.029865,Forward
2111,BIKE_LANE,10.44679365,Forward
2112,BIKE_LANE,62.00801522,Forward
2113,BIKE_FRIENDLY_PEDESTRIAN_PATH,196.8908356,Forward
2114,BIKE_FRIENDLY_PEDESTRIAN_PATH,77.24620656,Forward
2115,BIKE_FRIENDLY_PEDESTRIAN_PATH,43.50745961,Forward
2116,BIKE_LANE,142.5038404,Forward
2117,BIKE_LANE,36.72594676,Forward
2118,BIKE_LANE,40.9834912,Forward
2119,BIKE_FRIENDLY_PEDESTRIAN_PATH,53.22039092,Forward
2120,BIKE_FRIENDLY_PEDESTRIAN_PATH,46.4132966,Forward
2121,BIKE_LANE,22.70295102,Forward
2122,BIKE_LANE,37.33063389,Forward
2123,BIKE_FRIENDLY_PEDESTRIAN_PATH,59.81367721,Forward
2124,BIKE_LANE,62.67354425,Forward
2125,BIKE_LANE,26.88061877,Forward
2126,BIKE_FRIENDLY_PEDESTRIAN_PATH,204.3502245,Forward
2127,BIKE_LANE,68.79091762,Forward
2128,BIKE_LANE,29.58007589,Forward
2129,BIKE_FRIENDLY_PEDESTRIAN_PATH,213.2952836,Forward
2130,BIKE_LANE,147.9608031,Forward
2131,BIKE_LANE,15.5630116,Forward
2132,BIKE_FRIENDLY_PEDESTRIAN_PATH,85.82699331,Forward
2133,BIKE_FRIENDLY_PEDESTRIAN_PATH,89.63919127,Forward
2134,BIKE_FRIENDLY_PEDESTRIAN_PATH,110.2782315,Forward
2135,BIKE_FRIENDLY_PEDESTRIAN_PATH,10.30465554,Forward
2136,BIKE_FRIENDLY_PEDESTRIAN_PATH,29.53345484,Forward
2137,BIKE_LANE,59.70636639,Forward
2138,BIKE_LANE,39.06193084,Forward
2139,BIKE_LANE,47.66571352,Forward
2140,BIKE_LANE,43.60242201,Forward
2141,BIKE_FRIENDLY_PEDESTRIAN_PATH,8.530130032,Forward
2142,BIKE_FRIENDLY_PEDESTRIAN_PATH,122.828938,Forward
2143,BIKE_LANE,19.69561496,Forward
2144,BIKE_FRIENDLY_PEDESTRIAN_PATH,41.8360713,Forward
2145,BIKE_LANE,90.74446678,Forward
2146,BIKE_LANE,47.57867273,Forward
2147,BIKE_LANE,30.21169475,Forward
2148,BIKE_FRIENDLY_PEDESTRIAN_PATH,35.56857405,Forward
2149,BIKE_LANE,9.409155135,Forward
2150,BIKE_FRIENDLY_PEDESTRIAN_PATH,56.5996244,Forward
2151,BIKE_LANE,35.69686323,Forward
2152,BIKE_LANE,30.00493917,Forward
2153,BIKE_LANE,47.38460229,Forward
2154,BIKE_LANE,33.99010831,Forward
2155,BIKE_FRIENDLY_PEDESTRIAN_PATH,16.46522102,Forward
2156,BIKE_LANE,189.3567389,Forward
2157,BIKE_FRIENDLY_PEDESTRIAN_PATH,111.8225319,Forward
2158,BIKE_LANE,213.3667501,Forward
2159,BIKE_FRIENDLY_PEDESTRIAN_PATH,198.8776684,Forward
2160,BIKE_LANE,83.21513156,Forward
2161,BIKE_LANE,5.564428182,Forward
2162,BIKE_FRIENDLY_PEDESTRIAN_PATH,68.3430025,Forward
2163,BIKE_LANE,34.21288624,Forward
2164,BIKE_FRIENDLY_PEDESTRIAN_PATH,29.92604826,Forward
2165,BIKE_LANE,34.2316005,Forward
2166,BIKE_LANE,10.21755124,Forward
2167,BIKE_FRIENDLY_PEDESTRIAN_PATH,131.8162928,Forward
2168,BIKE_LANE,21.87769357,Forward
2169,BIKE_FRIENDLY_PEDESTRIAN_PATH,80.85364978,Forward
2170,BIKE_LANE,20.61919346,Forward
2171,BIKE_LANE,105.4324365,Forward
2172,BIKE_LANE,103.9463688,Forward
2173,BIKE_LANE,386.411916,Forward
2174,BIKE_LANE,34.28581224,Forward
2175,BIKE_LANE,105.1837867,Forward
2176,BIKE_LANE,72.60833284,Forward
2177,BIKE_LANE,1189.263962,Forward
2178,BIKE_LANE,119.7155833,Forward
2179,BIKE_LANE,89.26704194,Forward
2180,BIKE_LANE,40.91085971,Forward
2181,BIKE_LANE,25.14786484,Forward
2182,BIKE_FRIENDLY_PEDESTRIAN_PATH,49.20041668,Forward
2183,BIKE_FRIENDLY_PEDESTRIAN_PATH,40.6617692,Forward
2184,BIKE_LANE,96.54726936,Forward
2185,BIKE_LANE,70.40390996,Forward
2186,BIKE_FRIENDLY_PEDESTRIAN_PATH,58.65510021,Forward
2187,BIKE_FRIENDLY_PEDESTRIAN_PATH,46.98137912,Forward
2188,BIKE_LANE,196.6216105,Forward
2189,BIKE_LANE,68.00086246,Forward
2190,BIKE_LANE,31.33683096,Forward
2191,BIKE_LANE,67.97370183,Forward
2192,BIKE_FRIENDLY_PEDESTRIAN_PATH,16.26230775,Forward
2193,BIKE_LANE,15.96894578,Forward
2194,BIKE_LANE,168.7706224,Forward
2195,BIKE_LANE,59.96058089,Forward
2196,BIKE_FRIENDLY_PEDESTRIAN_PATH,130.1861132,Forward
2197,BIKE_FRIENDLY_PEDESTRIAN_PATH,139.677106,Forward
2198,BIKE_FRIENDLY_PEDESTRIAN_PATH,50.9826324,Forward
2199,BIKE_LANE,18.91933477,Forward
2200,BIKE_LANE,47.87408814,Forward
2201,BIKE_LANE,49.30497275,Forward
2202,BIKE_LANE,207.2534152,Forward
2203,BIKE_LANE,58.07192924,Forward
2204,BIKE_LANE,49.93932089,Forward
2205,BIKE_LANE,97.88165668,Forward
2206,BIKE_LANE,3407.947181,Forward
2207,BIKE_LANE,289.9871573,Reverse
2208,BIKE_LANE,85.70501941,Forward
2209,BIKE_LANE,36.72594676,Forward
2210,BIKE_LANE,142.0838584,Forward
2211,BIKE_LANE,40.73616578,Forward
2212,BIKE_LANE,65.34572565,Forward
2213,BIKE_FRIENDLY_PEDESTRIAN_PATH,101.946889,Forward
2214,BIKE_FRIENDLY_PEDESTRIAN_PATH,123.5371468,Forward
2215,BIKE_LANE,57.90583599,Forward
2216,BIKE_LANE,87.91665236,Forward
2217,BIKE_LANE,186.1136949,Forward
2218,BIKE_FRIENDLY_PEDESTRIAN_PATH,480.7438874,Forward
2219,BIKE_FRIENDLY_PEDESTRIAN_PATH,77.25182938,Forward
2220,BIKE_LANE,240.2917373,Forward
2221,BIKE_FRIENDLY_PEDESTRIAN_PATH,84.04251029,Forward
2222,BIKE_LANE,37.38031843,Forward
2223,BIKE_LANE,131.3664856,Forward
2224,BIKE_FRIENDLY_PEDESTRIAN_PATH,77.49337885,Forward
2225,BIKE_LANE,62.77343372,Forward
2226,BIKE_FRIENDLY_PEDESTRIAN_PATH,24.16449759,Forward
2227,BIKE_LANE,45.84184669,Forward
2228,BIKE_FRIENDLY_PEDESTRIAN_PATH,226.5441813,Forward
2229,BIKE_LANE,17.33154918,Forward
2230,BIKE_FRIENDLY_PEDESTRIAN_PATH,155.885237,Forward
2231,BIKE_LANE,74.71182316,Forward
2232,BIKE_LANE,74.23239234,Forward
2233,BIKE_LANE,41.21583004,Forward
2234,BIKE_FRIENDLY_PEDESTRIAN_PATH,102.8890493,Forward
2235,BIKE_LANE,18.27990181,Forward
2236,BIKE_FRIENDLY_PEDESTRIAN_PATH,3.871860713,Forward
2237,BIKE_FRIENDLY_PEDESTRIAN_PATH,232.8585589,Forward
2238,BIKE_LANE,66.3401542,Forward
2239,BIKE_LANE,33.25506176,Forward
2240,BIKE_FRIENDLY_PEDESTRIAN_PATH,33.80658628,Forward
2241,BIKE_FRIENDLY_PEDESTRIAN_PATH,86.18078099,Forward
2242,BIKE_FRIENDLY_PEDESTRIAN_PATH,535.1909151,Forward
2243,BIKE_FRIENDLY_PEDESTRIAN_PATH,40.36727104,Bi-Directional
2244,BIKE_LANE,28.75745763,Forward
2245,BIKE_LANE,76.03395553,Forward
2246,BIKE_FRIENDLY_PEDESTRIAN_PATH,647.6457658,Forward
2247,BIKE_FRIENDLY_PEDESTRIAN_PATH,432.2636937,Bi-Directional
2248,BIKE_FRIENDLY_PEDESTRIAN_PATH,486.9383107,Forward
2249,BIKE_FRIENDLY_PEDESTRIAN_PATH,38.56767874,Forward
2250,BIKE_LANE,154.4331187,Forward
2251,BIKE_FRIENDLY_PEDESTRIAN_PATH,13.67450984,Forward
2252,BIKE_LANE,1212.077432,Forward
2253,BIKE_LANE,318.5638338,Forward
2254,BIKE_FRIENDLY_PEDESTRIAN_PATH,37.96786263,Forward
2255,BIKE_FRIENDLY_PEDESTRIAN_PATH,83.15715222,Forward
2256,BIKE_FRIENDLY_PEDESTRIAN_PATH,20.93453607,Forward
2257,BIKE_FRIENDLY_PEDESTRIAN_PATH,232.8692225,Forward
2258,BIKE_LANE,18.9311438,Forward
2259,BIKE_FRIENDLY_PEDESTRIAN_PATH,21.50978635,Bi-Directional
2260,BIKE_LANE,31.27580053,Forward
2261,BIKE_LANE,48.20332562,Forward
2262,BIKE_LANE,64.95003724,Forward
2263,BIKE_LANE,63.28960571,Forward
2264,BIKE_LANE,78.33562862,Forward
2265,BIKE_LANE,69.2444998,Forward
2266,BIKE_LANE,43.42501497,Forward
2267,BIKE_LANE,43.09990293,Forward
2268,BIKE_LANE,28.86689709,Forward
2269,BIKE_FRIENDLY_PEDESTRIAN_PATH,88.00940642,Forward
2270,BIKE_LANE,108.3831948,Forward
2271,BIKE_FRIENDLY_PEDESTRIAN_PATH,62.39369181,Forward
2272,BIKE_LANE,33.3242813,Forward
2273,BIKE_LANE,58.35724564,Forward
2274,BIKE_FRIENDLY_PEDESTRIAN_PATH,195.6291801,Forward
2275,BIKE_FRIENDLY_PEDESTRIAN_PATH,243.4769063,Forward
2276,BIKE_FRIENDLY_PEDESTRIAN_PATH,1201.62178,Forward
2277,BIKE_FRIENDLY_PEDESTRIAN_PATH,160.5336896,Forward
2278,BIKE_LANE,75.36107412,Forward
2279,BIKE_LANE,25.14184926,Forward
2280,BIKE_FRIENDLY_PEDESTRIAN_PATH,201.822687,Forward
2281,BIKE_LANE,56.75256271,Forward
2282,BIKE_LANE,39.83147735,Forward
2283,BIKE_FRIENDLY_PEDESTRIAN_PATH,154.2789592,Forward
2284,BIKE_LANE,26.43172578,Forward
2285,BIKE_FRIENDLY_PEDESTRIAN_PATH,44.45860792,Forward
2286,BIKE_LANE,238.7685797,Forward
2287,BIKE_FRIENDLY_PEDESTRIAN_PATH,610.3107775,Forward
2288,BIKE_FRIENDLY_PEDESTRIAN_PATH,65.13546331,Bi-Directional
2289,BIKE_LANE,26.17313929,Forward
2290,BIKE_LANE,36.75315959,Forward
2291,BIKE_LANE,53.79946253,Forward
2292,BIKE_LANE,46.03877413,Forward
2293,BIKE_LANE,878.6848743,Forward
2294,BIKE_LANE,249.8741269,Forward
2295,BIKE_LANE,72.76002377,Forward
2296,BIKE_LANE,67.95943164,Forward
2297,BIKE_LANE,125.0454947,Forward
2298,BIKE_LANE,215.6772809,Forward
2299,BIKE_LANE,120.3126739,Forward
2300,BIKE_LANE,13.50440012,Forward
2301,BIKE_LANE,30.52978253,Forward
2302,BIKE_FRIENDLY_PEDESTRIAN_PATH,97.36988119,Forward
2303,BIKE_LANE,273.1478858,Forward
2304,BIKE_LANE,49.6759347,Forward
2305,BIKE_LANE,40.72725465,Forward
2306,BIKE_LANE,24.67636831,Forward
2307,BIKE_LANE,24.48396532,Forward
2308,BIKE_LANE,30.36744287,Forward
2309,BIKE_LANE,571.8637556,Forward
2310,BIKE_LANE,567.5393275,Forward
2311,BIKE_FRIENDLY_PEDESTRIAN_PATH,273.6375672,Forward
2312,BIKE_LANE,38.37545636,Forward
2313,BIKE_LANE,287.9433467,Forward
2314,BIKE_LANE,52.2955215,Forward
2315,BIKE_FRIENDLY_PEDESTRIAN_PATH,92.19532065,Forward
2316,BIKE_FRIENDLY_PEDESTRIAN_PATH,28.87432129,Forward
2317,BIKE_FRIENDLY_PEDESTRIAN_PATH,127.5038759,Forward
2318,BIKE_FRIENDLY_PEDESTRIAN_PATH,66.66287302,Forward
2319,BIKE_FRIENDLY_PEDESTRIAN_PATH,68.15403518,Forward
2320,BIKE_FRIENDLY_PEDESTRIAN_PATH,154.5166058,Forward
2321,BIKE_FRIENDLY_PEDESTRIAN_PATH,175.4368288,Forward
2322,BIKE_FRIENDLY_PEDESTRIAN_PATH,608.7157993,Forward
2323,BIKE_FRIENDLY_PEDESTRIAN_PATH,123.6021104,Forward
2324,BIKE_FRIENDLY_PEDESTRIAN_PATH,130.7442522,Forward
2325,BIKE_FRIENDLY_PEDESTRIAN_PATH,127.0292296,Forward
2326,BIKE_FRIENDLY_PEDESTRIAN_PATH,236.3162467,Forward
2327,BIKE_FRIENDLY_PEDESTRIAN_PATH,210.565671,Forward
2328,BIKE_FRIENDLY_PEDESTRIAN_PATH,105.8281574,Forward
2329,BIKE_FRIENDLY_PEDESTRIAN_PATH,245.9938553,Forward
2330,BIKE_LANE,42.58548164,Forward
2331,BIKE_LANE,29.3350589,Forward
2332,BIKE_FRIENDLY_PEDESTRIAN_PATH,190.7089593,Forward
2333,BIKE_FRIENDLY_PEDESTRIAN_PATH,635.498047,Forward
2334,BIKE_FRIENDLY_PEDESTRIAN_PATH,18.67509045,Forward
2335,BIKE_LANE,16.71596765,Forward
2336,BIKE_FRIENDLY_PEDESTRIAN_PATH,78.60938056,Forward
2337,BIKE_LANE,65.41263483,Forward
2338,BIKE_LANE,26.18703402,Forward
2339,BIKE_LANE,16.7909741,Forward
2340,BIKE_LANE,38.0151042,Forward
2341,BIKE_LANE,73.14375066,Forward
2342,BIKE_LANE,104.0861571,Forward
2343,BIKE_LANE,146.9914347,Forward
2344,BIKE_LANE,334.987262,Forward
2345,BIKE_LANE,13.6405969,Forward
2346,BIKE_LANE,20.73970821,Forward
2347,BIKE_LANE,16.1259445,Forward
2348,BIKE_LANE,28.62201118,Forward
2349,BIKE_LANE,397.6516935,Forward
2350,BIKE_LANE,29.09715566,Forward
2351,BIKE_LANE,267.3581771,Forward
2352,BIKE_LANE,54.93611076,Forward
2353,BIKE_LANE,411.1804561,Forward
2354,BIKE_FRIENDLY_PEDESTRIAN_PATH,859.6384447,Forward
2355,BIKE_LANE,140.4455603,Forward
2356,BIKE_FRIENDLY_PEDESTRIAN_PATH,720.608146,Forward
2357,BIKE_LANE,31.3187535,Forward
2358,BIKE_LANE,37.48163609,Forward
2359,BIKE_FRIENDLY_PEDESTRIAN_PATH,68.89624844,Forward
2360,BIKE_LANE,158.6925894,Forward
2361,BIKE_LANE,54.34659468,Forward
2362,BIKE_FRIENDLY_PEDESTRIAN_PATH,182.5608137,Forward
2363,BIKE_LANE,83.90338864,Forward
2364,BIKE_LANE,55.69094776,Forward
2365,BIKE_LANE,123.637013,Forward
2366,BIKE_LANE,18.25013776,Forward
2367,BIKE_LANE,15.31279155,Forward
2368,BIKE_LANE,149.4917778,Forward
2369,BIKE_LANE,270.037368,Forward
2370,BIKE_LANE,93.84446438,Forward
2371,BIKE_LANE,66.00012063,Forward
2372,BIKE_FRIENDLY_PEDESTRIAN_PATH,6.506879703,Forward
2373,BIKE_LANE,84.43252176,Forward
2374,BIKE_FRIENDLY_PEDESTRIAN_PATH,862.1524123,Forward
2375,BIKE_LANE,72.02672969,Forward
2376,BIKE_FRIENDLY_PEDESTRIAN_PATH,74.86926832,Forward
2377,BIKE_LANE,333.1130933,Forward
2378,BIKE_LANE,364.1738502,Forward
2379,BIKE_LANE,416.0316216,Forward
2380,BIKE_LANE,556.5346436,Forward
2381,BIKE_LANE,59.36825141,Forward
2382,BIKE_LANE,264.0876323,Forward
2383,BIKE_LANE,124.1574139,Forward
2384,BIKE_LANE,66.32354467,Forward
2385,BIKE_LANE,703.6621936,Forward
2386,BIKE_LANE,642.5512835,Forward
2387,BIKE_LANE,1325.748484,Forward
2388,BIKE_LANE,501.8353976,Forward
2389,BIKE_LANE,1149.112499,Forward
2390,BIKE_LANE,1393.212261,Forward
2391,BIKE_LANE,954.2888956,Forward
2392,BIKE_LANE,374.4997188,Forward
2393,BIKE_LANE,497.7705553,Forward
2394,BIKE_FRIENDLY_PEDESTRIAN_PATH,120.7286236,Forward
2395,BIKE_LANE,17.39681521,Forward
2396,BIKE_LANE,1044.847014,Forward
2397,BIKE_LANE,731.008363,Forward
2398,BIKE_LANE,316.7420987,Forward
2399,BIKE_LANE,595.0140829,Forward
2400,BIKE_FRIENDLY_PEDESTRIAN_PATH,60.06396853,Forward
2401,BIKE_LANE,1277.845938,Forward
2402,BIKE_LANE,739.9718815,Forward
2403,BIKE_LANE,196.2176899,Forward
2404,BIKE_LANE,106.3576754,Forward
2405,BIKE_LANE,12.69942141,Forward
2406,BIKE_LANE,68.85841915,Forward
2407,BIKE_LANE,420.3154822,Forward
2408,BIKE_FRIENDLY_PEDESTRIAN_PATH,44.8532546,Forward
2409,BIKE_LANE,407.5254334,Forward
2410,BIKE_LANE,1622.088855,Forward
2411,BIKE_LANE,10.2346567,Forward
2412,BIKE_LANE,570.3736496,Forward
2413,BIKE_LANE,84.63495484,Forward
2414,BIKE_LANE,11.85358957,Forward
2415,BIKE_LANE,1447.074427,Forward
2416,BIKE_LANE,70.99957626,Forward
2417,BIKE_FRIENDLY_PEDESTRIAN_PATH,42.05009257,Forward
2418,BIKE_LANE,21.3436972,Forward
2419,BIKE_LANE,122.0026491,Forward
2420,BIKE_LANE,121.2526222,Forward
2421,BIKE_LANE,467.0563088,Forward
2422,BIKE_LANE,24.59035467,Forward
2423,BIKE_LANE,20.7552225,Forward
2424,BIKE_LANE,9.0825092,Forward
2425,BIKE_LANE,798.8199887,Forward
2426,BIKE_LANE,145.7501646,Forward
2427,BIKE_LANE,174.7006365,Forward
2428,BIKE_LANE,282.5593502,Forward
2429,BIKE_LANE,37.23674519,Forward
2430,BIKE_LANE,635.2287372,Forward
2431,BIKE_LANE,158.6035535,Forward
2432,BIKE_LANE,130.2743401,Forward
2433,BIKE_FRIENDLY_PEDESTRIAN_PATH,341.8614144,Forward
2434,BIKE_LANE,774.0802283,Forward
2435,BIKE_LANE,64.37875437,Forward
2436,BIKE_LANE,151.4581824,Forward
2437,BIKE_FRIENDLY_PEDESTRIAN_PATH,13.68055305,Forward
2438,BIKE_FRIENDLY_PEDESTRIAN_PATH,231.645004,Forward
2439,BIKE_LANE,138.3250064,Forward
2440,BIKE_LANE,18.27099034,Forward
2441,BIKE_LANE,436.3484058,Forward
2442,BIKE_LANE,46.83837863,Forward
2443,BIKE_LANE,39.22517569,Forward
2444,BIKE_LANE,1016.033926,Forward
2445,BIKE_LANE,151.6166109,Forward
2446,BIKE_LANE,71.71169995,Forward
2447,BIKE_LANE,238.4264634,Forward
2448,BIKE_FRIENDLY_PEDESTRIAN_PATH,812.2996081,Forward
2449,BIKE_LANE,200.4308808,Forward
2450,BIKE_FRIENDLY_PEDESTRIAN_PATH,12.6873249,Forward
2451,BIKE_FRIENDLY_PEDESTRIAN_PATH,255.578936,Forward
2452,BIKE_FRIENDLY_PEDESTRIAN_PATH,303.7628255,Forward
2453,BIKE_LANE,59.94098611,Forward
2454,BIKE_FRIENDLY_PEDESTRIAN_PATH,1344.400541,Bi-Directional
2455,BIKE_LANE,526.4610181,Forward
2456,BIKE_FRIENDLY_PEDESTRIAN_PATH,43.9977631,Forward
2457,BIKE_LANE,694.5632728,Forward
2458,BIKE_LANE,352.16318,Forward
2459,BIKE_FRIENDLY_PEDESTRIAN_PATH,151.4861887,Bi-Directional
2460,BIKE_LANE,50.70420077,Forward
2461,BIKE_LANE,854.3366057,Forward
2462,BIKE_LANE,3122.001087,Forward
2463,BIKE_FRIENDLY_PEDESTRIAN_PATH,356.9911722,Forward
2464,BIKE_FRIENDLY_PEDESTRIAN_PATH,726.5267127,Forward
2465,BIKE_FRIENDLY_PEDESTRIAN_PATH,13.80284234,Bi-Directional
2466,BIKE_LANE,310.0951408,Forward
2467,BIKE_FRIENDLY_PEDESTRIAN_PATH,325.0140732,Forward
2468,BIKE_FRIENDLY_PEDESTRIAN_PATH,1829.361322,Forward
2469,BIKE_LANE,1141.21177,Forward
2470,BIKE_LANE,341.5753217,Forward
2471,BIKE_LANE,99.43505329,Forward
2472,BIKE_LANE,653.1921715,Forward
2473,BIKE_LANE,780.8282012,Forward
2474,BIKE_LANE,920.2561081,Forward
2475,BIKE_LANE,531.9519335,Forward
2476,BIKE_LANE,1861.044152,Forward
2477,BIKE_LANE,267.5383831,Forward
2478,BIKE_LANE,1252.164778,Forward
2479,BIKE_LANE,1353.134992,Forward
2480,BIKE_LANE,1247.804229,Forward
2481,BIKE_LANE,179.1136458,Forward
2482,BIKE_LANE,130.5211842,Forward
2483,BIKE_LANE,103.388745,Forward
2484,BIKE_LANE,80.83727201,Forward
2485,BIKE_LANE,1000.858815,Forward
2486,BIKE_LANE,526.3203167,Forward
2487,BIKE_LANE,520.2180839,Forward
2488,BIKE_LANE,35.07503878,Forward
2489,BIKE_LANE,444.1971069,Forward
2490,BIKE_LANE,849.39418,Forward
2491,BIKE_LANE,22.73864303,Forward
2492,BIKE_LANE,537.9185407,Forward
2493,BIKE_LANE,508.2898679,Forward
2494,BIKE_LANE,478.933049,Forward
2495,BIKE_LANE,280.4511183,Forward
2496,BIKE_LANE,53.18436643,Forward
2497,BIKE_LANE,212.6530296,Forward
2498,BIKE_LANE,59.6257058,Forward
2499,BIKE_LANE,98.44219979,Forward
2500,BIKE_FRIENDLY_PEDESTRIAN_PATH,459.7393682,Forward
2501,BIKE_LANE,937.0410483,Forward
2502,BIKE_LANE,44.36878972,Forward
2503,BIKE_LANE,770.8874439,Forward
2504,BIKE_LANE,120.2951733,Forward
2505,BIKE_LANE,127.2075778,Forward
2506,BIKE_LANE,625.356829,Forward
2507,BIKE_LANE,236.9172151,Forward
2508,BIKE_LANE,31.54744692,Forward
2509,BIKE_FRIENDLY_PEDESTRIAN_PATH,456.4164883,Forward
2510,BIKE_LANE,192.9132769,Bi-Directional
2511,BIKE_LANE,335.4772467,Forward
2512,BIKE_LANE,87.70270419,Forward
2513,BIKE_FRIENDLY_PEDESTRIAN_PATH,115.4416833,Bi-Directional
2514,BIKE_LANE,742.8868821,Forward
2515,BIKE_LANE,120.2056535,Forward
2516,BIKE_LANE,344.2787463,Forward
2517,BIKE_LANE,407.3460826,Forward
2518,BIKE_LANE,184.5783364,Forward
2519,BIKE_LANE,108.7495859,Forward
2520,BIKE_LANE,33.42955317,Forward
2521,BIKE_LANE,360.822689,Forward
2522,BIKE_LANE,51.18302629,Forward
2523,BIKE_LANE,572.0361036,Forward
2524,BIKE_LANE,153.9055813,Forward
2525,BIKE_LANE,512.2281924,Forward
2526,BIKE_LANE,628.0269034,Forward
2527,BIKE_LANE,152.2470754,Forward
2528,BIKE_LANE,306.8307447,Forward
2529,BIKE_LANE,138.0435031,Forward
2530,BIKE_LANE,166.5905038,Forward
2531,BIKE_LANE,106.4550135,Forward
2532,BIKE_LANE,229.4306787,Forward
2533,BIKE_LANE,864.756407,Forward
2534,BIKE_LANE,18.04928797,Forward
2535,BIKE_LANE,155.3567842,Forward
2536,BIKE_LANE,104.6171205,Forward
2537,BIKE_LANE,240.4366783,Forward
2538,BIKE_LANE,199.3310321,Forward
2539,BIKE_LANE,23.52950881,Forward
2540,BIKE_LANE,98.20769501,Forward
2541,BIKE_FRIENDLY_PEDESTRIAN_PATH,38.662772,Bi-Directional
2542,BIKE_LANE,172.2132617,Forward
2543,BIKE_LANE,298.8062052,Forward
2544,BIKE_FRIENDLY_PEDESTRIAN_PATH,363.5420149,Forward
2545,BIKE_LANE,493.2939919,Forward
2546,BIKE_LANE,132.8767702,Forward
2547,BIKE_LANE,9.498816083,Forward
2548,BIKE_FRIENDLY_PEDESTRIAN_PATH,1007.960226,Forward
2549,BIKE_LANE,17.36728073,Forward
2550,BIKE_LANE,149.7649666,Forward
2551,BIKE_LANE,553.3613517,Forward
2552,BIKE_LANE,72.62001312,Forward
2553,BIKE_LANE,78.64865671,Forward
2554,BIKE_LANE,112.3815652,Forward
2555,BIKE_LANE,33.58997963,Forward
2556,BIKE_LANE,1178.216587,Forward
2557,BIKE_FRIENDLY_PEDESTRIAN_PATH,25.41812596,Forward
2558,BIKE_LANE,458.4807605,Forward
2559,BIKE_LANE,20.09553495,Forward
2560,BIKE_LANE,906.5185422,Forward
2561,BIKE_LANE,97.73168691,Forward
2562,BIKE_LANE,656.1573526,Forward
2563,BIKE_LANE,13.0699746,Forward
2564,BIKE_LANE,8.177801682,Forward
2565,BIKE_LANE,74.53941831,Forward
2566,BIKE_LANE,526.5971646,Forward
2567,BIKE_LANE,135.4084916,Forward
2568,BIKE_LANE,29.91298068,Forward
2569,BIKE_LANE,425.8629293,Forward
2570,BIKE_LANE,888.1823388,Forward
2571,BIKE_LANE,21.33224383,Forward
2572,BIKE_LANE,730.5730896,Forward
2573,BIKE_LANE,57.33051535,Forward
2574,BIKE_LANE,127.7872003,Forward
2575,BIKE_LANE,744.8240012,Forward
2576,BIKE_LANE,38.5016133,Forward
2577,BIKE_LANE,131.3473768,Forward
2578,BIKE_FRIENDLY_PEDESTRIAN_PATH,169.1657732,Forward
2579,BIKE_FRIENDLY_PEDESTRIAN_PATH,664.2378219,Forward
2580,BIKE_LANE,18.30818485,Forward
2581,BIKE_LANE,178.1170132,Forward
2582,BIKE_FRIENDLY_PEDESTRIAN_PATH,287.8309703,Forward
2583,BIKE_LANE,69.30335533,Forward
2584,BIKE_LANE,55.95518571,Forward
2585,BIKE_LANE,80.4262644,Forward
2586,BIKE_LANE,5.846139342,Forward
2587,BIKE_LANE,43.99062574,Forward
2588,BIKE_FRIENDLY_PEDESTRIAN_PATH,249.2011898,Forward
2589,BIKE_LANE,9.087608955,Forward
2590,BIKE_LANE,484.9123668,Forward
2591,BIKE_LANE,81.72798262,Forward
2592,BIKE_LANE,260.9116302,Forward
2593,BIKE_LANE,97.33044957,Forward
2594,BIKE_FRIENDLY_PEDESTRIAN_PATH,1486.186684,Forward
2595,BIKE_FRIENDLY_PEDESTRIAN_PATH,206.1337121,Forward
2596,BIKE_LANE,139.2913714,Forward
2597,BIKE_FRIENDLY_PEDESTRIAN_PATH,58.73292765,Forward
2598,BIKE_FRIENDLY_PEDESTRIAN_PATH,166.6535429,Forward
2599,BIKE_LANE,331.2304398,Forward
2600,BIKE_LANE,26.8744606,Forward
2601,BIKE_LANE,10.64779872,Forward
2602,BIKE_FRIENDLY_PEDESTRIAN_PATH,82.72929964,Forward
2603,BIKE_LANE,199.6964397,Forward
2604,BIKE_LANE,112.507795,Forward
2605,BIKE_LANE,141.6499377,Forward
2606,BIKE_FRIENDLY_PEDESTRIAN_PATH,299.3240592,Forward
2607,BIKE_FRIENDLY_PEDESTRIAN_PATH,15.11362242,Forward
2608,BIKE_LANE,12.73561972,Forward
2609,BIKE_LANE,33.58611563,Forward
2610,BIKE_LANE,21.10714895,Forward
2611,BIKE_FRIENDLY_PEDESTRIAN_PATH,62.46259245,Forward
2612,BIKE_LANE,88.8852069,Forward
2613,BIKE_FRIENDLY_PEDESTRIAN_PATH,63.81628409,Forward
2614,BIKE_LANE,29.02277129,Forward
2615,BIKE_LANE,172.938234,Forward
2616,BIKE_FRIENDLY_PEDESTRIAN_PATH,845.5027031,Forward
2617,BIKE_LANE,46.27190889,Forward
2618,BIKE_FRIENDLY_PEDESTRIAN_PATH,26.08514434,Forward
2619,BIKE_FRIENDLY_PEDESTRIAN_PATH,385.19796,Forward
2620,BIKE_LANE,61.34810182,Forward
2621,BIKE_LANE,38.04544038,Forward
2622,BIKE_LANE,42.44924026,Forward
2623,BIKE_LANE,98.33807385,Forward
2624,BIKE_LANE,859.8426684,Forward
2625,BIKE_FRIENDLY_PEDESTRIAN_PATH,218.8662539,Forward
2626,BIKE_FRIENDLY_PEDESTRIAN_PATH,58.07217869,Forward
2627,BIKE_FRIENDLY_PEDESTRIAN_PATH,83.01385908,Bi-Directional
2628,BIKE_LANE,50.18057094,Forward
2629,BIKE_FRIENDLY_PEDESTRIAN_PATH,44.7254579,Bi-Directional
2630,BIKE_LANE,235.9304172,Forward
2631,BIKE_LANE,58.50716645,Forward
2632,BIKE_LANE,11.32260152,Forward
2633,BIKE_FRIENDLY_PEDESTRIAN_PATH,433.3236745,Forward
2634,BIKE_LANE,45.19087911,Forward
2635,BIKE_LANE,223.7531003,Forward
2636,BIKE_LANE,67.25277536,Forward
2637,BIKE_LANE,266.3618599,Forward
2638,BIKE_LANE,279.1186928,Forward
2639,BIKE_LANE,61.04739414,Forward
2640,BIKE_LANE,43.62143932,Forward
2641,BIKE_FRIENDLY_PEDESTRIAN_PATH,370.3935507,Forward
2642,BIKE_LANE,33.46177853,Forward
2643,BIKE_LANE,492.712036,Forward
2644,BIKE_LANE,82.67338641,Forward
2645,BIKE_LANE,29.47094993,Forward
2646,BIKE_LANE,29.74161737,Forward
2647,BIKE_LANE,15.04746596,Forward
2648,BIKE_LANE,258.3840502,Forward
2649,BIKE_LANE,400.2038581,Forward
2650,BIKE_FRIENDLY_PEDESTRIAN_PATH,71.26670537,Forward
2651,BIKE_FRIENDLY_PEDESTRIAN_PATH,14.58626292,Forward
2652,BIKE_LANE,15.24876192,Forward
2653,BIKE_LANE,496.6480671,Forward
2654,BIKE_LANE,52.71539617,Forward
2655,BIKE_LANE,509.1343613,Forward
2656,BIKE_LANE,469.5583823,Forward
2657,BIKE_FRIENDLY_PEDESTRIAN_PATH,857.4519899,Forward
2658,BIKE_LANE,872.6094421,Forward
2659,BIKE_LANE,23.6572317,Forward
2660,BIKE_FRIENDLY_PEDESTRIAN_PATH,43.316819,Forward
2661,BIKE_LANE,56.81120021,Forward
2662,BIKE_FRIENDLY_PEDESTRIAN_PATH,145.2145675,Forward
2663,BIKE_LANE,9.748958164,Forward
2664,BIKE_LANE,71.76953335,Forward
2665,BIKE_LANE,76.94316206,Forward
2666,BIKE_FRIENDLY_PEDESTRIAN_PATH,223.1038152,Forward
2667,BIKE_LANE,290.6374414,Forward
2668,BIKE_LANE,167.9312155,Forward
2669,BIKE_LANE,79.06078771,Forward
2670,BIKE_LANE,63.83555042,Forward
2671,BIKE_LANE,522.6527399,Forward
2672,BIKE_FRIENDLY_PEDESTRIAN_PATH,460.7220659,Forward
2673,BIKE_LANE,213.7381506,Forward
2674,BIKE_LANE,241.5139399,Forward
2675,BIKE_LANE,22.04608226,Forward
2676,BIKE_LANE,279.0027966,Forward
2677,BIKE_LANE,105.4224473,Forward
2678,BIKE_LANE,77.83004906,Forward
2679,BIKE_LANE,88.23794023,Forward
2680,BIKE_LANE,54.28564933,Forward
2681,BIKE_LANE,61.25529137,Forward
2682,BIKE_LANE,60.97780973,Forward
2683,BIKE_LANE,33.35878084,Forward
2684,BIKE_LANE,90.81903965,Forward
2685,BIKE_LANE,73.67907775,Forward
2686,BIKE_LANE,51.65063072,Forward
2687,BIKE_LANE,120.9842052,Forward
2688,BIKE_LANE,27.25031481,Forward
2689,BIKE_LANE,24.63891675,Forward
2690,BIKE_LANE,39.55539425,Forward
2691,BIKE_LANE,92.17810707,Forward
2692,BIKE_LANE,16.55647507,Forward
2693,BIKE_LANE,54.49740059,Forward
2694,BIKE_LANE,304.8222041,Forward
2695,BIKE_FRIENDLY_PEDESTRIAN_PATH,72.25798099,Forward
2696,BIKE_LANE,107.5184499,Forward
2697,BIKE_LANE,42.76204203,Forward
2698,BIKE_LANE,90.78078763,Forward
2699,BIKE_LANE,36.32368042,Forward
2700,BIKE_LANE,46.66178492,Forward
2701,BIKE_LANE,23.34200512,Forward
2702,BIKE_LANE,38.53528015,Forward
2703,BIKE_LANE,711.9987874,Forward
2704,BIKE_LANE,70.84578814,Forward
2705,BIKE_FRIENDLY_PEDESTRIAN_PATH,54.79014788,Forward
2706,BIKE_LANE,103.9592432,Forward
2707,BIKE_LANE,241.3464879,Forward
2708,BIKE_LANE,79.25232144,Forward
2709,BIKE_LANE,8.377192145,Forward
2710,BIKE_LANE,42.49701008,Forward
2711,BIKE_LANE,117.9545047,Forward
2712,BIKE_LANE,35.43965084,Forward
2713,BIKE_LANE,107.4897481,Forward
2714,BIKE_FRIENDLY_PEDESTRIAN_PATH,139.8637506,Forward
2715,BIKE_LANE,54.22294748,Forward
2716,BIKE_LANE,42.3112606,Forward
2717,BIKE_LANE,86.54355849,Forward
2718,BIKE_LANE,40.74834593,Forward
2719,BIKE_LANE,52.1031193,Forward
2720,BIKE_LANE,63.20287426,Forward
2721,BIKE_LANE,83.5203399,Forward
2722,BIKE_LANE,45.96221755,Forward
2723,BIKE_LANE,16.59195282,Forward
2724,BIKE_LANE,58.86966488,Forward
2725,BIKE_LANE,147.5236018,Forward
2726,BIKE_LANE,149.5718842,Forward
2727,BIKE_LANE,201.2843568,Forward
2728,BIKE_LANE,188.0045784,Forward
2729,BIKE_LANE,74.7020207,Forward
2730,BIKE_LANE,12.46883894,Forward
2731,BIKE_LANE,30.00741138,Forward
2732,BIKE_LANE,61.58633264,Forward
2733,BIKE_FRIENDLY_PEDESTRIAN_PATH,119.0381654,Forward
2734,BIKE_LANE,19.45153551,Forward
2735,BIKE_LANE,36.45284628,Forward
2736,BIKE_LANE,108.3680887,Forward
2737,BIKE_FRIENDLY_PEDESTRIAN_PATH,21.09185417,Forward
2738,BIKE_FRIENDLY_PEDESTRIAN_PATH,38.76145551,Forward
2739,BIKE_FRIENDLY_PEDESTRIAN_PATH,54.00892875,Forward
2740,BIKE_LANE,23.07031407,Forward
2741,BIKE_LANE,38.50613579,Forward
2742,BIKE_LANE,141.0538086,Forward
2743,BIKE_LANE,48.33382313,Forward
2744,BIKE_LANE,83.95018114,Forward
2745,BIKE_LANE,113.3046806,Forward
2746,BIKE_LANE,90.50347967,Forward
2747,BIKE_LANE,93.70887463,Forward
2748,BIKE_LANE,43.41245224,Forward
2749,BIKE_LANE,182.5791385,Forward
2750,BIKE_LANE,320.0416745,Forward
2751,BIKE_LANE,164.5717046,Forward
2752,BIKE_LANE,276.024075,Forward
2753,BIKE_LANE,172.5782046,Forward
2754,BIKE_LANE,147.3885236,Forward
2755,BIKE_LANE,79.71676647,Forward
2756,BIKE_LANE,124.4500894,Forward
2757,BIKE_LANE,107.7471654,Forward
2758,BIKE_LANE,36.24329518,Forward
2759,BIKE_LANE,81.41140517,Forward
2760,BIKE_LANE,106.2712886,Forward
2761,BIKE_FRIENDLY_PEDESTRIAN_PATH,39.76448255,Forward
2762,BIKE_LANE,28.35112635,Forward
2763,BIKE_LANE,110.0931313,Forward
2764,BIKE_LANE,84.88565679,Forward
2765,BIKE_LANE,29.01920813,Forward
2766,BIKE_FRIENDLY_PEDESTRIAN_PATH,25.35629415,Forward
2767,BIKE_LANE,40.0574205,Forward
2768,BIKE_LANE,159.7490092,Forward
2769,BIKE_LANE,167.2059273,Forward
2770,BIKE_LANE,150.0225054,Forward
2771,BIKE_LANE,254.9236402,Forward
2772,BIKE_LANE,53.49185354,Forward
2773,BIKE_LANE,106.3825694,Forward
2774,BIKE_LANE,20.30965798,Forward
2775,BIKE_LANE,278.5351863,Forward
2776,BIKE_FRIENDLY_PEDESTRIAN_PATH,15.03388414,Bi-Directional
2777,BIKE_LANE,99.20477312,Forward
2778,BIKE_FRIENDLY_PEDESTRIAN_PATH,112.0189579,Forward
2779,BIKE_LANE,32.25623924,Forward
2780,BIKE_FRIENDLY_PEDESTRIAN_PATH,80.66344782,Forward
2781,BIKE_LANE,104.8883865,Forward
2782,BIKE_LANE,82.00066998,Forward
2783,BIKE_LANE,82.38939324,Forward
2784,BIKE_LANE,69.2693253,Forward
2785,BIKE_LANE,61.65348642,Forward
2786,BIKE_LANE,214.0458924,Forward
2787,BIKE_LANE,57.28856143,Forward
2788,BIKE_LANE,84.49718668,Forward
2789,BIKE_LANE,158.8404273,Forward
2790,BIKE_LANE,66.29647469,Forward
2791,BIKE_LANE,47.52115391,Forward
2792,BIKE_LANE,65.38467359,Forward
2793,BIKE_FRIENDLY_PEDESTRIAN_PATH,158.2575462,Forward
2794,BIKE_LANE,120.5802489,Forward
2795,BIKE_LANE,35.49637489,Forward
2796,BIKE_LANE,86.07940401,Forward
2797,BIKE_LANE,45.77099043,Forward
2798,BIKE_LANE,176.5448976,Forward
2799,BIKE_LANE,180.6870738,Forward
2800,BIKE_LANE,65.18982095,Forward
2801,BIKE_LANE,157.3249402,Forward
2802,BIKE_LANE,367.0254757,Forward
2803,BIKE_LANE,56.38086347,Forward
2804,BIKE_LANE,242.9838973,Forward
2805,BIKE_FRIENDLY_PEDESTRIAN_PATH,63.86036326,Forward
2806,BIKE_FRIENDLY_PEDESTRIAN_PATH,229.4438427,Forward
2807,BIKE_FRIENDLY_PEDESTRIAN_PATH,45.70937405,Forward
2808,BIKE_LANE,22.79246648,Forward
2809,BIKE_LANE,292.8004298,Forward
2810,BIKE_LANE,12.31417621,Forward
2811,BIKE_LANE,50.30851357,Forward
2812,BIKE_FRIENDLY_PEDESTRIAN_PATH,163.5991889,Forward
2813,BIKE_LANE,192.7631045,Forward
2814,BIKE_FRIENDLY_PEDESTRIAN_PATH,195.8569486,Forward
2815,BIKE_FRIENDLY_PEDESTRIAN_PATH,239.552599,Forward
2816,BIKE_LANE,72.10074562,Forward
2817,BIKE_LANE,182.835322,Forward
2818,BIKE_LANE,100.4714248,Forward
2819,BIKE_LANE,41.84261052,Forward
2820,BIKE_LANE,27.89820128,Forward
2821,BIKE_FRIENDLY_PEDESTRIAN_PATH,470.6981051,Forward
2822,BIKE_LANE,83.95074321,Forward
2823,BIKE_LANE,28.10654952,Forward
2824,BIKE_LANE,26.33624567,Forward
2825,BIKE_LANE,16.94337336,Forward
2826,BIKE_LANE,47.31135297,Forward
2827,BIKE_FRIENDLY_PEDESTRIAN_PATH,133.7352542,Bi-Directional
2828,BIKE_LANE,68.69339407,Forward
2829,BIKE_LANE,128.8936081,Forward
2830,BIKE_FRIENDLY_PEDESTRIAN_PATH,117.7947281,Forward
2831,BIKE_FRIENDLY_PEDESTRIAN_PATH,43.40854036,Forward
2832,BIKE_FRIENDLY_PEDESTRIAN_PATH,58.87651185,Forward
2833,BIKE_FRIENDLY_PEDESTRIAN_PATH,42.13653111,Forward
2834,BIKE_LANE,14.14535479,Forward
2835,BIKE_FRIENDLY_PEDESTRIAN_PATH,53.72040714,Forward
2836,BIKE_LANE,250.4423479,Forward
2837,BIKE_FRIENDLY_PEDESTRIAN_PATH,38.42839476,Forward
2838,BIKE_FRIENDLY_PEDESTRIAN_PATH,33.35694444,Forward
2839,BIKE_FRIENDLY_PEDESTRIAN_PATH,53.92629265,Forward
2840,BIKE_FRIENDLY_PEDESTRIAN_PATH,39.26388208,Forward
2841,BIKE_LANE,40.60056491,Forward
2842,BIKE_FRIENDLY_PEDESTRIAN_PATH,212.0163624,Forward
2843,BIKE_LANE,78.46592042,Forward
2844,BIKE_FRIENDLY_PEDESTRIAN_PATH,24.02171596,Forward
2845,BIKE_LANE,54.94070082,Forward
2846,BIKE_FRIENDLY_PEDESTRIAN_PATH,289.5296425,Forward
2847,BIKE_LANE,63.44951748,Forward
2848,BIKE_FRIENDLY_PEDESTRIAN_PATH,20.04252223,Forward
2849,BIKE_FRIENDLY_PEDESTRIAN_PATH,37.46193032,Forward
2850,BIKE_LANE,30.23244005,Forward
2851,BIKE_FRIENDLY_PEDESTRIAN_PATH,59.56904238,Forward
2852,BIKE_FRIENDLY_PEDESTRIAN_PATH,42.51989435,Forward
2853,BIKE_FRIENDLY_PEDESTRIAN_PATH,152.6041366,Forward
2854,BIKE_FRIENDLY_PEDESTRIAN_PATH,41.35559113,Forward
2855,BIKE_FRIENDLY_PEDESTRIAN_PATH,43.54323539,Forward
2856,BIKE_LANE,369.6780875,Forward
2857,BIKE_LANE,16.89408892,Forward
2858,BIKE_LANE,32.00849828,Forward
2859,BIKE_FRIENDLY_PEDESTRIAN_PATH,57.58472813,Forward
2860,BIKE_LANE,77.52716685,Forward
2861,BIKE_LANE,90.12416448,Forward
2862,BIKE_FRIENDLY_PEDESTRIAN_PATH,40.57196453,Forward
2863,BIKE_LANE,21.14523675,Forward
2864,BIKE_FRIENDLY_PEDESTRIAN_PATH,657.1088232,Forward
2865,BIKE_LANE,25.41736227,Forward
2866,BIKE_FRIENDLY_PEDESTRIAN_PATH,18.8810031,Forward
2867,BIKE_FRIENDLY_PEDESTRIAN_PATH,35.1012474,Forward
2868,BIKE_FRIENDLY_PEDESTRIAN_PATH,30.48200818,Forward
2869,BIKE_LANE,83.53494766,Forward
2870,BIKE_LANE,26.81565684,Forward
2871,BIKE_LANE,22.16946629,Forward
2872,BIKE_LANE,9.505706864,Forward
2873,BIKE_LANE,234.0136541,Forward
2874,BIKE_LANE,70.25764052,Forward
2875,BIKE_LANE,237.5086271,Forward
2876,BIKE_FRIENDLY_PEDESTRIAN_PATH,25.6032197,Bi-Directional
2877,BIKE_LANE,117.6617726,Forward
2878,BIKE_LANE,11.47672659,Forward
2879,BIKE_FRIENDLY_PEDESTRIAN_PATH,21.33154183,Forward
2880,BIKE_LANE,702.5367502,Forward
2881,BIKE_LANE,29.01580241,Forward
2882,BIKE_LANE,81.54539853,Forward
2883,BIKE_LANE,102.9376187,Forward
2884,BIKE_LANE,41.53381839,Forward
2885,BIKE_LANE,65.87223147,Forward
2886,BIKE_LANE,26.32979151,Forward
2887,BIKE_FRIENDLY_PEDESTRIAN_PATH,36.95104968,Forward
2888,BIKE_LANE,436.8573866,Forward
2889,BIKE_FRIENDLY_PEDESTRIAN_PATH,277.7102334,Forward
2890,BIKE_LANE,95.14269576,Forward
2891,BIKE_LANE,859.1383242,Forward
2892,BIKE_FRIENDLY_PEDESTRIAN_PATH,93.88966237,Bi-Directional
2893,BIKE_LANE,62.63758371,Forward
2894,BIKE_LANE,39.42710631,Forward
2895,BIKE_FRIENDLY_PEDESTRIAN_PATH,41.64519007,Forward
2896,BIKE_LANE,87.44409267,Forward
2897,BIKE_LANE,140.7870713,Forward
2898,BIKE_LANE,82.67456914,Forward
2899,BIKE_LANE,53.20996827,Forward
2900,BIKE_LANE,38.05247587,Forward
2901,BIKE_LANE,13.64966611,Forward
2902,BIKE_LANE,23.93371225,Forward
2903,BIKE_LANE,39.80984856,Forward
2904,BIKE_FRIENDLY_PEDESTRIAN_PATH,169.6423751,Forward
2905,BIKE_LANE,801.28571,Forward
2906,BIKE_FRIENDLY_PEDESTRIAN_PATH,46.44185811,Forward
2907,BIKE_LANE,283.4688343,Forward
2908,BIKE_LANE,124.1944124,Forward
2909,BIKE_FRIENDLY_PEDESTRIAN_PATH,28.29580079,Forward
2910,BIKE_LANE,40.48428551,Forward
2911,BIKE_LANE,129.1170844,Forward
2912,BIKE_LANE,149.1219037,Forward
2913,BIKE_LANE,92.2943165,Forward
2914,BIKE_LANE,59.01542981,Forward
2915,BIKE_LANE,24.23428051,Forward
2916,BIKE_LANE,13.38860354,Forward
2917,BIKE_LANE,62.16283881,Forward
2918,BIKE_LANE,15.32332625,Forward
2919,BIKE_FRIENDLY_PEDESTRIAN_PATH,685.3444152,Forward
2920,BIKE_FRIENDLY_PEDESTRIAN_PATH,214.6042384,Forward
2921,BIKE_LANE,57.15912053,Forward
2922,BIKE_LANE,32.90870748,Forward
2923,BIKE_FRIENDLY_PEDESTRIAN_PATH,167.3679229,Bi-Directional
2924,BIKE_LANE,125.1646445,Forward
2925,BIKE_LANE,207.8196424,Forward
2926,BIKE_LANE,70.23615961,Forward
2927,BIKE_LANE,29.43286045,Forward
2928,BIKE_LANE,26.86654309,Forward
2929,BIKE_FRIENDLY_PEDESTRIAN_PATH,162.1222775,Forward
2930,BIKE_FRIENDLY_PEDESTRIAN_PATH,181.0657855,Forward
2931,SEPARATE_TRAIL,162.8950679,Forward
2932,BIKE_FRIENDLY_PEDESTRIAN_PATH,1366.140661,Forward
2933,BIKE_LANE,38.53191205,Forward
2934,BIKE_FRIENDLY_PEDESTRIAN_PATH,171.6747205,Bi-Directional
2935,BIKE_FRIENDLY_PEDESTRIAN_PATH,29.9713232,Bi-Directional
2936,BIKE_LANE,25.40824385,Forward
2937,BIKE_FRIENDLY_PEDESTRIAN_PATH,20.83416716,Bi-Directional
2938,BIKE_LANE,55.85077212,Forward
2939,BIKE_LANE,77.18353375,Forward
2940,BIKE_LANE,33.46126777,Forward
2941,BIKE_FRIENDLY_PEDESTRIAN_PATH,40.27686033,Forward
2942,BIKE_LANE,64.0745847,Forward
2943,BIKE_FRIENDLY_PEDESTRIAN_PATH,45.22338889,Forward
2944,BIKE_FRIENDLY_PEDESTRIAN_PATH,222.6057649,Bi-Directional
2945,BIKE_FRIENDLY_PEDESTRIAN_PATH,34.44408014,Bi-Directional
2946,BIKE_FRIENDLY_PEDESTRIAN_PATH,354.7697667,Forward
2947,BIKE_FRIENDLY_PEDESTRIAN_PATH,442.0362718,Forward
2948,BIKE_LANE,187.3375385,Forward
2949,BIKE_LANE,61.55801328,Forward
2950,BIKE_LANE,79.84833812,Forward
2951,BIKE_FRIENDLY_PEDESTRIAN_PATH,368.449527,Bi-Directional
2952,BIKE_LANE,25.6437835,Forward
2953,BIKE_FRIENDLY_PEDESTRIAN_PATH,458.9286277,Forward
2954,BIKE_LANE,86.06283839,Forward
2955,BIKE_LANE,64.51425679,Bi-Directional
2956,BIKE_LANE,20.38629134,Forward
2957,BIKE_LANE,78.49360091,Forward
2958,BIKE_LANE,58.78092956,Forward
2959,BIKE_FRIENDLY_PEDESTRIAN_PATH,127.6663558,Forward
2960,BIKE_FRIENDLY_PEDESTRIAN_PATH,520.010378,Forward
2961,BIKE_FRIENDLY_PEDESTRIAN_PATH,125.0443369,Bi-Directional
2962,BIKE_FRIENDLY_PEDESTRIAN_PATH,899.1778717,Forward
2963,BIKE_LANE,176.9654514,Forward
2964,BIKE_LANE,48.2409336,Forward
2965,BIKE_LANE,64.69990488,Forward
2966,BIKE_LANE,42.63982769,Forward
2967,BIKE_LANE,9.181655815,Forward
2968,BIKE_FRIENDLY_PEDESTRIAN_PATH,71.35731166,Forward
2969,BIKE_FRIENDLY_PEDESTRIAN_PATH,51.41843983,Forward
2970,BIKE_FRIENDLY_PEDESTRIAN_PATH,247.0656673,Forward
2971,BIKE_FRIENDLY_PEDESTRIAN_PATH,520.5717903,Forward
2972,BIKE_LANE,20.2841407,Forward
2973,BIKE_LANE,14.68573016,Forward
2974,BIKE_LANE,38.01621038,Forward
2975,BIKE_LANE,78.7046903,Forward
2976,BIKE_FRIENDLY_PEDESTRIAN_PATH,18.81848474,Forward
2977,BIKE_FRIENDLY_PEDESTRIAN_PATH,37.38738492,Forward
2978,BIKE_FRIENDLY_PEDESTRIAN_PATH,56.77758849,Forward
2979,BIKE_LANE,140.9775164,Forward
2980,BIKE_FRIENDLY_PEDESTRIAN_PATH,99.9430446,Forward
2981,BIKE_LANE,28.56734333,Forward
2982,BIKE_LANE,618.2151448,Forward
2983,BIKE_LANE,69.87626161,Forward
2984,BIKE_FRIENDLY_PEDESTRIAN_PATH,16.9989383,Forward
2985,BIKE_FRIENDLY_PEDESTRIAN_PATH,27.52891314,Forward
2986,BIKE_FRIENDLY_PEDESTRIAN_PATH,31.67845542,Forward
2987,BIKE_LANE,7.469625191,Forward
2988,BIKE_LANE,33.77245923,Forward
2989,BIKE_FRIENDLY_PEDESTRIAN_PATH,66.62678879,Forward
2990,BIKE_LANE,231.293874,Forward
2991,BIKE_LANE,42.46044409,Forward
2992,BIKE_FRIENDLY_PEDESTRIAN_PATH,53.86081255,Forward
2993,BIKE_LANE,71.00204226,Forward
2994,BIKE_FRIENDLY_PEDESTRIAN_PATH,18.11510061,Forward
2995,BIKE_LANE,58.5072764,Forward
2996,BIKE_LANE,189.4194128,Forward
2997,BIKE_LANE,90.14452972,Forward
2998,BIKE_LANE,25.10027586,Forward
2999,BIKE_LANE,45.78573401,Forward
3000,BIKE_LANE,315.3806791,Forward
3001,BIKE_LANE,15.38914226,Forward
3002,BIKE_FRIENDLY_PEDESTRIAN_PATH,53.00435403,Forward
3003,BIKE_LANE,188.8799262,Forward
3004,BIKE_LANE,251.2829682,Forward
3005,BIKE_LANE,235.6444101,Forward
3006,BIKE_LANE,74.92118936,Forward
3007,BIKE_FRIENDLY_PEDESTRIAN_PATH,127.9383645,Forward
3008,BIKE_LANE,189.8547145,Forward
3009,BIKE_FRIENDLY_PEDESTRIAN_PATH,271.2237182,Forward
3010,BIKE_LANE,77.45324544,Forward
3011,BIKE_LANE,228.1030088,Forward
3012,BIKE_LANE,113.9402336,Forward
3013,BIKE_LANE,48.61552026,Forward
3014,BIKE_FRIENDLY_PEDESTRIAN_PATH,884.0327654,Forward
3015,BIKE_LANE,50.23210692,Forward
3016,BIKE_LANE,76.85910721,Forward
3017,BIKE_LANE,544.4694029,Forward
3018,BIKE_LANE,43.92876041,Forward
3019,BIKE_LANE,119.754698,Forward
3020,BIKE_LANE,75.24641461,Forward
3021,BIKE_LANE,117.1115586,Forward
3022,BIKE_FRIENDLY_PEDESTRIAN_PATH,256.3951039,Forward
3023,BIKE_FRIENDLY_PEDESTRIAN_PATH,191.1907303,Forward
3024,BIKE_FRIENDLY_PEDESTRIAN_PATH,233.8915177,Forward
3025,BIKE_LANE,101.8923118,Forward
3026,BIKE_LANE,50.14603076,Forward
3027,BIKE_LANE,96.24867093,Forward
3028,BIKE_LANE,314.0957309,Forward
3029,BIKE_LANE,455.4960355,Forward
3030,BIKE_LANE,309.4386579,Forward
3031,BIKE_LANE,32.86266655,Forward
3032,BIKE_LANE,91.63775506,Forward
3033,BIKE_LANE,125.9004397,Forward
3034,BIKE_LANE,138.6029526,Forward
3035,BIKE_LANE,98.39856227,Forward
3036,BIKE_LANE,71.11811076,Forward
3037,BIKE_LANE,123.9845345,Forward
3038,BIKE_LANE,77.77978576,Forward
3039,BIKE_LANE,149.9110121,Forward
3040,BIKE_LANE,47.8419481,Forward
3041,BIKE_LANE,83.50268926,Forward
3042,BIKE_LANE,95.23511911,Forward
3043,BIKE_LANE,30.86747211,Forward
3044,BIKE_FRIENDLY_PEDESTRIAN_PATH,719.5146149,Forward
3045,BIKE_FRIENDLY_PEDESTRIAN_PATH,723.9408083,Forward
3046,BIKE_FRIENDLY_PEDESTRIAN_PATH,100.0316822,Forward
3047,BIKE_FRIENDLY_PEDESTRIAN_PATH,76.45804433,Bi-Directional
3048,BIKE_FRIENDLY_PEDESTRIAN_PATH,437.4735528,Forward
3049,BIKE_FRIENDLY_PEDESTRIAN_PATH,389.3338098,Forward
3050,BIKE_LANE,32.80846815,Forward
3051,BIKE_LANE,31.11416453,Forward
3052,BIKE_LANE,173.3787373,Forward
3053,BIKE_LANE,197.515523,Forward
3054,BIKE_LANE,65.24465757,Forward
3055,BIKE_LANE,67.33303841,Forward
3056,BIKE_LANE,44.98141399,Forward
3057,BIKE_FRIENDLY_PEDESTRIAN_PATH,17.27276252,Bi-Directional
3058,BIKE_FRIENDLY_PEDESTRIAN_PATH,18.02512292,Bi-Directional
3059,BIKE_LANE,217.2711698,Forward
3060,BIKE_LANE,240.0692274,Forward
3061,BIKE_FRIENDLY_PEDESTRIAN_PATH,17.38375962,Bi-Directional
3062,BIKE_LANE,62.46030131,Forward
3063,BIKE_FRIENDLY_PEDESTRIAN_PATH,24.48140234,Forward
3064,BIKE_LANE,19.01905429,Forward
3065,BIKE_FRIENDLY_PEDESTRIAN_PATH,231.9164531,Forward
3066,BIKE_LANE,83.10723413,Forward
3067,BIKE_LANE,246.3340915,Forward
3068,BIKE_LANE,89.96695897,Forward
3069,BIKE_LANE,66.70442281,Forward
3070,BIKE_LANE,75.66749995,Forward
3071,BIKE_LANE,26.78521169,Forward
3072,BIKE_LANE,47.8786086,Forward
3073,BIKE_LANE,36.30216262,Forward
3074,BIKE_FRIENDLY_PEDESTRIAN_PATH,432.6784265,Forward
3075,BIKE_LANE,46.67233277,Forward
3076,BIKE_LANE,73.17576071,Forward
3077,BIKE_LANE,58.48658381,Forward
3078,BIKE_LANE,122.3943142,Forward
3079,BIKE_LANE,168.3844375,Forward
3080,BIKE_LANE,112.2379914,Forward
3081,BIKE_LANE,276.2908695,Forward
3082,BIKE_LANE,80.97284153,Forward
3083,BIKE_LANE,120.2864863,Forward
3084,BIKE_LANE,149.4965179,Forward
3085,BIKE_LANE,47.83673977,Forward
3086,BIKE_FRIENDLY_PEDESTRIAN_PATH,191.1500027,Forward
3087,BIKE_LANE,33.25866425,Forward
3088,BIKE_LANE,76.09246539,Forward
3089,BIKE_LANE,10.6941581,Forward
3090,BIKE_LANE,42.68286825,Forward
3091,BIKE_FRIENDLY_PEDESTRIAN_PATH,77.26384545,Forward
3092,BIKE_FRIENDLY_PEDESTRIAN_PATH,48.10871102,Forward
3093,BIKE_LANE,83.86525617,Forward
3094,BIKE_LANE,210.9837123,Forward
3095,BIKE_LANE,54.72597723,Forward
3096,BIKE_LANE,82.46087332,Forward
3097,BIKE_FRIENDLY_PEDESTRIAN_PATH,12.87973248,Forward
3098,BIKE_LANE,150.2307824,Forward
3099,BIKE_LANE,67.16638477,Forward
3100,BIKE_LANE,262.0467895,Forward
3101,BIKE_LANE,253.5575044,Forward
3102,BIKE_LANE,158.0630376,Forward
3103,BIKE_LANE,109.9994336,Forward
3104,BIKE_LANE,45.87790577,Forward
3105,BIKE_LANE,28.82306418,Forward
3106,BIKE_LANE,8.26285667,Forward
3107,BIKE_LANE,85.86660476,Forward
3108,BIKE_LANE,21.7530854,Forward
3109,BIKE_LANE,191.0051024,Forward
3110,BIKE_LANE,86.91085336,Forward
3111,BIKE_LANE,39.30693321,Forward
3112,BIKE_LANE,43.07738403,Forward
3113,BIKE_FRIENDLY_PEDESTRIAN_PATH,236.8116866,Forward
3114,BIKE_FRIENDLY_PEDESTRIAN_PATH,152.3278281,Forward
3115,BIKE_FRIENDLY_PEDESTRIAN_PATH,297.0565735,Forward
3116,BIKE_FRIENDLY_PEDESTRIAN_PATH,1140.673233,Forward
3117,BIKE_FRIENDLY_PEDESTRIAN_PATH,547.5218061,Forward
3118,BIKE_LANE,152.2376189,Forward
3119,BIKE_LANE,56.03211012,Forward
3120,BIKE_FRIENDLY_PEDESTRIAN_PATH,784.9523086,Bi-Directional
3121,BIKE_FRIENDLY_PEDESTRIAN_PATH,39.84966728,Forward
3122,BIKE_FRIENDLY_PEDESTRIAN_PATH,282.5338361,Forward
3123,BIKE_FRIENDLY_PEDESTRIAN_PATH,26.82533196,Forward
3124,BIKE_FRIENDLY_PEDESTRIAN_PATH,315.2340634,Forward
3125,BIKE_FRIENDLY_PEDESTRIAN_PATH,358.4434588,Forward
3126,BIKE_LANE,181.9834172,Forward
3127,BIKE_LANE,179.786729,Forward
3128,BIKE_FRIENDLY_PEDESTRIAN_PATH,653.5589375,Forward
3129,BIKE_FRIENDLY_PEDESTRIAN_PATH,19.4049268,Forward
3130,BIKE_FRIENDLY_PEDESTRIAN_PATH,27.44303638,Forward
3131,BIKE_FRIENDLY_PEDESTRIAN_PATH,18.64429855,Forward
3132,BIKE_FRIENDLY_PEDESTRIAN_PATH,862.7140952,Forward
3133,BIKE_FRIENDLY_PEDESTRIAN_PATH,187.0535285,Bi-Directional
3134,BIKE_FRIENDLY_PEDESTRIAN_PATH,64.752115,Bi-Directional
3135,BIKE_FRIENDLY_PEDESTRIAN_PATH,416.5919951,Forward
3136,BIKE_FRIENDLY_PEDESTRIAN_PATH,252.0484114,Forward
3137,BIKE_FRIENDLY_PEDESTRIAN_PATH,28.55707956,Forward
3138,BIKE_FRIENDLY_PEDESTRIAN_PATH,18.9109,Forward
3139,BIKE_FRIENDLY_PEDESTRIAN_PATH,215.0880893,Forward
3140,BIKE_FRIENDLY_PEDESTRIAN_PATH,400.4072962,Forward
3141,BIKE_FRIENDLY_PEDESTRIAN_PATH,699.8669957,Forward
3142,BIKE_LANE,91.86911588,Forward
3143,BIKE_FRIENDLY_PEDESTRIAN_PATH,288.6309447,Forward
3144,BIKE_FRIENDLY_PEDESTRIAN_PATH,91.10690306,Forward
3145,BIKE_FRIENDLY_PEDESTRIAN_PATH,14.10221188,Bi-Directional
3146,BIKE_FRIENDLY_PEDESTRIAN_PATH,317.1079422,Forward
3147,BIKE_FRIENDLY_PEDESTRIAN_PATH,292.9673925,Forward
3148,BIKE_FRIENDLY_PEDESTRIAN_PATH,39.65731477,Forward
3149,BIKE_FRIENDLY_PEDESTRIAN_PATH,32.01976192,Bi-Directional
3150,BIKE_FRIENDLY_PEDESTRIAN_PATH,202.0525702,Forward
3151,BIKE_FRIENDLY_PEDESTRIAN_PATH,21.59641798,Bi-Directional
3152,BIKE_FRIENDLY_PEDESTRIAN_PATH,27.96721148,Bi-Directional
3153,BIKE_FRIENDLY_PEDESTRIAN_PATH,19.40118323,Bi-Directional
3154,BIKE_FRIENDLY_PEDESTRIAN_PATH,31.52374322,Bi-Directional
3155,BIKE_FRIENDLY_PEDESTRIAN_PATH,16.15531595,Bi-Directional
3156,BIKE_FRIENDLY_PEDESTRIAN_PATH,30.92374633,Bi-Directional
3157,BIKE_FRIENDLY_PEDESTRIAN_PATH,15.09252491,Bi-Directional
3158,BIKE_FRIENDLY_PEDESTRIAN_PATH,15.65387384,Bi-Directional
3159,BIKE_FRIENDLY_PEDESTRIAN_PATH,96.61405319,Forward
3160,BIKE_FRIENDLY_PEDESTRIAN_PATH,62.90879397,Forward
3161,BIKE_FRIENDLY_PEDESTRIAN_PATH,1177.153773,Forward
3162,BIKE_LANE,69.98089675,Forward
3163,BIKE_FRIENDLY_PEDESTRIAN_PATH,203.6409221,Forward
3164,BIKE_FRIENDLY_PEDESTRIAN_PATH,128.4743023,Forward
3165,BIKE_FRIENDLY_PEDESTRIAN_PATH,76.1894976,Forward
3166,BIKE_FRIENDLY_PEDESTRIAN_PATH,5.682859504,Forward
3167,BIKE_FRIENDLY_PEDESTRIAN_PATH,372.2075067,Forward
3168,BIKE_FRIENDLY_PEDESTRIAN_PATH,76.79466245,Forward
3169,BIKE_FRIENDLY_PEDESTRIAN_PATH,470.6950121,Forward
3170,BIKE_FRIENDLY_PEDESTRIAN_PATH,13.75862752,Forward
3171,BIKE_FRIENDLY_PEDESTRIAN_PATH,215.1212672,Forward
3172,BIKE_FRIENDLY_PEDESTRIAN_PATH,122.3387227,Forward
3173,BIKE_FRIENDLY_PEDESTRIAN_PATH,355.3734942,Forward
3174,BIKE_FRIENDLY_PEDESTRIAN_PATH,23.25959163,Forward
3175,BIKE_FRIENDLY_PEDESTRIAN_PATH,502.6232997,Forward
3176,BIKE_FRIENDLY_PEDESTRIAN_PATH,170.1659283,Forward
3177,BIKE_FRIENDLY_PEDESTRIAN_PATH,300.2750685,Forward
3178,BIKE_FRIENDLY_PEDESTRIAN_PATH,376.0504156,Forward
3179,BIKE_FRIENDLY_PEDESTRIAN_PATH,14.17415695,Bi-Directional
3180,BIKE_FRIENDLY_PEDESTRIAN_PATH,388.5433989,Forward
3181,BIKE_FRIENDLY_PEDESTRIAN_PATH,156.6862486,Forward
3182,BIKE_FRIENDLY_PEDESTRIAN_PATH,66.63907647,Forward
3183,BIKE_FRIENDLY_PEDESTRIAN_PATH,21.93161152,Forward
3184,BIKE_FRIENDLY_PEDESTRIAN_PATH,235.9216655,Forward
3185,BIKE_FRIENDLY_PEDESTRIAN_PATH,14.9720786,Bi-Directional
3186,BIKE_FRIENDLY_PEDESTRIAN_PATH,16.64915623,Bi-Directional
3187,BIKE_FRIENDLY_PEDESTRIAN_PATH,22.8249674,Bi-Directional
3188,BIKE_FRIENDLY_PEDESTRIAN_PATH,15.36946802,Bi-Directional
3189,BIKE_FRIENDLY_PEDESTRIAN_PATH,389.657099,Forward
3190,BIKE_FRIENDLY_PEDESTRIAN_PATH,304.583108,Forward
3191,BIKE_LANE,47.4682738,Forward
3192,BIKE_LANE,119.4342684,Forward
3193,BIKE_FRIENDLY_PEDESTRIAN_PATH,17.42276086,Forward
3194,BIKE_FRIENDLY_PEDESTRIAN_PATH,19.61851805,Bi-Directional
3195,BIKE_FRIENDLY_PEDESTRIAN_PATH,24.51191729,Forward
3196,BIKE_FRIENDLY_PEDESTRIAN_PATH,19.84843127,Forward
3197,BIKE_LANE,19.72274907,Forward
3198,BIKE_LANE,32.71725682,Forward
3199,BIKE_FRIENDLY_PEDESTRIAN_PATH,19.35332793,Forward
3200,BIKE_FRIENDLY_PEDESTRIAN_PATH,67.1440968,Forward
3201,BIKE_FRIENDLY_PEDESTRIAN_PATH,112.765996,Forward
3202,BIKE_LANE,73.48807917,Forward
3203,BIKE_LANE,71.69581672,Forward
3204,BIKE_LANE,19.50314141,Forward
3205,BIKE_LANE,130.9913005,Forward
3206,BIKE_LANE,54.22030474,Forward
3207,BIKE_LANE,195.3889666,Forward
3208,BIKE_LANE,38.73582492,Forward
3209,BIKE_FRIENDLY_PEDESTRIAN_PATH,12.45564577,Forward
3210,BIKE_LANE,64.86513142,Forward
3211,BIKE_LANE,144.8065871,Forward
3212,BIKE_LANE,117.718456,Forward
3213,BIKE_LANE,67.39374793,Forward
3214,BIKE_LANE,1353.270796,Forward
3215,BIKE_LANE,1214.612215,Forward
3216,BIKE_LANE,197.4979266,Forward
3217,BIKE_LANE,7.786159699,Forward
3218,BIKE_LANE,9.010399635,Forward
3219,BIKE_LANE,18.39828036,Forward
3220,BIKE_LANE,16.84364955,Forward
3221,BIKE_LANE,744.2353801,Forward
3222,BIKE_LANE,68.07571331,Forward
3223,BIKE_LANE,14.01102156,Forward
3224,BIKE_LANE,9.661121327,Forward
3225,BIKE_LANE,9.650474916,Forward
3226,BIKE_LANE,14.07932318,Forward
3227,BIKE_LANE,5.959356106,Forward
3228,BIKE_LANE,10.53777435,Forward
3229,BIKE_LANE,10.61638159,Forward
3230,BIKE_LANE,10.11963068,Forward
3231,BIKE_LANE,273.5927512,Forward
3232,BIKE_LANE,296.525089,Forward
3233,BIKE_LANE,510.2795966,Forward
3234,BIKE_LANE,10.88979022,Forward
3235,BIKE_LANE,7.975915903,Forward
3236,BIKE_LANE,11.92189589,Forward
3237,BIKE_LANE,9.392220557,Forward
3238,BIKE_FRIENDLY_PEDESTRIAN_PATH,10.01907511,Bi-Directional
3239,BIKE_LANE,759.4195569,Forward
3240,BIKE_LANE,31.84412631,Forward
3241,BIKE_LANE,537.5127618,Forward
3242,BIKE_FRIENDLY_PEDESTRIAN_PATH,17.4954071,Bi-Directional
3243,BIKE_LANE,49.70654543,Forward
3244,BIKE_LANE,14.56888829,Forward
3245,BIKE_LANE,9.576994696,Forward
3246,BIKE_LANE,15.56077776,Forward
3247,BIKE_LANE,11.18658793,Forward
3248,BIKE_LANE,459.635079,Forward
3249,BIKE_FRIENDLY_PEDESTRIAN_PATH,14.69159325,Forward
3250,BIKE_LANE,261.2466614,Forward
3251,BIKE_LANE,295.1710279,Forward
3252,BIKE_LANE,9.309456346,Forward
3253,BIKE_LANE,14.44412836,Forward
3254,BIKE_LANE,1024.347857,Forward
3255,BIKE_LANE,584.6444283,Forward
3256,BIKE_LANE,440.1022786,Forward
3257,BIKE_LANE,176.5478827,Forward
3258,BIKE_LANE,148.0866387,Forward
3259,BIKE_LANE,115.4003168,Forward
3260,BIKE_LANE,26.73980022,Forward
3261,BIKE_LANE,636.7407887,Forward
3262,BIKE_LANE,25.94180678,Forward
3263,BIKE_LANE,912.2369042,Forward
3264,BIKE_LANE,70.45768662,Forward
3265,BIKE_LANE,664.4500077,Forward
3266,BIKE_LANE,261.7327655,Forward
3267,BIKE_LANE,359.275739,Forward
3268,BIKE_LANE,38.14176519,Forward
3269,BIKE_LANE,33.52084395,Forward
3270,BIKE_LANE,697.9367762,Forward
3271,BIKE_LANE,66.43842858,Forward
3272,BIKE_LANE,25.10495428,Forward
3273,BIKE_LANE,589.5026466,Forward
3274,BIKE_LANE,54.80739073,Forward
3275,BIKE_LANE,57.69903403,Forward
3276,BIKE_LANE,26.952274,Forward
3277,BIKE_LANE,14.94892965,Forward
3278,BIKE_LANE,13.99250302,Forward
3279,BIKE_LANE,13.7141743,Forward
3280,BIKE_LANE,203.9076995,Forward
3281,BIKE_LANE,19.10284445,Forward
3282,BIKE_LANE,103.3044201,Forward
3283,BIKE_LANE,115.9505065,Forward
3284,BIKE_LANE,14.65246043,Forward
3285,BIKE_LANE,72.41711012,Forward
3286,BIKE_LANE,133.042234,Forward
3287,BIKE_LANE,21.51533152,Forward
3288,BIKE_LANE,1389.442675,Forward
3289,BIKE_LANE,43.17821062,Forward
3290,BIKE_LANE,41.29184173,Forward
3291,BIKE_LANE,11.04123464,Forward
3292,BIKE_LANE,25.37537655,Forward
3293,BIKE_LANE,14.08325063,Forward
3294,BIKE_LANE,20.88831721,Forward
3295,BIKE_LANE,464.2604368,Forward
3296,BIKE_FRIENDLY_PEDESTRIAN_PATH,157.8102499,Bi-Directional
3297,BIKE_LANE,1279.038314,Forward
3298,BIKE_LANE,332.7063068,Forward
3299,BIKE_LANE,51.77115755,Forward
3300,BIKE_LANE,1495.600837,Forward
3301,BIKE_LANE,739.9786798,Forward
3302,BIKE_FRIENDLY_PEDESTRIAN_PATH,32.17931339,Forward
3303,BIKE_FRIENDLY_PEDESTRIAN_PATH,23.96667048,Forward
3304,BIKE_FRIENDLY_PEDESTRIAN_PATH,12.61780674,Forward
3305,BIKE_FRIENDLY_PEDESTRIAN_PATH,21.88916108,Forward
3306,BIKE_LANE,3407.423844,Forward
3307,BIKE_LANE,24.56308826,Forward
3308,BIKE_LANE,21.63911236,Forward
3309,BIKE_LANE,12.83258933,Forward
3310,BIKE_LANE,18.76496098,Forward
3311,BIKE_LANE,12.87009885,Forward
3312,BIKE_LANE,11.86247486,Forward
3313,BIKE_LANE,14.5963146,Forward
3314,BIKE_LANE,1279.379189,Forward
3315,BIKE_LANE,1554.30997,Forward
3316,BIKE_LANE,24.2278508,Forward
3317,BIKE_LANE,463.5170751,Forward
3318,BIKE_LANE,28.89725963,Forward
3319,BIKE_LANE,16.49692573,Forward
3320,BIKE_LANE,11.76438662,Forward
3321,BIKE_LANE,25.75719427,Forward
3322,BIKE_LANE,28.98265992,Forward
3323,BIKE_LANE,8.102613862,Forward
3324,BIKE_LANE,85.69571454,Forward
3325,BIKE_LANE,22.25867057,Forward
3326,BIKE_LANE,1310.996861,Forward
3327,BIKE_LANE,27.64824951,Forward
3328,BIKE_LANE,18.31282165,Forward
3329,BIKE_LANE,80.79796712,Forward
3330,BIKE_LANE,27.66896735,Forward
3331,BIKE_LANE,993.015998,Forward
3332,BIKE_LANE,45.00961226,Forward
3333,BIKE_LANE,1618.075496,Forward
3334,BIKE_LANE,3193.741481,Forward
3335,BIKE_LANE,848.9677264,Forward
3336,BIKE_LANE,835.6533746,Forward
3337,BIKE_LANE,13.05551563,Forward
3338,BIKE_LANE,14.95375883,Forward
3339,BIKE_LANE,555.5474294,Forward
3340,BIKE_LANE,30.26163025,Forward
3341,BIKE_LANE,18.14813763,Forward
3342,BIKE_FRIENDLY_PEDESTRIAN_PATH,36.67446944,Forward
3343,BIKE_LANE,15.00891415,Forward
3344,BIKE_LANE,14.04308056,Forward
3345,BIKE_LANE,15.98291179,Forward
3346,BIKE_LANE,286.4246479,Forward
3347,BIKE_LANE,68.58819823,Forward
3348,BIKE_LANE,21.21325565,Forward
3349,BIKE_LANE,251.1391676,Forward
3350,BIKE_LANE,20.85400562,Forward
3351,BIKE_LANE,10.76011678,Forward
3352,BIKE_LANE,21.48175119,Forward
3353,BIKE_LANE,15.24780111,Forward
3354,BIKE_LANE,8.731426354,Forward
3355,BIKE_LANE,132.7262205,Forward
3356,BIKE_LANE,41.17451338,Forward
3357,BIKE_LANE,1366.836961,Forward
3358,BIKE_LANE,1364.228758,Forward
3359,BIKE_LANE,45.69557825,Forward
3360,BIKE_LANE,25.77930329,Forward
3361,BIKE_LANE,16.91201393,Forward
3362,BIKE_LANE,82.99086556,Forward
3363,BIKE_LANE,17.35657074,Forward
3364,BIKE_LANE,32.9186163,Forward
3365,BIKE_LANE,0.402763815,Forward
3366,BIKE_LANE,18.92954752,Forward
3367,BIKE_LANE,18.67733459,Forward
3368,BIKE_LANE,18.95629753,Forward
3369,BIKE_LANE,88.24822215,Forward
3370,BIKE_LANE,16.48567195,Forward
3371,BIKE_LANE,487.0931451,Forward
3372,BIKE_FRIENDLY_PEDESTRIAN_PATH,11.4322654,Forward
3373,BIKE_FRIENDLY_PEDESTRIAN_PATH,18.70227759,Forward
3374,BIKE_FRIENDLY_PEDESTRIAN_PATH,9.713615735,Forward
3375,BIKE_FRIENDLY_PEDESTRIAN_PATH,9.208417913,Forward
3376,BIKE_FRIENDLY_PEDESTRIAN_PATH,15.18762574,Forward
3377,BIKE_FRIENDLY_PEDESTRIAN_PATH,13.07360436,Forward
3378,BIKE_LANE,70.13087951,Forward
3379,BIKE_LANE,37.17092244,Forward
3380,BIKE_LANE,81.00442436,Forward
3381,BIKE_LANE,28.80624438,Forward
3382,BIKE_LANE,16.84117178,Forward
3383,BIKE_LANE,23.52091891,Forward
3384,BIKE_LANE,37.69489057,Forward
3385,BIKE_LANE,194.459107,Forward
3386,BIKE_LANE,5.414028856,Forward
3387,BIKE_FRIENDLY_PEDESTRIAN_PATH,9.508879338,Forward
3388,BIKE_LANE,133.9525889,Forward
3389,BIKE_LANE,46.50918629,Forward
3390,BIKE_LANE,15.34009648,Forward
3391,BIKE_LANE,105.5480222,Forward
3392,BIKE_LANE,19.3180264,Forward
3393,BIKE_LANE,15.10276013,Forward
3394,BIKE_LANE,27.06365329,Forward
3395,BIKE_LANE,30.16503829,Forward
3396,BIKE_FRIENDLY_PEDESTRIAN_PATH,30.51931809,Forward
3397,BIKE_FRIENDLY_PEDESTRIAN_PATH,28.15480508,Forward
3398,BIKE_LANE,5.837264466,Forward
3399,BIKE_LANE,6.120710026,Forward
3400,BIKE_FRIENDLY_PEDESTRIAN_PATH,14.49850417,Forward
3401,BIKE_FRIENDLY_PEDESTRIAN_PATH,16.51758223,Bi-Directional
3402,BIKE_FRIENDLY_PEDESTRIAN_PATH,14.4297739,Bi-Directional
3403,BIKE_FRIENDLY_PEDESTRIAN_PATH,16.90983659,Bi-Directional
3404,BIKE_FRIENDLY_PEDESTRIAN_PATH,16.71725294,Bi-Directional
3405,BIKE_FRIENDLY_PEDESTRIAN_PATH,16.35739652,Bi-Directional
3406,BIKE_FRIENDLY_PEDESTRIAN_PATH,18.61113467,Bi-Directional
3407,BIKE_FRIENDLY_PEDESTRIAN_PATH,8.061357702,Bi-Directional
3408,BIKE_FRIENDLY_PEDESTRIAN_PATH,9.981207296,Bi-Directional
3409,BIKE_FRIENDLY_PEDESTRIAN_PATH,7.440545669,Bi-Directional
3410,BIKE_LANE,95.52840297,Forward
3411,BIKE_FRIENDLY_PEDESTRIAN_PATH,18.25473801,Forward
3412,BIKE_FRIENDLY_PEDESTRIAN_PATH,28.91825387,Forward
3413,BIKE_FRIENDLY_PEDESTRIAN_PATH,24.17108069,Forward
3414,BIKE_FRIENDLY_PEDESTRIAN_PATH,17.70564102,Forward
3415,BIKE_FRIENDLY_PEDESTRIAN_PATH,18.47070167,Forward
3416,BIKE_LANE,53.59490571,Forward
3417,BIKE_LANE,55.69596721,Forward
3418,BIKE_LANE,33.43873951,Forward
3419,BIKE_FRIENDLY_PEDESTRIAN_PATH,38.36960064,Forward
3420,BIKE_FRIENDLY_PEDESTRIAN_PATH,48.12545047,Forward
3421,BIKE_FRIENDLY_PEDESTRIAN_PATH,26.24870604,Forward
3422,BIKE_LANE,65.53332763,Forward
3423,BIKE_LANE,82.27324821,Forward
3424,BIKE_FRIENDLY_PEDESTRIAN_PATH,653.1818205,Forward
3425,BIKE_LANE,157.3046197,Forward
3426,BIKE_FRIENDLY_PEDESTRIAN_PATH,89.02082882,Forward
3427,BIKE_FRIENDLY_PEDESTRIAN_PATH,13.91452283,Bi-Directional
3428,BIKE_FRIENDLY_PEDESTRIAN_PATH,17.33390902,Forward
3429,BIKE_FRIENDLY_PEDESTRIAN_PATH,255.5779422,Forward
3430,BIKE_FRIENDLY_PEDESTRIAN_PATH,634.8998455,Forward
3431,BIKE_FRIENDLY_PEDESTRIAN_PATH,84.12694307,Forward
3432,BIKE_LANE,207.7146917,Forward
3433,BIKE_LANE,19.28474391,Forward
3434,BIKE_LANE,12.89172313,Forward
3435,BIKE_LANE,10.71347675,Forward
3436,BIKE_LANE,17.28248425,Forward
3437,BIKE_LANE,12.82731748,Forward
3438,BIKE_LANE,12.88523004,Forward
3439,BIKE_LANE,15.80143966,Forward
3440,BIKE_FRIENDLY_PEDESTRIAN_PATH,27.25959977,Forward
3441,BIKE_FRIENDLY_PEDESTRIAN_PATH,26.24571969,Forward
3442,BIKE_FRIENDLY_PEDESTRIAN_PATH,15.30097251,Forward
3443,BIKE_FRIENDLY_PEDESTRIAN_PATH,16.05816693,Forward
3444,BIKE_FRIENDLY_PEDESTRIAN_PATH,15.05791562,Forward
3445,BIKE_FRIENDLY_PEDESTRIAN_PATH,18.39483284,Forward
3446,BIKE_FRIENDLY_PEDESTRIAN_PATH,27.78832707,Forward
3447,BIKE_FRIENDLY_PEDESTRIAN_PATH,21.65350394,Forward
3448,BIKE_FRIENDLY_PEDESTRIAN_PATH,29.73343485,Forward
3449,BIKE_FRIENDLY_PEDESTRIAN_PATH,25.61718135,Forward
3450,BIKE_FRIENDLY_PEDESTRIAN_PATH,11.34353185,Forward
3451,BIKE_FRIENDLY_PEDESTRIAN_PATH,15.6882067,Forward
3452,BIKE_FRIENDLY_PEDESTRIAN_PATH,15.45827743,Forward
3453,BIKE_FRIENDLY_PEDESTRIAN_PATH,23.10236241,Forward
3454,BIKE_FRIENDLY_PEDESTRIAN_PATH,8.369001277,Forward
3455,BIKE_FRIENDLY_PEDESTRIAN_PATH,8.464142204,Forward
3456,BIKE_FRIENDLY_PEDESTRIAN_PATH,673.9931454,Forward
3457,BIKE_LANE,45.49790368,Forward
3458,BIKE_LANE,48.13124368,Forward
3459,BIKE_LANE,20.27865748,Forward
3460,BIKE_LANE,123.7353253,Forward
3461,BIKE_LANE,42.43490915,Forward
3462,BIKE_LANE,94.50260171,Forward
3463,BIKE_LANE,111.3663341,Forward
3464,BIKE_FRIENDLY_PEDESTRIAN_PATH,39.43097262,Forward
3465,BIKE_FRIENDLY_PEDESTRIAN_PATH,20.71213184,Forward
3466,BIKE_LANE,900.9521479,Forward
3467,BIKE_FRIENDLY_PEDESTRIAN_PATH,16.27631276,Forward
3468,BIKE_LANE,13.4621021,Forward
3469,BIKE_LANE,22.95267778,Forward
3470,BIKE_LANE,88.52148441,Forward
3471,BIKE_FRIENDLY_PEDESTRIAN_PATH,31.53994329,Forward
3472,BIKE_FRIENDLY_PEDESTRIAN_PATH,23.84809251,Forward
3473,BIKE_LANE,16.69119579,Forward
3474,BIKE_LANE,414.1672971,Forward
3475,BIKE_LANE,78.89821953,Forward
3476,BIKE_LANE,8.939203853,Forward
3477,BIKE_LANE,80.07642266,Forward
3478,BIKE_LANE,19.94454365,Forward
3479,BIKE_LANE,21.91472252,Forward
3480,BIKE_LANE,32.21295385,Forward
3481,BIKE_LANE,53.57219785,Forward
3482,BIKE_LANE,58.67724083,Forward
3483,BIKE_LANE,415.0626791,Forward
3484,BIKE_LANE,365.0982118,Forward
3485,BIKE_FRIENDLY_PEDESTRIAN_PATH,92.21516486,Forward
3486,BIKE_LANE,87.45974191,Forward
3487,BIKE_LANE,138.5807982,Forward
3488,BIKE_LANE,11.63233745,Forward
3489,BIKE_LANE,4.646951342,Forward
3490,BIKE_LANE,8.710338114,Forward
3491,BIKE_LANE,7.650841967,Forward
3492,BIKE_FRIENDLY_PEDESTRIAN_PATH,13.77880951,Bi-Directional
3493,BIKE_LANE,24.72678244,Forward
3494,BIKE_LANE,28.83663795,Forward
3495,BIKE_FRIENDLY_PEDESTRIAN_PATH,336.9329063,Forward
3496,BIKE_FRIENDLY_PEDESTRIAN_PATH,320.8598915,Forward
3497,BIKE_LANE,78.8333279,Forward
3498,BIKE_LANE,66.0551899,Forward
3499,BIKE_LANE,105.0485463,Forward
3500,BIKE_LANE,258.516804,Forward
3501,BIKE_LANE,461.8625519,Forward
3502,BIKE_FRIENDLY_PEDESTRIAN_PATH,454.6718004,Bi-Directional
3503,BIKE_FRIENDLY_PEDESTRIAN_PATH,128.9885688,Bi-Directional
3504,BIKE_FRIENDLY_PEDESTRIAN_PATH,1214.925298,Forward
3505,BIKE_FRIENDLY_PEDESTRIAN_PATH,654.1009112,Forward
3506,BIKE_FRIENDLY_PEDESTRIAN_PATH,334.9997375,Forward
3507,BIKE_LANE,576.3674713,Forward
3508,BIKE_LANE,446.2088102,Forward
3509,BIKE_LANE,204.6847194,Forward
3510,BIKE_FRIENDLY_PEDESTRIAN_PATH,40.48942917,Forward
3511,BIKE_LANE,286.8758245,Forward
3512,BIKE_LANE,159.7582077,Forward
3513,BIKE_LANE,305.8474198,Forward
3514,BIKE_LANE,179.3757553,Forward
3515,BIKE_LANE,157.1328479,Forward
3516,BIKE_FRIENDLY_PEDESTRIAN_PATH,84.1842741,Forward
3517,BIKE_LANE,182.6610795,Forward
3518,BIKE_LANE,69.44134611,Forward
3519,BIKE_FRIENDLY_PEDESTRIAN_PATH,95.23450673,Forward
3520,BIKE_LANE,512.4958902,Forward
3521,BIKE_LANE,511.7370644,Forward
3522,BIKE_FRIENDLY_PEDESTRIAN_PATH,13.11861239,Forward
3523,BIKE_LANE,489.8417205,Forward
3524,BIKE_LANE,486.2831561,Forward
3525,BIKE_LANE,207.8853138,Forward
3526,BIKE_FRIENDLY_PEDESTRIAN_PATH,108.9342609,Forward
3527,BIKE_LANE,1303.874032,Forward
3528,BIKE_LANE,1223.915268,Forward
3529,BIKE_LANE,378.266746,Forward
3530,BIKE_FRIENDLY_PEDESTRIAN_PATH,333.5247134,Forward
3531,BIKE_FRIENDLY_PEDESTRIAN_PATH,79.97722194,Forward
3532,BIKE_FRIENDLY_PEDESTRIAN_PATH,31.4927352,Forward
3533,BIKE_FRIENDLY_PEDESTRIAN_PATH,269.341196,Forward
3534,BIKE_FRIENDLY_PEDESTRIAN_PATH,40.64784111,Forward
3535,BIKE_LANE,90.12344973,Forward
3536,BIKE_FRIENDLY_PEDESTRIAN_PATH,91.53310548,Forward
3537,BIKE_LANE,114.0046547,Forward
3538,BIKE_LANE,31.08451579,Forward
3539,BIKE_FRIENDLY_PEDESTRIAN_PATH,521.0039971,Forward
3540,BIKE_LANE,129.8378141,Forward
3541,BIKE_LANE,190.0685557,Forward
3542,BIKE_LANE,459.1433353,Forward
3543,BIKE_LANE,404.0515873,Forward
3544,BIKE_FRIENDLY_PEDESTRIAN_PATH,312.2047633,Forward
3545,BIKE_LANE,414.6760198,Forward
3546,BIKE_FRIENDLY_PEDESTRIAN_PATH,262.1730942,Forward
3547,BIKE_LANE,373.0283964,Forward
3548,BIKE_FRIENDLY_PEDESTRIAN_PATH,136.7095142,Forward
3549,BIKE_LANE,219.9715845,Forward
3550,BIKE_LANE,270.1868283,Forward
3551,BIKE_FRIENDLY_PEDESTRIAN_PATH,354.517527,Forward
3552,BIKE_LANE,137.9521167,Forward
3553,BIKE_LANE,132.7967808,Forward
3554,BIKE_FRIENDLY_PEDESTRIAN_PATH,421.9941405,Forward
3555,BIKE_FRIENDLY_PEDESTRIAN_PATH,30.4236081,Forward
3556,BIKE_FRIENDLY_PEDESTRIAN_PATH,960.9507615,Forward
3557,BIKE_FRIENDLY_PEDESTRIAN_PATH,614.5402558,Forward
3558,BIKE_LANE,207.5457453,Forward
3559,BIKE_LANE,58.27011979,Forward
3560,BIKE_FRIENDLY_PEDESTRIAN_PATH,19.46173863,Forward
3561,BIKE_FRIENDLY_PEDESTRIAN_PATH,11.03559495,Bi-Directional
3562,BIKE_FRIENDLY_PEDESTRIAN_PATH,3.406545467,Bi-Directional
3563,BIKE_LANE,247.6699985,Forward
3564,BIKE_LANE,11.60949766,Forward
3565,BIKE_LANE,1141.108243,Forward
3566,BIKE_LANE,15.55765028,Forward
3567,BIKE_LANE,16.97031155,Forward
3568,BIKE_LANE,233.8936956,Forward
3569,BIKE_LANE,405.7752064,Forward
3570,BIKE_LANE,469.5873607,Forward
3571,BIKE_LANE,844.7378314,Forward
3572,BIKE_LANE,534.0305484,Forward
3573,BIKE_LANE,104.9935295,Forward
3574,BIKE_LANE,381.154813,Forward
3575,BIKE_LANE,133.8255449,Forward
3576,BIKE_LANE,227.4439928,Forward
3577,BIKE_LANE,191.2202228,Forward
3578,BIKE_LANE,448.1662072,Forward
3579,BIKE_LANE,173.458069,Forward
3580,BIKE_LANE,1831.997625,Forward
3581,BIKE_LANE,177.594362,Forward
3582,BIKE_LANE,329.0090399,Forward
3583,BIKE_LANE,350.3914729,Forward
3584,BIKE_LANE,45.50561305,Forward
3585,BIKE_LANE,15.53148618,Forward
3586,BIKE_LANE,10.77197859,Forward
3587,BIKE_LANE,16.62835547,Forward
3588,BIKE_LANE,10.44912595,Forward
3589,BIKE_FRIENDLY_PEDESTRIAN_PATH,815.7017371,Forward
3590,BIKE_LANE,77.76786478,Forward
3591,BIKE_LANE,74.43649605,Forward
3592,BIKE_LANE,53.17089445,Forward
3593,BIKE_FRIENDLY_PEDESTRIAN_PATH,176.2368342,Forward
3594,BIKE_FRIENDLY_PEDESTRIAN_PATH,73.18386809,Forward
3595,BIKE_FRIENDLY_PEDESTRIAN_PATH,98.45645159,Forward
3596,BIKE_FRIENDLY_PEDESTRIAN_PATH,46.52317805,Bi-Directional
3597,BIKE_LANE,720.3922172,Forward
3598,BIKE_FRIENDLY_PEDESTRIAN_PATH,208.1890783,Forward
3599,BIKE_FRIENDLY_PEDESTRIAN_PATH,56.9079552,Forward
3600,BIKE_FRIENDLY_PEDESTRIAN_PATH,252.1394217,Forward
3601,BIKE_FRIENDLY_PEDESTRIAN_PATH,31.86819055,Forward
3602,BIKE_FRIENDLY_PEDESTRIAN_PATH,15.56299131,Forward
3603,BIKE_FRIENDLY_PEDESTRIAN_PATH,13.92276685,Forward
3604,BIKE_LANE,59.87243142,Forward
3605,BIKE_LANE,61.24901368,Forward
3606,BIKE_LANE,44.93171974,Forward
3607,BIKE_FRIENDLY_PEDESTRIAN_PATH,120.4265527,Forward
3608,BIKE_FRIENDLY_PEDESTRIAN_PATH,291.4850426,Bi-Directional
3609,BIKE_LANE,24.38545392,Forward
3610,BIKE_LANE,86.80961995,Forward
3611,BIKE_LANE,22.81481958,Forward
3612,BIKE_LANE,87.90907785,Forward
3613,BIKE_LANE,6.449242626,Forward
3614,BIKE_LANE,17.23213094,Forward
3615,BIKE_LANE,25.79688951,Forward
3616,BIKE_LANE,92.76576826,Forward
3617,BIKE_LANE,50.85873626,Forward
3618,BIKE_LANE,24.38300134,Forward
3619,BIKE_LANE,107.1555885,Forward
3620,BIKE_LANE,83.04367819,Forward
3621,BIKE_LANE,59.06716708,Forward
3622,BIKE_LANE,13.38860355,Forward
3623,BIKE_LANE,28.00910375,Forward
3624,BIKE_LANE,227.3498467,Forward
3625,BIKE_LANE,101.6176162,Forward
3626,BIKE_LANE,389.4860097,Forward
3627,BIKE_LANE,505.2863041,Forward
3628,BIKE_LANE,175.8021794,Forward
3629,BIKE_LANE,94.85786041,Forward
3630,BIKE_LANE,85.23226905,Forward
3631,BIKE_LANE,289.0218482,Forward
3632,BIKE_LANE,40.83771248,Reverse
3633,BIKE_LANE,411.1526971,Forward
3634,BIKE_LANE,57.81644657,Forward
3635,BIKE_LANE,20.0313065,Forward
3636,BIKE_LANE,25.69167583,Forward
3637,BIKE_LANE,9.990536551,Forward
3638,BIKE_LANE,129.1700362,Forward
3639,BIKE_LANE,369.3310763,Forward
3640,BIKE_LANE,2049.386062,Forward
3641,BIKE_LANE,13.95058366,Forward
3642,BIKE_LANE,653.4862363,Forward
3643,BIKE_LANE,355.1810316,Forward
3644,BIKE_LANE,70.26755036,Forward
3645,BIKE_LANE,63.69730237,Forward
3646,BIKE_LANE,7.174871566,Forward
3647,BIKE_LANE,454.0336804,Forward
3648,BIKE_LANE,385.6908193,Forward
3649,BIKE_LANE,56.10344586,Forward
3650,BIKE_LANE,17.23624621,Forward
3651,BIKE_LANE,804.6838052,Forward
3652,BIKE_LANE,309.325899,Forward
3653,BIKE_LANE,77.93250009,Forward
3654,BIKE_LANE,1892.270753,Forward
3655,BIKE_LANE,525.2228887,Forward
3656,BIKE_LANE,885.124304,Forward
3657,BIKE_LANE,862.5633515,Forward
3658,BIKE_LANE,521.2633651,Forward
3659,BIKE_LANE,24.81747161,Forward
3660,BIKE_FRIENDLY_PEDESTRIAN_PATH,13.54360055,Forward
3661,BIKE_FRIENDLY_PEDESTRIAN_PATH,30.07836461,Forward
3662,BIKE_LANE,27.65968623,Forward
3663,BIKE_LANE,54.91657744,Forward
3664,BIKE_LANE,15.04570754,Forward
3665,BIKE_LANE,14.76629605,Forward
3666,BIKE_LANE,260.3091401,Forward
3667,BIKE_LANE,1006.363409,Forward
3668,BIKE_LANE,878.1469123,Forward
3669,BIKE_LANE,21.2709968,Forward
3670,BIKE_LANE,28.59388628,Forward
3671,BIKE_LANE,333.9345774,Forward
3672,BIKE_LANE,9.022790864,Forward
3673,BIKE_LANE,20.24809124,Forward
3674,BIKE_LANE,8.069133194,Forward
3675,BIKE_LANE,19.89852948,Forward
3676,BIKE_LANE,80.23466228,Forward
3677,BIKE_LANE,28.91769448,Forward
3678,BIKE_LANE,50.26394483,Forward
3679,BIKE_LANE,30.73136984,Forward
3680,BIKE_LANE,16.60563695,Forward
3681,BIKE_LANE,186.3363182,Forward
3682,BIKE_LANE,517.5807893,Forward
3683,BIKE_LANE,15.68294133,Forward
3684,BIKE_LANE,11.86582428,Forward
3685,BIKE_LANE,123.7064614,Forward
3686,BIKE_LANE,465.3214179,Forward
3687,BIKE_LANE,109.8807316,Forward
3688,BIKE_LANE,46.63014481,Forward
3689,BIKE_LANE,59.32054027,Forward
3690,BIKE_LANE,67.40779093,Forward
3691,BIKE_LANE,52.42314397,Forward
3692,BIKE_LANE,236.9095923,Forward
3693,BIKE_LANE,65.98936576,Forward
3694,BIKE_LANE,96.2206282,Forward
3695,BIKE_LANE,18.73827267,Forward
3696,BIKE_LANE,529.5134678,Forward
3697,BIKE_LANE,53.22582745,Forward
3698,BIKE_LANE,86.6968326,Forward
3699,BIKE_LANE,265.5837148,Forward
3700,BIKE_LANE,30.59254785,Forward
3701,BIKE_LANE,18.2557146,Forward
3702,BIKE_LANE,30.28214357,Forward
3703,BIKE_LANE,12.68478938,Forward
3704,BIKE_LANE,15.07523036,Forward
3705,BIKE_LANE,1790.280316,Forward
3706,BIKE_LANE,336.1427998,Forward
3707,BIKE_LANE,745.3583018,Forward
3708,BIKE_LANE,375.8920689,Forward
3709,BIKE_LANE,1188.012203,Forward
3710,BIKE_LANE,139.1847665,Forward
3711,BIKE_LANE,572.3295942,Forward
3712,BIKE_LANE,474.5704136,Forward
3713,BIKE_LANE,768.3357098,Forward
3714,BIKE_LANE,514.4015995,Forward
3715,BIKE_LANE,242.6730853,Forward
3716,BIKE_LANE,88.02453499,Forward
3717,BIKE_LANE,55.76861174,Forward
3718,BIKE_LANE,249.9904158,Forward
3719,BIKE_LANE,966.3674804,Forward
3720,BIKE_LANE,297.3614048,Forward
3721,BIKE_LANE,9.995297617,Forward
3722,BIKE_LANE,454.9134999,Forward
3723,BIKE_LANE,177.9270885,Forward
3724,BIKE_LANE,1149.624539,Forward
3725,BIKE_LANE,618.5293773,Forward
3726,BIKE_LANE,17.30906152,Forward
3727,BIKE_LANE,19.15346628,Forward
3728,BIKE_LANE,957.8926024,Forward
3729,BIKE_LANE,1046.180897,Forward
3730,BIKE_LANE,77.10439902,Forward
3731,BIKE_LANE,9.470920919,Forward
3732,BIKE_LANE,15.32390701,Forward
3733,BIKE_LANE,19.80229852,Forward
3734,BIKE_LANE,20.42018868,Forward
3735,BIKE_LANE,16.77362217,Forward
3736,BIKE_LANE,62.74359968,Forward
3737,BIKE_LANE,15.44144727,Forward
3738,BIKE_LANE,101.5846555,Forward
3739,BIKE_LANE,185.8868299,Forward
3740,BIKE_LANE,852.504591,Forward
3741,BIKE_LANE,369.9816565,Forward
3742,BIKE_LANE,54.0693932,Forward
3743,BIKE_LANE,33.20520596,Forward
3744,BIKE_LANE,155.616454,Forward
3745,BIKE_LANE,32.09755483,Forward
3746,BIKE_LANE,671.1984998,Forward
3747,BIKE_LANE,927.7446735,Forward
3748,BIKE_LANE,1401.996843,Forward
3749,BIKE_LANE,75.31554259,Forward
3750,BIKE_LANE,19.91857823,Forward
3751,BIKE_LANE,31.3215443,Forward
3752,BIKE_LANE,12.3578954,Forward
3753,BIKE_LANE,197.605613,Forward
3754,BIKE_LANE,1162.685763,Forward
3755,BIKE_LANE,181.4001816,Forward
3756,BIKE_LANE,228.0164367,Forward
3757,BIKE_LANE,123.3159108,Forward
3758,BIKE_LANE,1420.701889,Forward
3759,BIKE_LANE,95.61309533,Forward
3760,BIKE_LANE,79.81295348,Forward
3761,BIKE_LANE,38.53163116,Forward
3762,BIKE_LANE,18.05752289,Forward
3763,BIKE_LANE,468.6369147,Forward
3764,BIKE_FRIENDLY_PEDESTRIAN_PATH,42.49195959,Forward
3765,BIKE_LANE,20.87938162,Forward
3766,BIKE_LANE,37.80511571,Forward
3767,BIKE_LANE,28.16413301,Forward
3768,BIKE_LANE,47.93746687,Forward
3769,BIKE_LANE,26.1145777,Forward
3770,BIKE_LANE,7.712132066,Forward
3771,BIKE_LANE,15.82440333,Forward
3772,BIKE_LANE,8.408151719,Forward
3773,BIKE_LANE,9.284218541,Forward
3774,BIKE_LANE,213.4755501,Forward
3775,BIKE_LANE,81.37106193,Forward
3776,BIKE_FRIENDLY_PEDESTRIAN_PATH,43.30066704,Forward
3777,BIKE_LANE,53.71259037,Forward
3778,BIKE_FRIENDLY_PEDESTRIAN_PATH,44.04740438,Bi-Directional
3779,BIKE_FRIENDLY_PEDESTRIAN_PATH,24.80151699,Forward
3780,BIKE_LANE,19.61742939,Forward
3781,BIKE_FRIENDLY_PEDESTRIAN_PATH,26.99134764,Forward
3782,BIKE_FRIENDLY_PEDESTRIAN_PATH,44.71967209,Forward
3783,BIKE_FRIENDLY_PEDESTRIAN_PATH,20.17091391,Bi-Directional
3784,BIKE_FRIENDLY_PEDESTRIAN_PATH,36.2480523,Bi-Directional
3785,BIKE_FRIENDLY_PEDESTRIAN_PATH,18.73508296,Bi-Directional
3786,BIKE_LANE,16.32238908,Forward
3787,BIKE_FRIENDLY_PEDESTRIAN_PATH,18.88358323,Bi-Directional
3788,BIKE_LANE,327.3970265,Forward
3789,BIKE_LANE,198.161807,Forward
3790,BIKE_LANE,306.9041758,Forward
3791,BIKE_LANE,14.26386814,Forward
3792,BIKE_LANE,19.57392257,Forward
3793,BIKE_LANE,18.44875337,Forward
3794,BIKE_LANE,18.48683529,Forward
3795,BIKE_LANE,17.94078167,Forward
3796,BIKE_LANE,151.6848307,Forward
3797,BIKE_LANE,640.7304056,Forward
3798,BIKE_LANE,13.54824854,Forward
3799,BIKE_LANE,13.01211956,Forward
3800,BIKE_LANE,565.7328076,Forward
3801,BIKE_LANE,179.2809113,Forward
3802,BIKE_LANE,219.6649263,Forward
3803,BIKE_LANE,30.31401851,Forward
3804,BIKE_FRIENDLY_PEDESTRIAN_PATH,6.152877572,Bi-Directional
3805,BIKE_FRIENDLY_PEDESTRIAN_PATH,450.4708834,Forward
3806,BIKE_LANE,1176.455098,Forward
3807,BIKE_FRIENDLY_PEDESTRIAN_PATH,9.440804048,Bi-Directional
3808,BIKE_LANE,258.9810599,Forward
3809,BIKE_LANE,278.0364702,Forward
3810,BIKE_LANE,272.459191,Forward
3811,BIKE_LANE,137.1912444,Forward
3812,BIKE_LANE,267.1497487,Forward
3813,BIKE_LANE,15.24854095,Forward
3814,BIKE_LANE,806.7873903,Forward
3815,BIKE_LANE,629.4995023,Forward
3816,BIKE_LANE,229.021172,Forward
3817,BIKE_LANE,34.288918,Forward
3818,BIKE_LANE,24.58150319,Forward
3819,BIKE_LANE,251.0632725,Forward
3820,BIKE_LANE,540.8178859,Forward
3821,BIKE_LANE,9.332511262,Forward
3822,BIKE_LANE,38.84573178,Forward
3823,BIKE_LANE,17.61525715,Forward
3824,BIKE_LANE,15.45247055,Forward
3825,BIKE_LANE,53.39494034,Forward
3826,BIKE_LANE,40.50843111,Forward
3827,BIKE_LANE,21.59841242,Forward
3828,BIKE_LANE,18.50213474,Forward
3829,BIKE_LANE,79.64543718,Forward
3830,BIKE_FRIENDLY_PEDESTRIAN_PATH,15.88138564,Bi-Directional
3831,BIKE_FRIENDLY_PEDESTRIAN_PATH,10.79797675,Bi-Directional
3832,BIKE_LANE,299.0289893,Forward
3833,BIKE_LANE,134.4633798,Forward
3834,BIKE_LANE,173.6284801,Forward
3835,BIKE_LANE,78.23146483,Forward
3836,BIKE_LANE,1126.05228,Forward
3837,BIKE_LANE,204.6530216,Forward
3838,BIKE_LANE,21.34163524,Forward
3839,BIKE_LANE,651.0574256,Forward
3840,BIKE_LANE,126.7556177,Forward
3841,BIKE_LANE,45.46004539,Forward
3842,BIKE_LANE,262.4011871,Forward
3843,BIKE_LANE,332.949709,Forward
3844,BIKE_LANE,881.1959314,Forward
3845,BIKE_LANE,37.75006987,Forward
3846,BIKE_LANE,28.94906321,Forward
3847,BIKE_LANE,206.8713928,Forward
3848,BIKE_LANE,364.8511753,Forward
3849,BIKE_LANE,57.52547523,Forward
3850,BIKE_LANE,76.9555408,Forward
3851,BIKE_LANE,66.61418066,Forward
3852,BIKE_LANE,55.77488606,Forward
3853,BIKE_LANE,13.5544275,Forward
3854,BIKE_LANE,13.43319525,Forward
3855,BIKE_LANE,15.73250011,Forward
3856,BIKE_LANE,13.78487682,Forward
3857,BIKE_LANE,13.29267824,Forward
3858,BIKE_LANE,30.92106579,Forward
3859,BIKE_FRIENDLY_PEDESTRIAN_PATH,26.42120729,Forward
3860,BIKE_LANE,11.62666074,Forward
3861,BIKE_LANE,93.44074207,Forward
3862,BIKE_LANE,174.49478,Forward
3863,BIKE_LANE,155.2617505,Forward
3864,BIKE_LANE,159.5888408,Forward
3865,BIKE_LANE,625.0679104,Forward
3866,BIKE_FRIENDLY_PEDESTRIAN_PATH,12.32648358,Forward
3867,BIKE_FRIENDLY_PEDESTRIAN_PATH,12.68650467,Forward
3868,BIKE_LANE,263.6671704,Forward
3869,BIKE_FRIENDLY_PEDESTRIAN_PATH,41.59526457,Bi-Directional
3870,BIKE_FRIENDLY_PEDESTRIAN_PATH,34.00886507,Bi-Directional
3871,BIKE_LANE,10.66720265,Forward
3872,BIKE_LANE,46.52109103,Forward
3873,BIKE_LANE,195.3129175,Forward
3874,BIKE_LANE,25.15727977,Forward
3875,BIKE_FRIENDLY_PEDESTRIAN_PATH,20.68826888,Bi-Directional
3876,BIKE_FRIENDLY_PEDESTRIAN_PATH,15.6579064,Bi-Directional
3877,BIKE_FRIENDLY_PEDESTRIAN_PATH,61.87406559,Forward
3878,BIKE_LANE,10.34754308,Forward
3879,BIKE_LANE,174.8917379,Forward
3880,BIKE_LANE,12.64379253,Forward
3881,BIKE_LANE,8.858700722,Forward
3882,BIKE_LANE,9.283823541,Forward
3883,BIKE_LANE,194.2135491,Forward
3884,BIKE_LANE,11.1105367,Forward
3885,BIKE_LANE,14.13835278,Forward
3886,BIKE_LANE,8.730272199,Forward
3887,BIKE_LANE,39.97552554,Forward
3888,BIKE_FRIENDLY_PEDESTRIAN_PATH,14.11094218,Forward
3889,BIKE_LANE,82.05851613,Forward
3890,BIKE_FRIENDLY_PEDESTRIAN_PATH,13.5655827,Bi-Directional
3891,BIKE_FRIENDLY_PEDESTRIAN_PATH,12.99244676,Forward
3892,BIKE_LANE,148.8504191,Forward
3893,BIKE_LANE,89.08400836,Forward
3894,BIKE_LANE,31.12425688,Forward
3895,BIKE_LANE,26.28555802,Forward
3896,BIKE_LANE,27.64975536,Forward
3897,BIKE_LANE,56.42762693,Forward
3898,BIKE_LANE,104.1811366,Forward
3899,BIKE_FRIENDLY_PEDESTRIAN_PATH,73.84972935,Forward
3900,BIKE_LANE,355.5255393,Forward
3901,BIKE_FRIENDLY_PEDESTRIAN_PATH,31.033161,Forward
3902,BIKE_LANE,14.95493175,Forward
3903,BIKE_FRIENDLY_PEDESTRIAN_PATH,10.82430773,Forward
3904,BIKE_LANE,26.48196651,Forward
3905,BIKE_LANE,13.76821541,Forward
3906,BIKE_LANE,5.948152761,Forward
3907,BIKE_LANE,20.58506455,Forward
3908,BIKE_LANE,56.97806669,Forward
3909,BIKE_LANE,9.124522748,Forward
3910,BIKE_FRIENDLY_PEDESTRIAN_PATH,20.07574613,Forward
3911,BIKE_FRIENDLY_PEDESTRIAN_PATH,12.80289071,Forward
3912,BIKE_FRIENDLY_PEDESTRIAN_PATH,35.34828069,Forward
3913,BIKE_FRIENDLY_PEDESTRIAN_PATH,42.2358704,Forward
3914,BIKE_LANE,235.7849989,Forward
3915,BIKE_LANE,113.699119,Forward
3916,BIKE_LANE,19.58500551,Forward
3917,BIKE_FRIENDLY_PEDESTRIAN_PATH,28.50995096,Forward
3918,BIKE_LANE,14.49939591,Forward
3919,BIKE_FRIENDLY_PEDESTRIAN_PATH,16.74823663,Forward
3920,BIKE_FRIENDLY_PEDESTRIAN_PATH,61.90500631,Forward
3921,BIKE_LANE,241.7520454,Forward
3922,BIKE_LANE,247.1892668,Forward
3923,BIKE_FRIENDLY_PEDESTRIAN_PATH,15.74422803,Forward
3924,BIKE_FRIENDLY_PEDESTRIAN_PATH,18.20629835,Bi-Directional
3925,BIKE_FRIENDLY_PEDESTRIAN_PATH,22.71218141,Forward
3926,BIKE_FRIENDLY_PEDESTRIAN_PATH,340.4279734,Forward
3927,BIKE_FRIENDLY_PEDESTRIAN_PATH,227.1173561,Forward
3928,BIKE_FRIENDLY_PEDESTRIAN_PATH,167.0181239,Forward
3929,BIKE_FRIENDLY_PEDESTRIAN_PATH,177.6266489,Forward
3930,BIKE_FRIENDLY_PEDESTRIAN_PATH,166.7602803,Forward
3931,BIKE_LANE,64.62332359,Forward
3932,BIKE_LANE,41.8468853,Forward
3933,BIKE_FRIENDLY_PEDESTRIAN_PATH,57.07339772,Forward
3934,BIKE_LANE,63.27490909,Forward
3935,BIKE_FRIENDLY_PEDESTRIAN_PATH,439.8712829,Forward
3936,BIKE_FRIENDLY_PEDESTRIAN_PATH,81.33092813,Forward
3937,BIKE_FRIENDLY_PEDESTRIAN_PATH,81.10386087,Forward
3938,BIKE_FRIENDLY_PEDESTRIAN_PATH,10.53591672,Forward
3939,BIKE_FRIENDLY_PEDESTRIAN_PATH,314.9162671,Forward
3940,BIKE_FRIENDLY_PEDESTRIAN_PATH,20.21824852,Bi-Directional
3941,BIKE_FRIENDLY_PEDESTRIAN_PATH,16.62261157,Forward
3942,BIKE_FRIENDLY_PEDESTRIAN_PATH,17.58519894,Bi-Directional
3943,BIKE_FRIENDLY_PEDESTRIAN_PATH,22.1874495,Forward
3944,BIKE_FRIENDLY_PEDESTRIAN_PATH,23.42858435,Bi-Directional
3945,BIKE_FRIENDLY_PEDESTRIAN_PATH,44.8766774,Forward
3946,BIKE_FRIENDLY_PEDESTRIAN_PATH,90.21893962,Forward
3947,BIKE_FRIENDLY_PEDESTRIAN_PATH,21.54688012,Forward
3948,BIKE_FRIENDLY_PEDESTRIAN_PATH,19.72797628,Bi-Directional
3949,BIKE_FRIENDLY_PEDESTRIAN_PATH,11.58357642,Forward
3950,BIKE_FRIENDLY_PEDESTRIAN_PATH,314.6442781,Forward
3951,BIKE_FRIENDLY_PEDESTRIAN_PATH,39.76350157,Forward
3952,BIKE_FRIENDLY_PEDESTRIAN_PATH,25.72046355,Forward
3953,BIKE_FRIENDLY_PEDESTRIAN_PATH,78.27760785,Forward
3954,BIKE_FRIENDLY_PEDESTRIAN_PATH,50.40559749,Bi-Directional
3955,BIKE_FRIENDLY_PEDESTRIAN_PATH,279.5410111,Bi-Directional
3956,SEPARATE_TRAIL,12.20267702,Forward
3957,BIKE_LANE,79.66466241,Forward
3958,BIKE_FRIENDLY_PEDESTRIAN_PATH,238.8071776,Forward
3959,BIKE_FRIENDLY_PEDESTRIAN_PATH,7.743480738,Forward
3960,BIKE_FRIENDLY_PEDESTRIAN_PATH,93.3987214,Forward
3961,BIKE_FRIENDLY_PEDESTRIAN_PATH,100.0079347,Forward
3962,BIKE_FRIENDLY_PEDESTRIAN_PATH,11.52429214,Forward
3963,BIKE_FRIENDLY_PEDESTRIAN_PATH,61.64737649,Bi-Directional
3964,BIKE_FRIENDLY_PEDESTRIAN_PATH,37.47951447,Bi-Directional
3965,BIKE_FRIENDLY_PEDESTRIAN_PATH,20.46031697,Bi-Directional
3966,BIKE_FRIENDLY_PEDESTRIAN_PATH,59.67968684,Bi-Directional
3967,BIKE_FRIENDLY_PEDESTRIAN_PATH,546.3496302,Forward
3968,BIKE_FRIENDLY_PEDESTRIAN_PATH,503.697438,Forward
3969,BIKE_FRIENDLY_PEDESTRIAN_PATH,63.5564856,Bi-Directional
3970,BIKE_FRIENDLY_PEDESTRIAN_PATH,911.1830964,Bi-Directional
3971,BIKE_FRIENDLY_PEDESTRIAN_PATH,168.7447333,Bi-Directional
3972,BIKE_FRIENDLY_PEDESTRIAN_PATH,150.9102644,Bi-Directional
3973,BIKE_LANE,131.3288054,Forward
3974,BIKE_FRIENDLY_PEDESTRIAN_PATH,609.6558087,Bi-Directional
3975,BIKE_LANE,38.93447623,Forward
3976,BIKE_FRIENDLY_PEDESTRIAN_PATH,384.5757514,Bi-Directional
3977,BIKE_LANE,44.4366563,Forward
3978,BIKE_LANE,43.93106343,Forward
3979,BIKE_FRIENDLY_PEDESTRIAN_PATH,212.2783633,Bi-Directional
3980,BIKE_FRIENDLY_PEDESTRIAN_PATH,93.95182265,Bi-Directional
3981,BIKE_LANE,49.45966944,Forward
3982,BIKE_FRIENDLY_PEDESTRIAN_PATH,288.1221459,Bi-Directional
3983,BIKE_LANE,90.1825097,Forward
3984,BIKE_LANE,70.41308401,Forward
3985,BIKE_LANE,102.7520334,Forward
3986,BIKE_LANE,69.14395152,Forward
3987,BIKE_LANE,56.00219561,Forward
3988,BIKE_LANE,51.30063727,Forward
3989,BIKE_FRIENDLY_PEDESTRIAN_PATH,38.9809028,Bi-Directional
3990,BIKE_FRIENDLY_PEDESTRIAN_PATH,257.2922582,Forward
3991,BIKE_FRIENDLY_PEDESTRIAN_PATH,62.33013704,Bi-Directional
3992,BIKE_FRIENDLY_PEDESTRIAN_PATH,197.9830431,Forward
3993,BIKE_FRIENDLY_PEDESTRIAN_PATH,309.1721445,Bi-Directional
3994,BIKE_FRIENDLY_PEDESTRIAN_PATH,299.7556528,Bi-Directional
3995,BIKE_LANE,49.43352785,Forward
3996,BIKE_FRIENDLY_PEDESTRIAN_PATH,187.5356606,Bi-Directional
3997,BIKE_LANE,47.15714245,Forward
3998,BIKE_FRIENDLY_PEDESTRIAN_PATH,503.6355121,Bi-Directional
3999,BIKE_FRIENDLY_PEDESTRIAN_PATH,50.35201525,Bi-Directional
4000,BIKE_FRIENDLY_PEDESTRIAN_PATH,82.74137909,Bi-Directional
4001,BIKE_FRIENDLY_PEDESTRIAN_PATH,47.76187825,Bi-Directional
4002,BIKE_FRIENDLY_PEDESTRIAN_PATH,130.9930488,Bi-Directional
4003,BIKE_LANE,8.546103262,Forward
4004,BIKE_FRIENDLY_PEDESTRIAN_PATH,1200.01097,Bi-Directional
4005,BIKE_FRIENDLY_PEDESTRIAN_PATH,12.30997078,Bi-Directional
4006,BIKE_FRIENDLY_PEDESTRIAN_PATH,88.33772714,Bi-Directional
4007,BIKE_FRIENDLY_PEDESTRIAN_PATH,172.5165595,Bi-Directional
4008,BIKE_FRIENDLY_PEDESTRIAN_PATH,521.1864532,Forward
4009,BIKE_FRIENDLY_PEDESTRIAN_PATH,83.04651101,Forward
4010,NON_TRAFFIC_TRAIL,777.5717813,Bi-Directional
4011,NON_TRAFFIC_TRAIL,33.12106796,Bi-Directional
4012,NON_TRAFFIC_TRAIL,170.4649941,Bi-Directional
4013,NON_TRAFFIC_TRAIL,73.64672044,Bi-Directional
4014,NON_TRAFFIC_TRAIL,9.689268861,Bi-Directional
4015,NON_TRAFFIC_TRAIL,473.7864843,Bi-Directional
4016,NON_TRAFFIC_TRAIL,103.4311835,Bi-Directional
4017,NON_TRAFFIC_TRAIL,249.799529,Bi-Directional
4018,NON_TRAFFIC_TRAIL,433.0929894,Bi-Directional
4019,NON_TRAFFIC_TRAIL,188.7942923,Bi-Directional
4020,NON_TRAFFIC_TRAIL,1007.578374,Bi-Directional
4021,NON_TRAFFIC_TRAIL,26.34433144,Bi-Directional
4022,NON_TRAFFIC_TRAIL,48.7713665,Bi-Directional
4023,NON_TRAFFIC_TRAIL,2155.873776,Bi-Directional
4024,BIKE_FRIENDLY_PEDESTRIAN_PATH,77.64076774,Forward
4025,BIKE_FRIENDLY_PEDESTRIAN_PATH,29.45884715,Forward
4026,BIKE_FRIENDLY_PEDESTRIAN_PATH,477.5649054,Bi-Directional
4027,BIKE_FRIENDLY_PEDESTRIAN_PATH,98.15097183,Forward
4028,SEPARATE_TRAIL,258.2458556,Forward
4029,SEPARATE_TRAIL,26.30621497,Forward
4030,SEPARATE_TRAIL,122.2333282,Forward
4031,SEPARATE_TRAIL,77.51167524,Forward
4032,SEPARATE_TRAIL,28.24521062,Forward
4033,SEPARATE_TRAIL,19.23118759,Forward
4034,BIKE_FRIENDLY_PEDESTRIAN_PATH,583.4635036,Bi-Directional
4035,BIKE_FRIENDLY_PEDESTRIAN_PATH,605.9405779,Bi-Directional
4036,BIKE_FRIENDLY_PEDESTRIAN_PATH,35.29976121,Bi-Directional
4037,BIKE_FRIENDLY_PEDESTRIAN_PATH,35.39855592,Bi-Directional
4038,BIKE_FRIENDLY_PEDESTRIAN_PATH,78.8950656,Bi-Directional
4039,BIKE_FRIENDLY_PEDESTRIAN_PATH,18.1637864,Bi-Directional
4040,BIKE_FRIENDLY_PEDESTRIAN_PATH,241.8565833,Bi-Directional
4041,BIKE_FRIENDLY_PEDESTRIAN_PATH,197.8097634,Bi-Directional
4042,BIKE_FRIENDLY_PEDESTRIAN_PATH,61.20406676,Bi-Directional
4043,BIKE_FRIENDLY_PEDESTRIAN_PATH,56.26036931,Bi-Directional
4044,BIKE_FRIENDLY_PEDESTRIAN_PATH,208.565814,Bi-Directional
4045,BIKE_FRIENDLY_PEDESTRIAN_PATH,29.97184744,Forward
4046,BIKE_FRIENDLY_PEDESTRIAN_PATH,388.7905438,Bi-Directional
4047,BIKE_FRIENDLY_PEDESTRIAN_PATH,145.1545496,Bi-Directional
4048,BIKE_FRIENDLY_PEDESTRIAN_PATH,315.1782031,Bi-Directional
4049,BIKE_FRIENDLY_PEDESTRIAN_PATH,370.9994092,Forward
4050,BIKE_FRIENDLY_PEDESTRIAN_PATH,40.15995011,Forward
4051,BIKE_FRIENDLY_PEDESTRIAN_PATH,16.47641858,Bi-Directional
4052,BIKE_FRIENDLY_PEDESTRIAN_PATH,354.6252548,Forward
4053,BIKE_FRIENDLY_PEDESTRIAN_PATH,145.8224947,Forward
4054,SEPARATE_TRAIL,896.2034683,Forward
4055,BIKE_LANE,280.6743794,Forward
4056,BIKE_FRIENDLY_PEDESTRIAN_PATH,621.5655682,Bi-Directional
4057,BIKE_FRIENDLY_PEDESTRIAN_PATH,12.42711261,Bi-Directional
4058,NON_TRAFFIC_TRAIL,285.5172177,Bi-Directional
4059,BIKE_FRIENDLY_PEDESTRIAN_PATH,577.1582833,Forward
4060,BIKE_FRIENDLY_PEDESTRIAN_PATH,141.7671696,Forward
4061,BIKE_FRIENDLY_PEDESTRIAN_PATH,898.0715938,Forward
4062,BIKE_FRIENDLY_PEDESTRIAN_PATH,426.0176257,Forward
4063,BIKE_FRIENDLY_PEDESTRIAN_PATH,200.0496009,Forward
4064,BIKE_FRIENDLY_PEDESTRIAN_PATH,192.5273099,Forward
4065,BIKE_FRIENDLY_PEDESTRIAN_PATH,528.2083903,Forward
4066,BIKE_FRIENDLY_PEDESTRIAN_PATH,98.85561283,Forward
4067,BIKE_FRIENDLY_PEDESTRIAN_PATH,207.9516342,Forward
4068,SEPARATE_TRAIL,148.3994641,Bi-Directional
4069,BIKE_FRIENDLY_PEDESTRIAN_PATH,775.9223976,Forward
4070,NON_TRAFFIC_TRAIL,615.2672668,Bi-Directional
4071,NON_TRAFFIC_TRAIL,49.84579804,Bi-Directional
4072,NON_TRAFFIC_TRAIL,262.5869302,Bi-Directional
4073,NON_TRAFFIC_TRAIL,148.9099485,Bi-Directional
4074,BIKE_FRIENDLY_PEDESTRIAN_PATH,145.7514823,Bi-Directional
4075,BIKE_FRIENDLY_PEDESTRIAN_PATH,4.567170618,Forward
4076,BIKE_FRIENDLY_PEDESTRIAN_PATH,11.57502488,Forward
4077,BIKE_FRIENDLY_PEDESTRIAN_PATH,321.0580226,Forward
4078,BIKE_FRIENDLY_PEDESTRIAN_PATH,263.9786886,Forward
4079,BIKE_FRIENDLY_PEDESTRIAN_PATH,248.0662519,Forward
4080,BIKE_FRIENDLY_PEDESTRIAN_PATH,308.1827229,Forward
4081,BIKE_FRIENDLY_PEDESTRIAN_PATH,21.65106807,Bi-Directional
4082,BIKE_FRIENDLY_PEDESTRIAN_PATH,21.94545132,Bi-Directional
4083,BIKE_LANE,197.9025522,Forward
4084,BIKE_FRIENDLY_PEDESTRIAN_PATH,192.4869024,Forward
4085,BIKE_FRIENDLY_PEDESTRIAN_PATH,58.03607728,Forward
4086,BIKE_FRIENDLY_PEDESTRIAN_PATH,397.8065642,Bi-Directional
4087,BIKE_FRIENDLY_PEDESTRIAN_PATH,42.7393991,Bi-Directional
4088,BIKE_FRIENDLY_PEDESTRIAN_PATH,185.1943911,Bi-Directional
4089,BIKE_FRIENDLY_PEDESTRIAN_PATH,234.987308,Forward
4090,BIKE_FRIENDLY_PEDESTRIAN_PATH,259.0060242,Forward
4091,BIKE_FRIENDLY_PEDESTRIAN_PATH,53.25494891,Forward
4092,BIKE_FRIENDLY_PEDESTRIAN_PATH,165.6119882,Bi-Directional
4093,BIKE_FRIENDLY_PEDESTRIAN_PATH,1120.365597,Bi-Directional
4094,SEPARATE_TRAIL,610.5158545,Forward
4095,BIKE_FRIENDLY_PEDESTRIAN_PATH,266.390022,Bi-Directional
4096,BIKE_LANE,739.1707061,Forward
4097,BIKE_LANE,55.53844928,Forward
4098,BIKE_LANE,90.19476601,Forward
4099,BIKE_FRIENDLY_PEDESTRIAN_PATH,163.73205,Forward
4100,BIKE_FRIENDLY_PEDESTRIAN_PATH,61.27566213,Bi-Directional
4101,NON_TRAFFIC_TRAIL,17.78083967,Bi-Directional
4102,NON_TRAFFIC_TRAIL,24.7854658,Bi-Directional
4103,BIKE_LANE,59.84809331,Forward
4104,BIKE_LANE,59.90403027,Forward
4105,SEPARATE_TRAIL,191.0869085,Forward
4106,SEPARATE_TRAIL,10.07530392,Forward
4107,BIKE_FRIENDLY_PEDESTRIAN_PATH,97.78641663,Forward
4108,BIKE_LANE,45.97771345,Forward
4109,BIKE_LANE,66.55907684,Forward
4110,BIKE_LANE,63.83903978,Forward
4111,BIKE_FRIENDLY_PEDESTRIAN_PATH,212.3017115,Forward
4112,BIKE_LANE,1083.273154,Forward
4113,BIKE_LANE,932.4219888,Forward
4114,SEPARATE_TRAIL,793.1423264,Forward
4115,BIKE_LANE,982.9517783,Forward
4116,SEPARATE_TRAIL,563.3084613,Forward
4117,BIKE_LANE,221.4896375,Forward
4118,SEPARATE_TRAIL,481.0018182,Forward
4119,SEPARATE_TRAIL,593.8844291,Forward
4120,BIKE_LANE,37.20050516,Forward
4121,BIKE_LANE,156.6929448,Forward
4122,BIKE_LANE,47.45403929,Forward
4123,BIKE_LANE,142.5736125,Forward
4124,SEPARATE_TRAIL,1568.230188,Forward
4125,BIKE_LANE,255.9710531,Forward
4126,SEPARATE_TRAIL,403.153194,Forward
4127,SEPARATE_TRAIL,78.60034783,Forward
4128,SEPARATE_TRAIL,645.8148816,Forward
4129,SEPARATE_TRAIL,356.2757045,Forward
4130,SEPARATE_TRAIL,380.6487719,Forward
4131,BIKE_FRIENDLY_PEDESTRIAN_PATH,174.5308943,Bi-Directional
4132,NON_TRAFFIC_TRAIL,12.92460129,Bi-Directional
4133,NON_TRAFFIC_TRAIL,312.0258347,Bi-Directional
4134,NON_TRAFFIC_TRAIL,84.83231742,Bi-Directional
4135,SEPARATE_TRAIL,954.126657,Forward
4136,SEPARATE_TRAIL,861.3837415,Forward
4137,BIKE_LANE,78.65332668,Forward
4138,BIKE_LANE,81.24179777,Forward
4139,BIKE_LANE,129.5908522,Forward
4140,BIKE_LANE,11.52399116,Forward
4141,BIKE_LANE,22.80262678,Forward
4142,NON_TRAFFIC_TRAIL,271.1125447,Bi-Directional
4143,NON_TRAFFIC_TRAIL,68.49078849,Bi-Directional
4144,NON_TRAFFIC_TRAIL,78.96274732,Bi-Directional
4145,NON_TRAFFIC_TRAIL,128.8271343,Bi-Directional
4146,SHARED_ROAD,262.5973281,Bi-Directional
4147,BIKE_FRIENDLY_PEDESTRIAN_PATH,60.28863587,Bi-Directional
4148,SEPARATE_TRAIL,203.2294074,Bi-Directional
4149,SEPARATE_TRAIL,34.75698347,Bi-Directional
4150,BIKE_LANE,22.27931048,Forward
4151,SEPARATE_TRAIL,145.2641595,Bi-Directional
4152,BIKE_FRIENDLY_PEDESTRIAN_PATH,780.733021,Bi-Directional
4153,SEPARATE_TRAIL,41.51887808,Forward
4154,SEPARATE_TRAIL,27.51888486,Forward
4155,BIKE_LANE,83.15230285,Forward
4156,BIKE_LANE,64.22922159,Forward
4157,SEPARATE_TRAIL,84.25241156,Forward
4158,BIKE_LANE,34.74226979,Forward
4159,SEPARATE_TRAIL,55.73107329,Forward
4160,BIKE_FRIENDLY_PEDESTRIAN_PATH,36.11702762,Bi-Directional
4161,BIKE_FRIENDLY_PEDESTRIAN_PATH,84.85006285,Bi-Directional
4162,BIKE_LANE,70.01198361,Forward
4163,BIKE_LANE,59.55526807,Forward
4164,BIKE_LANE,86.72450808,Forward
4165,BIKE_LANE,75.9416598,Forward
4166,BIKE_FRIENDLY_PEDESTRIAN_PATH,43.98249892,Bi-Directional
4167,BIKE_LANE,95.32828097,Forward
4168,BIKE_LANE,51.58252064,Forward
4169,BIKE_LANE,70.91446779,Forward
4170,SEPARATE_TRAIL,95.7146617,Forward
4171,BIKE_LANE,35.74644571,Forward
4172,SEPARATE_TRAIL,63.617355,Forward
4173,SEPARATE_TRAIL,52.19445811,Forward
4174,BIKE_LANE,77.77918165,Forward
4175,BIKE_LANE,83.1125938,Forward
4176,SEPARATE_TRAIL,44.0085445,Forward
4177,BIKE_LANE,23.18890754,Forward
4178,BIKE_LANE,159.0161495,Forward
4179,BIKE_LANE,117.165927,Forward
4180,BIKE_LANE,25.64614845,Forward
4181,BIKE_LANE,48.11001532,Forward
4182,BIKE_LANE,0.581709523,Forward
4183,SEPARATE_TRAIL,205.8791728,Forward
4184,BIKE_LANE,35.61016453,Forward
4185,BIKE_LANE,16.14272951,Forward
4186,SEPARATE_TRAIL,206.7160605,Forward
4187,SEPARATE_TRAIL,210.2558519,Forward
4188,BIKE_LANE,59.06795235,Forward
4189,BIKE_LANE,57.20076368,Forward
4190,SEPARATE_TRAIL,168.8958773,Forward
4191,SEPARATE_TRAIL,214.231555,Forward
4192,SEPARATE_TRAIL,109.2636809,Forward
4193,SEPARATE_TRAIL,150.4775514,Forward
4194,SEPARATE_TRAIL,109.422162,Forward
4195,SEPARATE_TRAIL,113.1107387,Forward
4196,SEPARATE_TRAIL,101.3976099,Forward
4197,SEPARATE_TRAIL,77.28000193,Forward
4198,SEPARATE_TRAIL,55.27133944,Bi-Directional
4199,NON_TRAFFIC_TRAIL,272.6158413,Bi-Directional
4200,BIKE_FRIENDLY_PEDESTRIAN_PATH,762.2917355,Forward
4201,BIKE_FRIENDLY_PEDESTRIAN_PATH,442.4435368,Forward
4202,BIKE_FRIENDLY_PEDESTRIAN_PATH,907.6913579,Forward
4203,BIKE_FRIENDLY_PEDESTRIAN_PATH,63.24794267,Bi-Directional
4204,BIKE_LANE,110.9006669,Forward
4205,BIKE_LANE,65.80755629,Forward
4206,BIKE_LANE,55.01675589,Forward
4207,BIKE_LANE,153.0231415,Forward
4208,SEPARATE_TRAIL,425.6578593,Forward
4209,BIKE_LANE,54.55260101,Forward
4210,SEPARATE_TRAIL,400.5343601,Forward
4211,BIKE_LANE,59.5592912,Forward
4212,BIKE_FRIENDLY_PEDESTRIAN_PATH,485.9951637,Bi-Directional
4213,BIKE_LANE,52.28768878,Forward
4214,BIKE_LANE,53.48701953,Forward
4215,BIKE_FRIENDLY_PEDESTRIAN_PATH,1588.822672,Bi-Directional
4216,BIKE_FRIENDLY_PEDESTRIAN_PATH,248.3588585,Bi-Directional
4217,BIKE_FRIENDLY_PEDESTRIAN_PATH,230.2288111,Bi-Directional
4218,BIKE_LANE,162.4984057,Forward
4219,BIKE_FRIENDLY_PEDESTRIAN_PATH,596.5026031,Bi-Directional
4220,SEPARATE_TRAIL,256.2750251,Forward
4221,BIKE_FRIENDLY_PEDESTRIAN_PATH,204.8845758,Bi-Directional
4222,SEPARATE_TRAIL,147.5534317,Forward
4223,SEPARATE_TRAIL,943.6237111,Forward
4224,SEPARATE_TRAIL,499.4066536,Forward
4225,BIKE_LANE,43.40857217,Forward
4226,SEPARATE_TRAIL,712.7976599,Forward
4227,BIKE_LANE,13.23764714,Forward
4228,BIKE_LANE,12.49728617,Forward
4229,BIKE_LANE,7.20811027,Forward
4230,BIKE_LANE,7.739917122,Forward
4231,BIKE_LANE,41.68981754,Forward
4232,BIKE_LANE,39.57168277,Forward
4233,BIKE_LANE,28.26611086,Forward
4234,BIKE_LANE,16.74654783,Forward
4235,BIKE_LANE,53.671129,Forward
4236,BIKE_LANE,21.67183711,Forward
4237,BIKE_LANE,22.86497319,Forward
4238,BIKE_LANE,46.28294849,Forward
4239,BIKE_LANE,18.8261604,Forward
4240,BIKE_LANE,13.75185705,Forward
4241,BIKE_LANE,47.31014946,Forward
4242,BIKE_LANE,20.60114267,Forward
4243,BIKE_LANE,20.54687211,Forward
4244,BIKE_LANE,13.70255701,Forward
4245,BIKE_LANE,14.35524853,Forward
4246,BIKE_LANE,13.96136404,Forward
4247,BIKE_LANE,70.99338187,Forward
4248,SEPARATE_TRAIL,228.9446844,Forward
4249,SEPARATE_TRAIL,244.3922346,Forward
4250,BIKE_LANE,57.49705409,Forward
4251,BIKE_FRIENDLY_PEDESTRIAN_PATH,25.31033145,Forward
4252,BIKE_LANE,11.72798359,Forward
4253,SEPARATE_TRAIL,251.5482237,Bi-Directional
4254,BIKE_FRIENDLY_PEDESTRIAN_PATH,211.9737718,Bi-Directional
4255,BIKE_FRIENDLY_PEDESTRIAN_PATH,40.77808477,Forward
4256,SEPARATE_TRAIL,782.1163389,Forward
4257,SHARED_ROAD,1083.43668,Bi-Directional
4258,CYCLE_LANE,44.19982538,Forward
4259,SHARED_ROAD,365.562131,Bi-Directional
4260,NON_TRAFFIC_TRAIL,1301.486725,Bi-Directional
4261,NON_TRAFFIC_TRAIL,164.7118805,Bi-Directional
4262,NON_TRAFFIC_TRAIL,576.0965341,Bi-Directional
4263,SHARED_ROAD,698.6058518,Bi-Directional
4264,SHARED_ROAD,620.5726464,Bi-Directional
4265,BIKE_LANE,496.7341457,Forward
4266,BIKE_LANE,496.6201792,Forward
4267,SEPARATE_TRAIL,321.2925933,Bi-Directional
4268,SEPARATE_TRAIL,118.3754577,Bi-Directional
4269,SEPARATE_TRAIL,8.197301177,Bi-Directional
4270,SEPARATE_TRAIL,155.5168411,Bi-Directional
4271,BIKE_LANE,23.77582492,Forward
4272,SEPARATE_TRAIL,872.9464217,Bi-Directional
4273,SHARED_ROAD,446.6827254,Bi-Directional
4274,BIKE_LANE,235.2267922,Forward
4275,SHARED_ROAD,898.2235131,Bi-Directional
4276,BIKE_LANE,50.51187732,Forward
4277,NON_TRAFFIC_TRAIL,50.64855187,Bi-Directional
4278,SHARED_ROAD,495.8985343,Bi-Directional
4279,SHARED_ROAD,568.591263,Bi-Directional
4280,SHARED_ROAD,241.5752279,Bi-Directional
4281,SEPARATE_TRAIL,175.4885194,Forward
4282,SEPARATE_TRAIL,1286.415481,Forward
4283,SEPARATE_TRAIL,1311.913282,Forward
4284,BIKE_FRIENDLY_PEDESTRIAN_PATH,15.66559677,Bi-Directional
4285,SEPARATE_TRAIL,128.9544755,Forward
4286,SEPARATE_TRAIL,23.87138469,Forward
4287,SEPARATE_TRAIL,128.4219222,Forward
4288,SEPARATE_TRAIL,4.51520421,Forward
4289,BIKE_FRIENDLY_PEDESTRIAN_PATH,167.6758136,Forward
4290,BIKE_FRIENDLY_PEDESTRIAN_PATH,175.6175291,Forward
4291,BIKE_FRIENDLY_PEDESTRIAN_PATH,340.5597733,Forward
4292,SHARED_ROAD,571.9199084,Bi-Directional
4293,SEPARATE_TRAIL,21.27595019,Forward
4294,NON_TRAFFIC_TRAIL,282.563007,Bi-Directional
4295,NON_TRAFFIC_TRAIL,482.4354358,Bi-Directional
4296,BIKE_FRIENDLY_PEDESTRIAN_PATH,100.8818311,Forward
4297,SEPARATE_TRAIL,9.714488956,Bi-Directional
4298,SHARED_ROAD,536.5635289,Bi-Directional
4299,SEPARATE_TRAIL,377.8094746,Bi-Directional
4300,SEPARATE_TRAIL,1289.062702,Bi-Directional
4301,SEPARATE_TRAIL,546.3359232,Bi-Directional
4302,SEPARATE_TRAIL,651.8354421,Bi-Directional
4303,SEPARATE_TRAIL,266.3285627,Bi-Directional
4304,SEPARATE_TRAIL,483.3922069,Bi-Directional
4305,NON_TRAFFIC_TRAIL,170.2593567,Bi-Directional
4306,NON_TRAFFIC_TRAIL,287.9585619,Bi-Directional
4307,NON_TRAFFIC_TRAIL,103.145031,Bi-Directional
4308,SEPARATE_TRAIL,5.716677556,Forward
4309,SHARED_ROAD,794.8261585,Bi-Directional
4310,SHARED_ROAD,1183.533555,Bi-Directional
4311,SHARED_ROAD,218.4920205,Bi-Directional
4312,NON_TRAFFIC_TRAIL,804.63459,Bi-Directional
4313,SEPARATE_TRAIL,377.5058236,Forward
4314,SEPARATE_TRAIL,864.4011217,Forward
4315,SEPARATE_TRAIL,315.4460782,Forward
4316,SEPARATE_TRAIL,490.5568275,Bi-Directional
4317,SEPARATE_TRAIL,521.6813564,Bi-Directional
4318,SEPARATE_TRAIL,833.8330965,Bi-Directional
4319,SEPARATE_TRAIL,384.9653658,Forward
4320,SEPARATE_TRAIL,377.8289458,Forward
4321,SEPARATE_TRAIL,123.3630931,Forward
4322,SEPARATE_TRAIL,61.60258306,Bi-Directional
4323,SEPARATE_TRAIL,2414.834835,Forward
4324,BIKE_LANE,158.8784591,Forward
4325,SEPARATE_TRAIL,2421.217673,Forward
4326,SEPARATE_TRAIL,1344.993058,Bi-Directional
4327,SEPARATE_TRAIL,1294.748183,Bi-Directional
4328,SEPARATE_TRAIL,471.6315322,Bi-Directional
4329,SEPARATE_TRAIL,13.99864525,Bi-Directional
4330,SEPARATE_TRAIL,4026.117372,Bi-Directional
4331,SEPARATE_TRAIL,2.249815444,Bi-Directional
4332,SEPARATE_TRAIL,101.417207,Forward
4333,SEPARATE_TRAIL,320.9260459,Bi-Directional
4334,SEPARATE_TRAIL,216.527214,Forward
4335,NON_TRAFFIC_TRAIL,516.3942381,Bi-Directional
4336,SEPARATE_TRAIL,133.2778473,Forward
4337,SEPARATE_TRAIL,15.44799866,Bi-Directional
4338,SEPARATE_TRAIL,842.1137384,Bi-Directional
4339,SEPARATE_TRAIL,432.7927894,Forward
4340,SEPARATE_TRAIL,623.0483354,Forward
4341,SEPARATE_TRAIL,226.4053043,Forward
4342,BIKE_LANE,9.652367802,Forward
4343,SEPARATE_TRAIL,428.7965969,Bi-Directional
4344,SEPARATE_TRAIL,12.04694338,Bi-Directional
4345,SEPARATE_TRAIL,461.8512089,Bi-Directional
4346,SEPARATE_TRAIL,200.0744971,Bi-Directional
4347,BIKE_LANE,73.82321126,Forward
4348,SEPARATE_TRAIL,733.8066983,Forward
4349,SEPARATE_TRAIL,714.4275416,Forward
4350,SEPARATE_TRAIL,52.34511596,Forward
4351,SEPARATE_TRAIL,912.8018603,Forward
4352,SEPARATE_TRAIL,900.1733928,Forward
4353,SEPARATE_TRAIL,658.4022073,Forward
4354,BIKE_FRIENDLY_PEDESTRIAN_PATH,303.6105265,Forward
4355,SEPARATE_TRAIL,553.2283787,Forward
4356,SEPARATE_TRAIL,651.3192846,Forward
4357,SEPARATE_TRAIL,9.430439255,Bi-Directional
4358,SEPARATE_TRAIL,280.9516751,Bi-Directional
4359,SEPARATE_TRAIL,21.77997245,Forward
4360,BIKE_FRIENDLY_PEDESTRIAN_PATH,393.9482686,Bi-Directional
4361,BIKE_FRIENDLY_PEDESTRIAN_PATH,257.8819823,Forward
4362,BIKE_FRIENDLY_PEDESTRIAN_PATH,242.8150421,Forward
4363,BIKE_FRIENDLY_PEDESTRIAN_PATH,15.24570564,Forward
4364,BIKE_FRIENDLY_PEDESTRIAN_PATH,145.1169142,Forward
4365,BIKE_FRIENDLY_PEDESTRIAN_PATH,64.51980026,Forward
4366,BIKE_FRIENDLY_PEDESTRIAN_PATH,31.88590406,Forward
4367,BIKE_FRIENDLY_PEDESTRIAN_PATH,136.3045331,Forward
4368,BIKE_FRIENDLY_PEDESTRIAN_PATH,29.54814062,Forward
4369,BIKE_FRIENDLY_PEDESTRIAN_PATH,39.82892873,Forward
4370,BIKE_FRIENDLY_PEDESTRIAN_PATH,244.375755,Forward
4371,BIKE_FRIENDLY_PEDESTRIAN_PATH,59.71697163,Forward
4372,BIKE_FRIENDLY_PEDESTRIAN_PATH,51.38062724,Forward
4373,BIKE_FRIENDLY_PEDESTRIAN_PATH,540.8486557,Forward
4374,BIKE_FRIENDLY_PEDESTRIAN_PATH,25.866941,Forward
4375,BIKE_FRIENDLY_PEDESTRIAN_PATH,33.4549378,Forward
4376,BIKE_FRIENDLY_PEDESTRIAN_PATH,12.30907974,Forward
4377,BIKE_FRIENDLY_PEDESTRIAN_PATH,547.247624,Forward
4378,BIKE_FRIENDLY_PEDESTRIAN_PATH,34.58095514,Bi-Directional
4379,BIKE_FRIENDLY_PEDESTRIAN_PATH,416.4956036,Forward
4380,BIKE_FRIENDLY_PEDESTRIAN_PATH,24.14676488,Bi-Directional
4381,BIKE_FRIENDLY_PEDESTRIAN_PATH,14.26472299,Bi-Directional
4382,BIKE_FRIENDLY_PEDESTRIAN_PATH,14.63247133,Bi-Directional
4383,BIKE_FRIENDLY_PEDESTRIAN_PATH,10.58962744,Bi-Directional
4384,BIKE_FRIENDLY_PEDESTRIAN_PATH,4.454217261,Bi-Directional
4385,BIKE_FRIENDLY_PEDESTRIAN_PATH,10.9209884,Bi-Directional
4386,BIKE_FRIENDLY_PEDESTRIAN_PATH,7.45211557,Bi-Directional
4387,BIKE_FRIENDLY_PEDESTRIAN_PATH,5.957407426,Bi-Directional
4388,BIKE_FRIENDLY_PEDESTRIAN_PATH,6.199143242,Bi-Directional
4389,BIKE_FRIENDLY_PEDESTRIAN_PATH,11.02284695,Bi-Directional
4390,BIKE_FRIENDLY_PEDESTRIAN_PATH,10.510032,Bi-Directional
4391,SEPARATE_TRAIL,529.4550518,Bi-Directional
4392,NON_TRAFFIC_TRAIL,457.2563644,Bi-Directional
4393,BIKE_FRIENDLY_PEDESTRIAN_PATH,52.11068836,Forward
4394,BIKE_LANE,56.01388316,Forward
4395,BIKE_LANE,46.76170249,Forward
4396,BIKE_LANE,14.49677629,Bi-Directional
4397,BIKE_LANE,11.30553044,Bi-Directional
4398,BIKE_LANE,30.72154153,Forward
4399,BIKE_LANE,0.223024326,Forward
4400,NON_TRAFFIC_TRAIL,0.697432784,Bi-Directional
4401,SEPARATE_TRAIL,159.4635908,Forward
4402,SEPARATE_TRAIL,139.1936524,Forward
4403,BIKE_FRIENDLY_PEDESTRIAN_PATH,10.71630392,Bi-Directional
4404,BIKE_FRIENDLY_PEDESTRIAN_PATH,12.77588698,Bi-Directional
4405,BIKE_FRIENDLY_PEDESTRIAN_PATH,13.04073187,Bi-Directional
4406,BIKE_FRIENDLY_PEDESTRIAN_PATH,10.91572717,Bi-Directional
4407,BIKE_FRIENDLY_PEDESTRIAN_PATH,291.6967199,Forward
4408,BIKE_FRIENDLY_PEDESTRIAN_PATH,39.61105585,Forward
4409,BIKE_LANE,44.92560938,Forward
